official_progress,mean_delta,median_delta,stddev,20260818T070904.964515Z-89553b85,20260818T071108.082912Z-eb0d8a30,20260818T071510.985769Z-50987091,20260818T071710.794473Z-4ce4acd1,20260818T072109.029370Z-4c725de0
0.0,0.0,0.0,0.0,0.0,0.0,0.0,0.0,0.0
2.0,0.010000000000001386,2.6645352591003757e-15,0.02236067977499802,0.0500000000000016,-8.881784197001252e-16,2.6645352591003757e-15,-8.881784197001252e-16,4.440892098500626e-15
4.0,0.010000000000001386,2.6645352591003757e-15,0.02236067977499802,0.0500000000000016,-8.881784197001252e-16,2.6645352591003757e-15,-8.881784197001252e-16,4.440892098500626e-15
6.0,0.010000000000001386,2.6645352591003757e-15,0.02236067977499802,0.0500000000000016,-8.881784197001252e-16,2.6645352591003757e-15,-8.881784197001252e-16,4.440892098500626e-15
8.0,0.010000000000001386,2.6645352591003757e-15,0.02236067977499802,0.0500000000000016,-8.881784197001252e-16,2.6645352591003757e-15,-8.881784197001252e-16,4.440892098500626e-15
10.0,0.010000000000001386,2.6645352591003757e-15,0.02236067977499802,0.0500000000000016,-8.881784197001252e-16,2.6645352591003757e-15,-8.881784197001252e-16,4.440892098500626e-15
12.0,1.2434497875801752e-15,8.881784197001252e-16,2.3160859559832576e-15,8.881784197001252e-16,-8.881784197001252e-16,2.6645352591003757e-15,-8.881784197001252e-16,4.440892098500626e-15
14.0,0.010000000000001386,2.6645352591003757e-15,0.02236067977499802,0.0500000000000016,-8.881784197001252e-16,2.6645352591003757e-15,-8.881784197001252e-16,4.440892098500626e-15
16.0,0.010000000000001386,2.6645352591003757e-15,0.02236067977499802,0.0500000000000016,-8.881784197001252e-16,2.6645352591003757e-15,-8.881784197001252e-16,4.440892098500626e-15
18.0,0.010000000000001386,2.6645352591003757e-15,0.02236067977499802,0.0500000000000016,-8.881784197001252e-16,2.6645352591003757e-15,-8.881784197001252e-16,4.440892098500626e-15
20.0,0.010000000000001386,2.6645352591003757e-15,0.02236067977499802,0.0500000000000016,-8.881784197001252e-16,2.6645352591003757e-15,-8.881784197001252e-16,4.440892098500626e-15
22.0,1.2434497875801752e-15,8.881784197001252e-16,2.3160859559832576e-15,8.881784197001252e-16,-8.881784197001252e-16,2.6645352591003757e-15,-8.881784197001252e-16,4.440892098500626e-15
24.0,0.010000000000001386,2.6645352591003757e-15,0.02236067977499802,0.0500000000000016,-8.881784197001252e-16,2.6645352591003757e-15,-8.881784197001252e-16,4.440892098500626e-15
26.0,0.010000000000001386,2.6645352591003757e-15,0.02236067977499802,0.0500000000000016,-8.881784197001252e-16,2.6645352591003757e-15,-8.881784197001252e-16,4.440892098500626e-15
28.0,0.010000000000001386,2.6645352591003757e-15,0.02236067977499802,0.0500000000000016,-8.881784197001252e-16,2.6645352591003757e-15,-8.881784197001252e-16,4.440892098500626e-15
30.0,0.010000000000001386,2.6645352591003757e-15,0.02236067977499802,0.0500000000000016,-8.881784197001252e-16,2.6645352591003757e-15,-8.881784197001252e-16,4.440892098500626e-15
32.0,0.010000000000001386,2.6645352591003757e-15,0.02236067977499802,0.0500000000000016,-8.881784197001252e-16,2.6645352591003757e-15,-8.881784197001252e-16,4.440892098500626e-15
34.0,0.010000000000001386,2.6645352591003757e-15,0.02236067977499802,0.0500000000000016,-8.881784197001252e-16,2.6645352591003757e-15,-8.881784197001252e-16,4.440892098500626e-15
36.0,0.010000000000001386,2.6645352591003757e-15,0.02236067977499802,0.0500000000000016,-8.881784197001252e-16,2.6645352591003757e-15,-8.881784197001252e-16,4.440892098500626e-15
38.0,0.010000000000001386,2.6645352591003757e-15,0.02236067977499802,0.0500000000000016,-8.881784197001252e-16,2.6645352591003757e-15,-8.881784197001252e-16,4.440892098500626e-15
40.0,0.010000000000001386,2.6645352591003757e-15,0.02236067977499802,0.0500000000000016,-8.881784197001252e-16,2.6645352591003757e-15,-8.881784197001252e-16,4.440892098500626e-15
42.0,0.010000000000001386,2.6645352591003757e-15,0.02236067977499802,0.0500000000000016,-8.881784197001252e-16,2.6645352591003757e-15,-8.881784197001252e-16,4.440892098500626e-15
44.0,0.010000000000002274,3.552713678800501e-15,0.02236067977499802,0.05000000000000249,0.0,3.552713678800501e-15,0.0,5.329070518200751e-15
46.0,0.010000000000002274,3.552713678800501e-15,0.02236067977499802,0.05000000000000249,0.0,3.552713678800501e-15,0.0,5.329070518200751e-15
48.0,0.010000000000002274,3.552713678800501e-15,0.02236067977499802,0.05000000000000249,0.0,3.552713678800501e-15,0.0,5.329070518200751e-15
50.0,0.010000000000002274,3.552713678800501e-15,0.02236067977499802,0.05000000000000249,0.0,3.552713678800501e-15,0.0,5.329070518200751e-15
52.0,0.010000000000002274,3.552713678800501e-15,0.02236067977499802,0.05000000000000249,0.0,3.552713678800501e-15,0.0,5.329070518200751e-15
54.0,0.010000000000002274,3.552713678800501e-15,0.02236067977499802,0.05000000000000249,0.0,3.552713678800501e-15,0.0,5.329070518200751e-15
56.0,0.010000000000002274,3.552713678800501e-15,0.02236067977499802,0.05000000000000249,0.0,3.552713678800501e-15,0.0,5.329070518200751e-15
58.0,0.010000000000002274,3.552713678800501e-15,0.02236067977499802,0.05000000000000249,0.0,3.552713678800501e-15,0.0,5.329070518200751e-15
60.0,2.1316282072803005e-15,1.7763568394002505e-15,2.3160859559832576e-15,1.7763568394002505e-15,0.0,3.552713678800501e-15,0.0,5.329070518200751e-15
62.0,0.010000000000002274,3.552713678800501e-15,0.02236067977499802,0.05000000000000249,0.0,3.552713678800501e-15,0.0,5.329070518200751e-15
64.0,2.1316282072803005e-15,1.7763568394002505e-15,2.3160859559832576e-15,1.7763568394002505e-15,0.0,3.552713678800501e-15,0.0,5.329070518200751e-15
66.0,0.010000000000002274,3.552713678800501e-15,0.02236067977499802,0.05000000000000249,0.0,3.552713678800501e-15,0.0,5.329070518200751e-15
68.0,0.010000000000002274,3.552713678800501e-15,0.02236067977499802,0.05000000000000249,0.0,3.552713678800501e-15,0.0,5.329070518200751e-15
70.0,0.010000000000002274,3.552713678800501e-15,0.02236067977499802,0.05000000000000249,0.0,3.552713678800501e-15,0.0,5.329070518200751e-15
72.0,0.010000000000002274,3.552713678800501e-15,0.02236067977499802,0.05000000000000249,0.0,3.552713678800501e-15,0.0,5.329070518200751e-15
74.0,2.1316282072803005e-15,1.7763568394002505e-15,2.3160859559832576e-15,1.7763568394002505e-15,0.0,3.552713678800501e-15,0.0,5.329070518200751e-15
76.0,0.010000000000002274,3.552713678800501e-15,0.02236067977499802,0.05000000000000249,0.0,3.552713678800501e-15,0.0,5.329070518200751e-15
78.0,0.010000000000002274,3.552713678800501e-15,0.02236067977499802,0.05000000000000249,0.0,3.552713678800501e-15,0.0,5.329070518200751e-15
80.0,0.010000000000002274,3.552713678800501e-15,0.02236067977499802,0.05000000000000249,0.0,3.552713678800501e-15,0.0,5.329070518200751e-15
82.0,0.010000000000002274,3.552713678800501e-15,0.02236067977499802,0.05000000000000249,0.0,3.552713678800501e-15,0.0,5.329070518200751e-15
84.0,2.1316282072803005e-15,1.7763568394002505e-15,2.3160859559832576e-15,1.7763568394002505e-15,0.0,3.552713678800501e-15,0.0,5.329070518200751e-15
86.0,0.010000000000002274,3.552713678800501e-15,0.02236067977499802,0.05000000000000249,0.0,3.552713678800501e-15,0.0,5.329070518200751e-15
88.0,0.010000000000002274,3.552713678800501e-15,0.02236067977499802,0.05000000000000249,0.0,3.552713678800501e-15,0.0,5.329070518200751e-15
90.0,0.010000000000002274,3.552713678800501e-15,0.02236067977499802,0.05000000000000249,0.0,3.552713678800501e-15,0.0,5.329070518200751e-15
92.0,0.010000000000002274,3.552713678800501e-15,0.02236067977499802,0.05000000000000249,0.0,3.552713678800501e-15,0.0,5.329070518200751e-15
94.0,0.010000000000002274,3.552713678800501e-15,0.02236067977499802,0.05000000000000249,0.0,3.552713678800501e-15,0.0,5.329070518200751e-15
96.0,0.010000000000001919,3.552713678800501e-15,0.022360679774998216,0.05000000000000249,0.0,3.552713678800501e-15,0.0,3.552713678800501e-15
98.0,1.7763568394002505e-15,1.7763568394002505e-15,1.7763568394002505e-15,1.7763568394002505e-15,0.0,3.552713678800501e-15,0.0,3.552713678800501e-15
100.0,0.010000000000001563,3.552713678800501e-15,0.02236067977499742,0.05000000000000071,0.0,3.552713678800501e-15,0.0,3.552713678800501e-15
102.0,0.010000000000001563,3.552713678800501e-15,0.02236067977499742,0.05000000000000071,0.0,3.552713678800501e-15,0.0,3.552713678800501e-15
104.0,0.010000000000001563,3.552713678800501e-15,0.02236067977499742,0.05000000000000071,0.0,3.552713678800501e-15,0.0,3.552713678800501e-15
106.0,0.010000000000001563,3.552713678800501e-15,0.02236067977499742,0.05000000000000071,0.0,3.552713678800501e-15,0.0,3.552713678800501e-15
108.0,0.010000000000001563,3.552713678800501e-15,0.02236067977499742,0.05000000000000071,0.0,3.552713678800501e-15,0.0,3.552713678800501e-15
110.0,0.010000000000001563,3.552713678800501e-15,0.02236067977499742,0.05000000000000071,0.0,3.552713678800501e-15,0.0,3.552713678800501e-15
112.0,0.010000000000001563,3.552713678800501e-15,0.02236067977499742,0.05000000000000071,0.0,3.552713678800501e-15,0.0,3.552713678800501e-15
114.0,0.010000000000001563,3.552713678800501e-15,0.02236067977499742,0.05000000000000071,0.0,3.552713678800501e-15,0.0,3.552713678800501e-15
116.0,0.010000000000001563,3.552713678800501e-15,0.02236067977499742,0.05000000000000071,0.0,3.552713678800501e-15,0.0,3.552713678800501e-15
118.0,1.4210854715202005e-15,0.0,1.945901422236198e-15,0.0,0.0,3.552713678800501e-15,0.0,3.552713678800501e-15
120.0,1.4210854715202005e-15,0.0,1.945901422236198e-15,0.0,0.0,3.552713678800501e-15,0.0,3.552713678800501e-15
122.0,1.4210854715202005e-15,0.0,1.945901422236198e-15,0.0,0.0,3.552713678800501e-15,0.0,3.552713678800501e-15
124.0,0.010000000000001563,3.552713678800501e-15,0.02236067977499742,0.05000000000000071,0.0,3.552713678800501e-15,0.0,3.552713678800501e-15
126.0,0.010000000000001563,3.552713678800501e-15,0.02236067977499742,0.05000000000000071,0.0,3.552713678800501e-15,0.0,3.552713678800501e-15
128.0,0.010000000000001563,3.552713678800501e-15,0.02236067977499742,0.05000000000000071,0.0,3.552713678800501e-15,0.0,3.552713678800501e-15
130.0,0.010000000000001563,3.552713678800501e-15,0.02236067977499742,0.05000000000000071,0.0,3.552713678800501e-15,0.0,3.552713678800501e-15
132.0,0.010000000000001563,3.552713678800501e-15,0.02236067977499742,0.05000000000000071,0.0,3.552713678800501e-15,0.0,3.552713678800501e-15
134.0,0.010000000000001563,3.552713678800501e-15,0.02236067977499742,0.05000000000000071,0.0,3.552713678800501e-15,0.0,3.552713678800501e-15
136.0,0.010000000000001563,3.552713678800501e-15,0.02236067977499742,0.05000000000000071,0.0,3.552713678800501e-15,0.0,3.552713678800501e-15
138.0,0.010000000000001563,3.552713678800501e-15,0.02236067977499742,0.05000000000000071,0.0,3.552713678800501e-15,0.0,3.552713678800501e-15
140.0,0.005000000000001492,3.552713678800501e-15,0.011180339887498312,0.025000000000000355,0.0,3.552713678800501e-15,0.0,3.552713678800501e-15
142.0,0.005000000000001492,3.552713678800501e-15,0.011180339887498312,0.025000000000000355,0.0,3.552713678800501e-15,0.0,3.552713678800501e-15
144.0,0.010000000000001563,3.552713678800501e-15,0.02236067977499742,0.05000000000000071,0.0,3.552713678800501e-15,0.0,3.552713678800501e-15
146.0,0.010000000000001563,3.552713678800501e-15,0.02236067977499742,0.05000000000000071,0.0,3.552713678800501e-15,0.0,3.552713678800501e-15
148.0,0.005000000000001492,3.552713678800501e-15,0.011180339887498312,0.025000000000000355,0.0,3.552713678800501e-15,0.0,3.552713678800501e-15
150.0,0.005000000000001492,3.552713678800501e-15,0.011180339887498312,0.025000000000000355,0.0,3.552713678800501e-15,0.0,3.552713678800501e-15
152.0,0.010000000000001563,3.552713678800501e-15,0.02236067977499742,0.05000000000000071,0.0,3.552713678800501e-15,0.0,3.552713678800501e-15
154.0,0.010000000000001563,3.552713678800501e-15,0.02236067977499742,0.05000000000000071,0.0,3.552713678800501e-15,0.0,3.552713678800501e-15
156.0,0.005000000000001492,3.552713678800501e-15,0.011180339887498312,0.025000000000000355,0.0,3.552713678800501e-15,0.0,3.552713678800501e-15
158.0,0.005000000000001492,3.552713678800501e-15,0.011180339887498312,0.025000000000000355,0.0,3.552713678800501e-15,0.0,3.552713678800501e-15
160.0,0.010000000000001563,3.552713678800501e-15,0.02236067977499742,0.05000000000000071,0.0,3.552713678800501e-15,0.0,3.552713678800501e-15
162.0,0.010000000000001563,3.552713678800501e-15,0.02236067977499742,0.05000000000000071,0.0,3.552713678800501e-15,0.0,3.552713678800501e-15
164.0,0.005000000000001492,3.552713678800501e-15,0.011180339887498312,0.025000000000000355,0.0,3.552713678800501e-15,0.0,3.552713678800501e-15
166.0,0.005000000000001492,3.552713678800501e-15,0.011180339887498312,0.025000000000000355,0.0,3.552713678800501e-15,0.0,3.552713678800501e-15
168.0,0.010000000000001563,3.552713678800501e-15,0.02236067977499742,0.05000000000000071,0.0,3.552713678800501e-15,0.0,3.552713678800501e-15
170.0,0.010000000000001563,3.552713678800501e-15,0.02236067977499742,0.05000000000000071,0.0,3.552713678800501e-15,0.0,3.552713678800501e-15
172.0,0.010000000000001563,3.552713678800501e-15,0.02236067977499742,0.05000000000000071,0.0,3.552713678800501e-15,0.0,3.552713678800501e-15
174.0,0.005000000000001492,3.552713678800501e-15,0.011180339887498312,0.025000000000000355,0.0,3.552713678800501e-15,0.0,3.552713678800501e-15
176.0,0.010000000000001563,3.552713678800501e-15,0.02236067977499742,0.05000000000000071,0.0,3.552713678800501e-15,0.0,3.552713678800501e-15
178.0,0.010000000000001563,3.552713678800501e-15,0.02236067977499742,0.05000000000000071,0.0,3.552713678800501e-15,0.0,3.552713678800501e-15
180.0,0.005000000000001492,3.552713678800501e-15,0.011180339887498312,0.025000000000000355,0.0,3.552713678800501e-15,0.0,3.552713678800501e-15
182.0,0.010000000000001563,3.552713678800501e-15,0.02236067977499742,0.05000000000000071,0.0,3.552713678800501e-15,0.0,3.552713678800501e-15
184.0,0.005000000000001492,3.552713678800501e-15,0.011180339887498312,0.025000000000000355,0.0,3.552713678800501e-15,0.0,3.552713678800501e-15
186.0,0.010000000000001563,3.552713678800501e-15,0.02236067977499742,0.05000000000000071,0.0,3.552713678800501e-15,0.0,3.552713678800501e-15
188.0,0.010000000000001563,3.552713678800501e-15,0.02236067977499742,0.05000000000000071,0.0,3.552713678800501e-15,0.0,3.552713678800501e-15
190.0,0.010000000000001563,3.552713678800501e-15,0.02236067977499742,0.05000000000000071,0.0,3.552713678800501e-15,0.0,3.552713678800501e-15
192.0,0.005000000000001492,3.552713678800501e-15,0.011180339887498312,0.025000000000000355,0.0,3.552713678800501e-15,0.0,3.552713678800501e-15
194.0,0.010000000000001563,3.552713678800501e-15,0.02236067977499742,0.05000000000000071,0.0,3.552713678800501e-15,0.0,3.552713678800501e-15
196.0,0.010000000000001563,3.552713678800501e-15,0.02236067977499742,0.05000000000000071,0.0,3.552713678800501e-15,0.0,3.552713678800501e-15
198.0,0.005000000000001492,3.552713678800501e-15,0.011180339887498312,0.025000000000000355,0.0,3.552713678800501e-15,0.0,3.552713678800501e-15
200.0,0.010000000000001563,3.552713678800501e-15,0.02236067977499742,0.05000000000000071,0.0,3.552713678800501e-15,0.0,3.552713678800501e-15
202.0,0.005000000000001492,3.552713678800501e-15,0.011180339887498312,0.025000000000000355,0.0,3.552713678800501e-15,0.0,3.552713678800501e-15
204.0,0.005000000000001492,3.552713678800501e-15,0.011180339887498312,0.025000000000000355,0.0,3.552713678800501e-15,0.0,3.552713678800501e-15
206.0,0.010000000000001563,3.552713678800501e-15,0.02236067977499742,0.05000000000000071,0.0,3.552713678800501e-15,0.0,3.552713678800501e-15
208.0,0.005000000000001848,3.552713678800501e-15,0.011180339887499108,0.02500000000000213,0.0,3.552713678800501e-15,0.0,3.552713678800501e-15
210.0,0.010000000000001563,3.552713678800501e-15,0.02236067977499742,0.05000000000000071,0.0,3.552713678800501e-15,0.0,3.552713678800501e-15
212.0,0.010000000000001563,3.552713678800501e-15,0.02236067977499742,0.05000000000000071,0.0,3.552713678800501e-15,0.0,3.552713678800501e-15
214.0,0.004999999999999716,0.0,0.011180339887498312,0.02499999999999858,0.0,0.0,0.0,0.0
216.0,0.010000000000001563,3.552713678800501e-15,0.02236067977499742,0.05000000000000071,0.0,3.552713678800501e-15,0.0,3.552713678800501e-15
218.0,0.005000000000003268,7.105427357601002e-15,0.011180339887498314,0.02500000000000213,0.0,7.105427357601002e-15,0.0,7.105427357601002e-15
220.0,0.010000000000001563,3.552713678800501e-15,0.02236067977499742,0.05000000000000071,0.0,3.552713678800501e-15,0.0,3.552713678800501e-15
222.0,0.004999999999999716,0.0,0.011180339887498312,0.02499999999999858,0.0,0.0,0.0,0.0
224.0,0.010000000000001563,3.552713678800501e-15,0.02236067977499742,0.05000000000000071,0.0,3.552713678800501e-15,0.0,3.552713678800501e-15
226.0,0.005000000000003268,7.105427357601002e-15,0.011180339887498314,0.02500000000000213,0.0,7.105427357601002e-15,0.0,7.105427357601002e-15
228.0,0.010000000000001563,3.552713678800501e-15,0.02236067977499742,0.05000000000000071,0.0,3.552713678800501e-15,0.0,3.552713678800501e-15
230.0,0.005000000000001137,3.552713678800501e-15,0.011180339887497519,0.02499999999999858,0.0,3.552713678800501e-15,0.0,3.552713678800501e-15
232.0,0.010000000000001563,3.552713678800501e-15,0.02236067977499742,0.05000000000000071,0.0,3.552713678800501e-15,0.0,3.552713678800501e-15
234.0,0.005000000000001848,3.552713678800501e-15,0.011180339887499108,0.02500000000000213,0.0,3.552713678800501e-15,0.0,3.552713678800501e-15
236.0,0.010000000000001563,3.552713678800501e-15,0.02236067977499742,0.05000000000000071,0.0,3.552713678800501e-15,0.0,3.552713678800501e-15
238.0,0.010000000000001563,3.552713678800501e-15,0.02236067977499742,0.05000000000000071,0.0,3.552713678800501e-15,0.0,3.552713678800501e-15
240.0,0.005000000000001137,3.552713678800501e-15,0.011180339887497519,0.02499999999999858,0.0,3.552713678800501e-15,0.0,3.552713678800501e-15
242.0,0.010000000000001563,3.552713678800501e-15,0.02236067977499742,0.05000000000000071,0.0,3.552713678800501e-15,0.0,3.552713678800501e-15
244.0,0.010000000000003695,7.105427357601002e-15,0.022360679774998216,0.05000000000000426,0.0,7.105427357601002e-15,0.0,7.105427357601002e-15
246.0,0.009999999999999431,0.0,0.022360679774996624,0.04999999999999716,0.0,0.0,0.0,0.0
248.0,0.010000000000001563,3.552713678800501e-15,0.02236067977499742,0.05000000000000071,0.0,3.552713678800501e-15,0.0,3.552713678800501e-15
250.0,0.005000000000003268,7.105427357601002e-15,0.011180339887498314,0.02500000000000213,0.0,7.105427357601002e-15,0.0,7.105427357601002e-15
252.0,0.010000000000001563,3.552713678800501e-15,0.02236067977499742,0.05000000000000071,0.0,3.552713678800501e-15,0.0,3.552713678800501e-15
254.0,0.010000000000001563,3.552713678800501e-15,0.02236067977499742,0.05000000000000071,0.0,3.552713678800501e-15,0.0,3.552713678800501e-15
256.0,0.010000000000001563,3.552713678800501e-15,0.02236067977499742,0.05000000000000071,0.0,3.552713678800501e-15,0.0,3.552713678800501e-15
258.0,0.010000000000001563,3.552713678800501e-15,0.02236067977499742,0.05000000000000071,0.0,3.552713678800501e-15,0.0,3.552713678800501e-15
260.0,0.010000000000001563,3.552713678800501e-15,0.02236067977499742,0.05000000000000071,0.0,3.552713678800501e-15,0.0,3.552713678800501e-15
262.0,1.4210854715202005e-15,0.0,1.945901422236198e-15,0.0,0.0,3.552713678800501e-15,0.0,3.552713678800501e-15
264.0,0.006666666666668419,3.552713678800501e-15,0.014907119849998545,0.03333333333333499,0.0,3.552713678800501e-15,0.0,3.552713678800501e-15
266.0,0.010000000000001563,3.552713678800501e-15,0.02236067977499742,0.05000000000000071,0.0,3.552713678800501e-15,0.0,3.552713678800501e-15
268.0,0.004999999999999716,0.0,0.011180339887498312,0.02499999999999858,0.0,0.0,0.0,0.0
270.0,0.010000000000001563,3.552713678800501e-15,0.02236067977499742,0.05000000000000071,0.0,3.552713678800501e-15,0.0,3.552713678800501e-15
272.0,0.005000000000001848,3.552713678800501e-15,0.011180339887499108,0.02500000000000213,0.0,3.552713678800501e-15,0.0,3.552713678800501e-15
274.0,0.010000000000001563,3.552713678800501e-15,0.02236067977499742,0.05000000000000071,0.0,3.552713678800501e-15,0.0,3.552713678800501e-15
276.0,0.005000000000001137,3.552713678800501e-15,0.011180339887497519,0.02499999999999858,0.0,3.552713678800501e-15,0.0,3.552713678800501e-15
278.0,0.010000000000001563,3.552713678800501e-15,0.02236067977499742,0.05000000000000071,0.0,3.552713678800501e-15,0.0,3.552713678800501e-15
280.0,0.005000000000001848,3.552713678800501e-15,0.011180339887499108,0.02500000000000213,0.0,3.552713678800501e-15,0.0,3.552713678800501e-15
282.0,0.010000000000001563,3.552713678800501e-15,0.02236067977499742,0.05000000000000071,0.0,3.552713678800501e-15,0.0,3.552713678800501e-15
284.0,0.004999999999999716,0.0,0.011180339887498312,0.02499999999999858,0.0,0.0,0.0,0.0
286.0,0.010000000000001563,3.552713678800501e-15,0.02236067977499742,0.05000000000000071,0.0,3.552713678800501e-15,0.0,3.552713678800501e-15
288.0,0.005000000000003268,7.105427357601002e-15,0.011180339887498314,0.02500000000000213,0.0,7.105427357601002e-15,0.0,7.105427357601002e-15
290.0,0.010000000000001563,3.552713678800501e-15,0.02236067977499742,0.05000000000000071,0.0,3.552713678800501e-15,0.0,3.552713678800501e-15
292.0,0.004999999999999716,0.0,0.011180339887498312,0.02499999999999858,0.0,0.0,0.0,0.0
294.0,0.005000000000001848,3.552713678800501e-15,0.011180339887499108,0.02500000000000213,0.0,3.552713678800501e-15,0.0,3.552713678800501e-15
296.0,0.010000000000001563,3.552713678800501e-15,0.02236067977499742,0.05000000000000071,0.0,3.552713678800501e-15,0.0,3.552713678800501e-15
298.0,0.005000000000001137,3.552713678800501e-15,0.011180339887497519,0.02499999999999858,0.0,3.552713678800501e-15,0.0,3.552713678800501e-15
300.0,0.009999999999999431,0.0,0.022360679774996624,0.04999999999999716,0.0,0.0,0.0,0.0
302.0,0.010000000000001563,3.552713678800501e-15,0.02236067977499742,0.05000000000000071,0.0,3.552713678800501e-15,0.0,3.552713678800501e-15
304.0,0.005000000000003268,7.105427357601002e-15,0.011180339887498314,0.02500000000000213,0.0,7.105427357601002e-15,0.0,7.105427357601002e-15
306.0,0.010000000000001563,3.552713678800501e-15,0.02236067977499742,0.05000000000000071,0.0,3.552713678800501e-15,0.0,3.552713678800501e-15
308.0,0.004999999999999716,0.0,0.011180339887498312,0.02499999999999858,0.0,0.0,0.0,0.0
310.0,0.005000000000001848,3.552713678800501e-15,0.011180339887499108,0.02500000000000213,0.0,3.552713678800501e-15,0.0,3.552713678800501e-15
312.0,0.010000000000001563,3.552713678800501e-15,0.02236067977499742,0.05000000000000071,0.0,3.552713678800501e-15,0.0,3.552713678800501e-15
314.0,0.005000000000001137,3.552713678800501e-15,0.011180339887497519,0.02499999999999858,0.0,3.552713678800501e-15,0.0,3.552713678800501e-15
316.0,0.010000000000001563,3.552713678800501e-15,0.02236067977499742,0.05000000000000071,0.0,3.552713678800501e-15,0.0,3.552713678800501e-15
318.0,0.005000000000003268,7.105427357601002e-15,0.011180339887498314,0.02500000000000213,0.0,7.105427357601002e-15,0.0,7.105427357601002e-15
320.0,0.010000000000001563,3.552713678800501e-15,0.02236067977499742,0.05000000000000071,0.0,3.552713678800501e-15,0.0,3.552713678800501e-15
322.0,0.004999999999999716,0.0,0.011180339887498312,0.02499999999999858,0.0,0.0,0.0,0.0
324.0,0.010000000000003695,7.105427357601002e-15,0.022360679774998216,0.05000000000000426,0.0,7.105427357601002e-15,0.0,7.105427357601002e-15
326.0,0.010000000000001563,3.552713678800501e-15,0.02236067977499742,0.05000000000000071,0.0,3.552713678800501e-15,0.0,3.552713678800501e-15
328.0,0.004999999999999716,0.0,0.011180339887498312,0.02499999999999858,0.0,0.0,0.0,0.0
330.0,0.010000000000001563,3.552713678800501e-15,0.02236067977499742,0.05000000000000071,0.0,3.552713678800501e-15,0.0,3.552713678800501e-15
332.0,0.006666666666668419,3.552713678800501e-15,0.014907119849998545,0.03333333333333499,0.0,3.552713678800501e-15,0.0,3.552713678800501e-15
334.0,0.010000000000001563,3.552713678800501e-15,0.02236067977499742,0.05000000000000071,0.0,3.552713678800501e-15,0.0,3.552713678800501e-15
336.0,0.010000000000001563,3.552713678800501e-15,0.02236067977499742,0.05000000000000071,0.0,3.552713678800501e-15,0.0,3.552713678800501e-15
338.0,0.005000000000003268,7.105427357601002e-15,0.011180339887498314,0.02500000000000213,0.0,7.105427357601002e-15,0.0,7.105427357601002e-15
340.0,0.0033333333333345648,3.552713678800501e-15,0.00745355992499808,0.01666666666666572,0.0,3.552713678800501e-15,0.0,3.552713678800501e-15
342.0,0.0033333333333345648,3.552713678800501e-15,0.00745355992499808,0.01666666666666572,0.0,3.552713678800501e-15,0.0,3.552713678800501e-15
344.0,0.010000000000001563,3.552713678800501e-15,0.02236067977499742,0.05000000000000071,0.0,3.552713678800501e-15,0.0,3.552713678800501e-15
346.0,1.4210854715202005e-15,0.0,1.945901422236198e-15,0.0,0.0,3.552713678800501e-15,0.0,3.552713678800501e-15
348.0,0.010000000000001563,3.552713678800501e-15,0.02236067977499742,0.05000000000000071,0.0,3.552713678800501e-15,0.0,3.552713678800501e-15
350.0,0.010000000000003695,7.105427357601002e-15,0.022360679774998216,0.05000000000000426,0.0,7.105427357601002e-15,0.0,7.105427357601002e-15
352.0,0.010000000000001563,3.552713678800501e-15,0.02236067977499742,0.05000000000000071,0.0,3.552713678800501e-15,0.0,3.552713678800501e-15
354.0,0.010000000000001563,3.552713678800501e-15,0.02236067977499742,0.05000000000000071,0.0,3.552713678800501e-15,0.0,3.552713678800501e-15
356.0,0.010000000000001563,3.552713678800501e-15,0.02236067977499742,0.05000000000000071,0.0,3.552713678800501e-15,0.0,3.552713678800501e-15
358.0,0.004999999999999716,0.0,0.011180339887498312,0.02499999999999858,0.0,0.0,0.0,0.0
360.0,0.005000000000001848,3.552713678800501e-15,0.011180339887499108,0.02500000000000213,0.0,3.552713678800501e-15,0.0,3.552713678800501e-15
362.0,0.010000000000001563,3.552713678800501e-15,0.02236067977499742,0.05000000000000071,0.0,3.552713678800501e-15,0.0,3.552713678800501e-15
364.0,0.010000000000001563,3.552713678800501e-15,0.02236067977499742,0.05000000000000071,0.0,3.552713678800501e-15,0.0,3.552713678800501e-15
366.0,0.010000000000001563,3.552713678800501e-15,0.02236067977499742,0.05000000000000071,0.0,3.552713678800501e-15,0.0,3.552713678800501e-15
368.0,0.010000000000001563,3.552713678800501e-15,0.02236067977499742,0.05000000000000071,0.0,3.552713678800501e-15,0.0,3.552713678800501e-15
370.0,0.004999999999999716,0.0,0.011180339887498312,0.02499999999999858,0.0,0.0,0.0,0.0
372.0,0.005000000000001848,3.552713678800501e-15,0.011180339887499108,0.02500000000000213,0.0,3.552713678800501e-15,0.0,3.552713678800501e-15
374.0,0.010000000000001563,3.552713678800501e-15,0.02236067977499742,0.05000000000000071,0.0,3.552713678800501e-15,0.0,3.552713678800501e-15
376.0,0.004999999999999716,0.0,0.011180339887498312,0.02499999999999858,0.0,0.0,0.0,0.0
378.0,0.005000000000001848,3.552713678800501e-15,0.011180339887499108,0.02500000000000213,0.0,3.552713678800501e-15,0.0,3.552713678800501e-15
380.0,0.005000000000003268,7.105427357601002e-15,0.011180339887498314,0.02500000000000213,0.0,7.105427357601002e-15,0.0,7.105427357601002e-15
382.0,0.004999999999999716,0.0,0.011180339887498312,0.02499999999999858,0.0,0.0,0.0,0.0
384.0,0.005000000000001848,3.552713678800501e-15,0.011180339887499108,0.02500000000000213,0.0,3.552713678800501e-15,0.0,3.552713678800501e-15
386.0,0.010000000000001563,3.552713678800501e-15,0.02236067977499742,0.05000000000000071,0.0,3.552713678800501e-15,0.0,3.552713678800501e-15
388.0,0.010000000000001563,3.552713678800501e-15,0.02236067977499742,0.05000000000000071,0.0,3.552713678800501e-15,0.0,3.552713678800501e-15
390.0,0.010000000000001563,3.552713678800501e-15,0.02236067977499742,0.05000000000000071,0.0,3.552713678800501e-15,0.0,3.552713678800501e-15
392.0,0.005000000000003268,7.105427357601002e-15,0.011180339887498314,0.02500000000000213,0.0,7.105427357601002e-15,0.0,7.105427357601002e-15
394.0,0.005000000000001137,3.552713678800501e-15,0.011180339887497519,0.02499999999999858,0.0,3.552713678800501e-15,0.0,3.552713678800501e-15
396.0,0.010000000000001563,3.552713678800501e-15,0.02236067977499742,0.05000000000000071,0.0,3.552713678800501e-15,0.0,3.552713678800501e-15
398.0,0.005000000000003268,7.105427357601002e-15,0.011180339887498314,0.02500000000000213,0.0,7.105427357601002e-15,0.0,7.105427357601002e-15
400.0,0.00833333333333286,0.0,0.01863389981249719,0.0416666666666643,0.0,0.0,0.0,0.0
402.0,0.005000000000003268,7.105427357601002e-15,0.011180339887498314,0.02500000000000213,0.0,7.105427357601002e-15,0.0,7.105427357601002e-15
404.0,0.004999999999999716,0.0,0.011180339887498312,0.02499999999999858,0.0,0.0,0.0,0.0
406.0,0.010000000000001563,3.552713678800501e-15,0.02236067977499742,0.05000000000000071,0.0,3.552713678800501e-15,0.0,3.552713678800501e-15
408.0,0.010000000000003695,7.105427357601002e-15,0.022360679774998216,0.05000000000000426,0.0,7.105427357601002e-15,0.0,7.105427357601002e-15
410.0,0.010000000000001563,3.552713678800501e-15,0.02236067977499742,0.05000000000000071,0.0,3.552713678800501e-15,0.0,3.552713678800501e-15
412.0,0.010000000000001563,3.552713678800501e-15,0.02236067977499742,0.05000000000000071,0.0,3.552713678800501e-15,0.0,3.552713678800501e-15
414.0,0.005000000000003268,7.105427357601002e-15,0.011180339887498314,0.02500000000000213,0.0,7.105427357601002e-15,0.0,7.105427357601002e-15
416.0,0.005000000000001137,3.552713678800501e-15,0.011180339887497519,0.02499999999999858,0.0,3.552713678800501e-15,0.0,3.552713678800501e-15
418.0,0.008333333333334992,3.552713678800501e-15,0.01863389981249798,0.04166666666666785,0.0,3.552713678800501e-15,0.0,3.552713678800501e-15
420.0,0.005000000000003268,7.105427357601002e-15,0.011180339887498314,0.02500000000000213,0.0,7.105427357601002e-15,0.0,7.105427357601002e-15
422.0,0.009999999999999431,0.0,0.022360679774996624,0.04999999999999716,0.0,0.0,0.0,0.0
424.0,0.005000000000001848,3.552713678800501e-15,0.011180339887499108,0.02500000000000213,0.0,3.552713678800501e-15,0.0,3.552713678800501e-15
426.0,0.010000000000001563,3.552713678800501e-15,0.02236067977499742,0.05000000000000071,0.0,3.552713678800501e-15,0.0,3.552713678800501e-15
428.0,0.005833333333334423,0.0041666666666699825,0.011257713405087676,0.02499999999999858,0.0,0.0041666666666699825,-0.00416666666666643,0.0041666666666699825
430.0,0.0075000000000031266,0.012500000000006395,0.014252192813740752,0.02500000000000213,0.0,0.012500000000006395,-0.01249999999999929,0.012500000000006395
432.0,0.004999999999999716,0.0,0.011180339887498312,0.02499999999999858,0.0,0.0,0.0,0.0
434.0,0.005000000000001848,3.552713678800501e-15,0.011180339887499108,0.02500000000000213,0.0,3.552713678800501e-15,0.0,3.552713678800501e-15
436.0,0.010000000000001563,3.552713678800501e-15,0.02236067977499742,0.05000000000000071,0.0,3.552713678800501e-15,0.0,3.552713678800501e-15
438.0,0.010000000000001563,3.552713678800501e-15,0.02236067977499742,0.05000000000000071,0.0,3.552713678800501e-15,0.0,3.552713678800501e-15
440.0,0.010000000000001563,3.552713678800501e-15,0.02236067977499742,0.05000000000000071,0.0,3.552713678800501e-15,0.0,3.552713678800501e-15
442.0,0.004999999999999716,0.0,0.011180339887498312,0.02499999999999858,0.0,0.0,0.0,0.0
444.0,0.009999999999999431,0.0,0.022360679774996624,0.04999999999999716,0.0,0.0,0.0,0.0
446.0,0.005000000000001848,3.552713678800501e-15,0.011180339887499108,0.02500000000000213,0.0,3.552713678800501e-15,0.0,3.552713678800501e-15
448.0,0.010000000000001563,3.552713678800501e-15,0.02236067977499742,0.05000000000000071,0.0,3.552713678800501e-15,0.0,3.552713678800501e-15
450.0,0.010000000000001563,3.552713678800501e-15,0.02236067977499742,0.05000000000000071,0.0,3.552713678800501e-15,0.0,3.552713678800501e-15
452.0,0.010000000000003695,7.105427357601002e-15,0.022360679774998216,0.05000000000000426,0.0,7.105427357601002e-15,0.0,7.105427357601002e-15
454.0,0.009999999999999431,0.0,0.022360679774996624,0.04999999999999716,0.0,0.0,0.0,0.0
456.0,0.010000000000003695,7.105427357601002e-15,0.022360679774998216,0.05000000000000426,0.0,7.105427357601002e-15,0.0,7.105427357601002e-15
458.0,0.010000000000001563,3.552713678800501e-15,0.02236067977499742,0.05000000000000071,0.0,3.552713678800501e-15,0.0,3.552713678800501e-15
460.0,0.009999999999999431,0.0,0.022360679774996624,0.04999999999999716,0.0,0.0,0.0,0.0
462.0,0.010000000000001563,3.552713678800501e-15,0.02236067977499742,0.05000000000000071,0.0,3.552713678800501e-15,0.0,3.552713678800501e-15
464.0,0.010000000000003695,7.105427357601002e-15,0.022360679774998216,0.05000000000000426,0.0,7.105427357601002e-15,0.0,7.105427357601002e-15
466.0,0.010000000000001563,3.552713678800501e-15,0.02236067977499742,0.05000000000000071,0.0,3.552713678800501e-15,0.0,3.552713678800501e-15
468.0,0.010000000000001563,3.552713678800501e-15,0.02236067977499742,0.05000000000000071,0.0,3.552713678800501e-15,0.0,3.552713678800501e-15
470.0,0.010000000000001563,3.552713678800501e-15,0.02236067977499742,0.05000000000000071,0.0,3.552713678800501e-15,0.0,3.552713678800501e-15
472.0,0.010000000000001563,3.552713678800501e-15,0.02236067977499742,0.05000000000000071,0.0,3.552713678800501e-15,0.0,3.552713678800501e-15
474.0,0.010000000000003695,7.105427357601002e-15,0.022360679774998216,0.05000000000000426,0.0,7.105427357601002e-15,0.0,7.105427357601002e-15
476.0,0.010000000000001563,3.552713678800501e-15,0.02236067977499742,0.05000000000000071,0.0,3.552713678800501e-15,0.0,3.552713678800501e-15
478.0,0.010000000000001563,3.552713678800501e-15,0.02236067977499742,0.05000000000000071,0.0,3.552713678800501e-15,0.0,3.552713678800501e-15
480.0,0.01500000000000128,3.552713678800501e-15,0.03354101966249574,0.07499999999999929,0.0,3.552713678800501e-15,0.0,3.552713678800501e-15
482.0,0.010000000000001563,3.552713678800501e-15,0.02236067977499742,0.05000000000000071,0.0,3.552713678800501e-15,0.0,3.552713678800501e-15
484.0,0.010000000000001563,3.552713678800501e-15,0.02236067977499742,0.05000000000000071,0.0,3.552713678800501e-15,0.0,3.552713678800501e-15
486.0,0.010000000000001563,3.552713678800501e-15,0.02236067977499742,0.05000000000000071,0.0,3.552713678800501e-15,0.0,3.552713678800501e-15
488.0,0.005000000000001848,3.552713678800501e-15,0.011180339887499108,0.02500000000000213,0.0,3.552713678800501e-15,0.0,3.552713678800501e-15
490.0,1.4210854715202005e-15,0.0,1.945901422236198e-15,0.0,0.0,3.552713678800501e-15,0.0,3.552713678800501e-15
492.0,1.4210854715202005e-15,0.0,1.945901422236198e-15,0.0,0.0,3.552713678800501e-15,0.0,3.552713678800501e-15
494.0,0.010000000000001563,3.552713678800501e-15,0.02236067977499742,0.05000000000000071,0.0,3.552713678800501e-15,0.0,3.552713678800501e-15
496.0,0.010000000000001563,3.552713678800501e-15,0.02236067977499742,0.05000000000000071,0.0,3.552713678800501e-15,0.0,3.552713678800501e-15
498.0,0.010000000000001563,3.552713678800501e-15,0.02236067977499742,0.05000000000000071,0.0,3.552713678800501e-15,0.0,3.552713678800501e-15
500.0,0.010000000000001563,3.552713678800501e-15,0.02236067977499742,0.05000000000000071,0.0,3.552713678800501e-15,0.0,3.552713678800501e-15
502.0,0.004999999999999716,0.0,0.011180339887498312,0.02499999999999858,0.0,0.0,0.0,0.0
504.0,0.010000000000001563,3.552713678800501e-15,0.02236067977499742,0.05000000000000071,0.0,3.552713678800501e-15,0.0,3.552713678800501e-15
506.0,0.010000000000001563,3.552713678800501e-15,0.02236067977499742,0.05000000000000071,0.0,3.552713678800501e-15,0.0,3.552713678800501e-15
508.0,0.010000000000001563,3.552713678800501e-15,0.02236067977499742,0.05000000000000071,0.0,3.552713678800501e-15,0.0,3.552713678800501e-15
510.0,0.010000000000000142,0.0,0.022360679774998216,0.05000000000000071,0.0,3.552713678800501e-15,0.0,-3.552713678800501e-15
512.0,0.009999999999995169,0.0,0.02236067977499901,0.04999999999999716,0.0,-7.105427357601002e-15,0.0,-1.4210854715202004e-14
514.0,0.009999999999994458,3.552713678800501e-15,0.022360679774997422,0.049999999999993605,3.552713678800501e-15,-1.0658141036401503e-14,3.552713678800501e-15,-1.7763568394002505e-14
516.0,0.01999999999999389,3.552713678800501e-15,0.044721359549994046,0.09999999999999076,3.552713678800501e-15,-1.0658141036401503e-14,3.552713678800501e-15,-1.7763568394002505e-14
518.0,0.009999999999994458,3.552713678800501e-15,0.022360679774997422,0.049999999999993605,3.552713678800501e-15,-1.0658141036401503e-14,3.552713678800501e-15,-1.7763568394002505e-14
520.0,0.01999999999999389,3.552713678800501e-15,0.044721359549994046,0.09999999999999076,3.552713678800501e-15,-1.0658141036401503e-14,3.552713678800501e-15,-1.7763568394002505e-14
522.0,0.01999999999999389,3.552713678800501e-15,0.044721359549994046,0.09999999999999076,3.552713678800501e-15,-1.0658141036401503e-14,3.552713678800501e-15,-1.7763568394002505e-14
524.0,0.01999999999999389,3.552713678800501e-15,0.044721359549994046,0.09999999999999076,3.552713678800501e-15,-1.0658141036401503e-14,3.552713678800501e-15,-1.7763568394002505e-14
526.0,0.01999999999999389,3.552713678800501e-15,0.044721359549994046,0.09999999999999076,3.552713678800501e-15,-1.0658141036401503e-14,3.552713678800501e-15,-1.7763568394002505e-14
528.0,0.01999999999999389,3.552713678800501e-15,0.044721359549994046,0.09999999999999076,3.552713678800501e-15,-1.0658141036401503e-14,3.552713678800501e-15,-1.7763568394002505e-14
530.0,0.01999999999999389,3.552713678800501e-15,0.044721359549994046,0.09999999999999076,3.552713678800501e-15,-1.0658141036401503e-14,3.552713678800501e-15,-1.7763568394002505e-14
532.0,0.01999999999999389,3.552713678800501e-15,0.044721359549994046,0.09999999999999076,3.552713678800501e-15,-1.0658141036401503e-14,3.552713678800501e-15,-1.7763568394002505e-14
534.0,0.01999999999999389,3.552713678800501e-15,0.044721359549994046,0.09999999999999076,3.552713678800501e-15,-1.0658141036401503e-14,3.552713678800501e-15,-1.7763568394002505e-14
536.0,0.01999999999999389,3.552713678800501e-15,0.044721359549994046,0.09999999999999076,3.552713678800501e-15,-1.0658141036401503e-14,3.552713678800501e-15,-1.7763568394002505e-14
538.0,0.01999999999999389,3.552713678800501e-15,0.044721359549994046,0.09999999999999076,3.552713678800501e-15,-1.0658141036401503e-14,3.552713678800501e-15,-1.7763568394002505e-14
540.0,0.01999999999999389,3.552713678800501e-15,0.044721359549994046,0.09999999999999076,3.552713678800501e-15,-1.0658141036401503e-14,3.552713678800501e-15,-1.7763568394002505e-14
542.0,0.01999999999999389,3.552713678800501e-15,0.044721359549994046,0.09999999999999076,3.552713678800501e-15,-1.0658141036401503e-14,3.552713678800501e-15,-1.7763568394002505e-14
544.0,0.01999999999999389,3.552713678800501e-15,0.044721359549994046,0.09999999999999076,3.552713678800501e-15,-1.0658141036401503e-14,3.552713678800501e-15,-1.7763568394002505e-14
546.0,0.02999999999999332,3.552713678800501e-15,0.06708203932499067,0.14999999999998792,3.552713678800501e-15,-1.0658141036401503e-14,3.552713678800501e-15,-1.7763568394002505e-14
548.0,0.02999999999999332,3.552713678800501e-15,0.06708203932499067,0.14999999999998792,3.552713678800501e-15,-1.0658141036401503e-14,3.552713678800501e-15,-1.7763568394002505e-14
550.0,0.01999999999999389,3.552713678800501e-15,0.044721359549994046,0.09999999999999076,3.552713678800501e-15,-1.0658141036401503e-14,3.552713678800501e-15,-1.7763568394002505e-14
552.0,0.01999999999999389,3.552713678800501e-15,0.044721359549994046,0.09999999999999076,3.552713678800501e-15,-1.0658141036401503e-14,3.552713678800501e-15,-1.7763568394002505e-14
554.0,0.01999999999999389,3.552713678800501e-15,0.044721359549994046,0.09999999999999076,3.552713678800501e-15,-1.0658141036401503e-14,3.552713678800501e-15,-1.7763568394002505e-14
556.0,0.01999999999999389,3.552713678800501e-15,0.044721359549994046,0.09999999999999076,3.552713678800501e-15,-1.0658141036401503e-14,3.552713678800501e-15,-1.7763568394002505e-14
558.0,0.01999999999999389,3.552713678800501e-15,0.044721359549994046,0.09999999999999076,3.552713678800501e-15,-1.0658141036401503e-14,3.552713678800501e-15,-1.7763568394002505e-14
560.0,0.01999999999999389,3.552713678800501e-15,0.044721359549994046,0.09999999999999076,3.552713678800501e-15,-1.0658141036401503e-14,3.552713678800501e-15,-1.7763568394002505e-14
562.0,0.01999999999999389,3.552713678800501e-15,0.044721359549994046,0.09999999999999076,3.552713678800501e-15,-1.0658141036401503e-14,3.552713678800501e-15,-1.7763568394002505e-14
564.0,0.01999999999999389,3.552713678800501e-15,0.044721359549994046,0.09999999999999076,3.552713678800501e-15,-1.0658141036401503e-14,3.552713678800501e-15,-1.7763568394002505e-14
566.0,0.01999999999999389,3.552713678800501e-15,0.044721359549994046,0.09999999999999076,3.552713678800501e-15,-1.0658141036401503e-14,3.552713678800501e-15,-1.7763568394002505e-14
568.0,0.01999999999999389,3.552713678800501e-15,0.044721359549994046,0.09999999999999076,3.552713678800501e-15,-1.0658141036401503e-14,3.552713678800501e-15,-1.7763568394002505e-14
570.0,0.01999999999999389,3.552713678800501e-15,0.044721359549994046,0.09999999999999076,3.552713678800501e-15,-1.0658141036401503e-14,3.552713678800501e-15,-1.7763568394002505e-14
572.0,0.01999999999999389,3.552713678800501e-15,0.044721359549994046,0.09999999999999076,3.552713678800501e-15,-1.0658141036401503e-14,3.552713678800501e-15,-1.7763568394002505e-14
574.0,0.01999999999999389,3.552713678800501e-15,0.044721359549994046,0.09999999999999076,3.552713678800501e-15,-1.0658141036401503e-14,3.552713678800501e-15,-1.7763568394002505e-14
576.0,0.01999999999999389,3.552713678800501e-15,0.044721359549994046,0.09999999999999076,3.552713678800501e-15,-1.0658141036401503e-14,3.552713678800501e-15,-1.7763568394002505e-14
578.0,0.02999999999999332,3.552713678800501e-15,0.06708203932499067,0.14999999999998792,3.552713678800501e-15,-1.0658141036401503e-14,3.552713678800501e-15,-1.7763568394002505e-14
580.0,0.02999999999999332,3.552713678800501e-15,0.06708203932499067,0.14999999999998792,3.552713678800501e-15,-1.0658141036401503e-14,3.552713678800501e-15,-1.7763568394002505e-14
582.0,0.02999999999999332,3.552713678800501e-15,0.06708203932499067,0.14999999999998792,3.552713678800501e-15,-1.0658141036401503e-14,3.552713678800501e-15,-1.7763568394002505e-14
584.0,0.02999999999999332,3.552713678800501e-15,0.06708203932499067,0.14999999999998792,3.552713678800501e-15,-1.0658141036401503e-14,3.552713678800501e-15,-1.7763568394002505e-14
586.0,0.02999999999999332,3.552713678800501e-15,0.06708203932499067,0.14999999999998792,3.552713678800501e-15,-1.0658141036401503e-14,3.552713678800501e-15,-1.7763568394002505e-14
588.0,0.02999999999999332,3.552713678800501e-15,0.06708203932499067,0.14999999999998792,3.552713678800501e-15,-1.0658141036401503e-14,3.552713678800501e-15,-1.7763568394002505e-14
590.0,0.02999999999999332,3.552713678800501e-15,0.06708203932499067,0.14999999999998792,3.552713678800501e-15,-1.0658141036401503e-14,3.552713678800501e-15,-1.7763568394002505e-14
592.0,0.02999999999999332,3.552713678800501e-15,0.06708203932499067,0.14999999999998792,3.552713678800501e-15,-1.0658141036401503e-14,3.552713678800501e-15,-1.7763568394002505e-14
594.0,0.024999999999993604,3.552713678800501e-15,0.055901699437492354,0.12499999999998934,3.552713678800501e-15,-1.0658141036401503e-14,3.552713678800501e-15,-1.7763568394002505e-14
596.0,0.02999999999999332,3.552713678800501e-15,0.06708203932499067,0.14999999999998792,3.552713678800501e-15,-1.0658141036401503e-14,3.552713678800501e-15,-1.7763568394002505e-14
598.0,0.02999999999999332,3.552713678800501e-15,0.06708203932499067,0.14999999999998792,3.552713678800501e-15,-1.0658141036401503e-14,3.552713678800501e-15,-1.7763568394002505e-14
600.0,0.02999999999999261,3.552713678800501e-15,0.06708203932498907,0.14999999999998437,3.552713678800501e-15,-1.0658141036401503e-14,3.552713678800501e-15,-1.7763568394002505e-14
602.0,0.02999999999999261,3.552713678800501e-15,0.06708203932498907,0.14999999999998437,3.552713678800501e-15,-1.0658141036401503e-14,3.552713678800501e-15,-1.7763568394002505e-14
604.0,0.02999999999999403,7.105427357601002e-15,0.06708203932498828,0.14999999999998437,7.105427357601002e-15,-7.105427357601002e-15,7.105427357601002e-15,-2.1316282072803006e-14
606.0,0.02999999999999403,7.105427357601002e-15,0.06708203932498828,0.14999999999998437,7.105427357601002e-15,-7.105427357601002e-15,7.105427357601002e-15,-2.1316282072803006e-14
608.0,0.02999999999999403,7.105427357601002e-15,0.06708203932498828,0.14999999999998437,7.105427357601002e-15,-7.105427357601002e-15,7.105427357601002e-15,-2.1316282072803006e-14
610.0,0.02999999999999403,7.105427357601002e-15,0.06708203932498828,0.14999999999998437,7.105427357601002e-15,-7.105427357601002e-15,7.105427357601002e-15,-2.1316282072803006e-14
612.0,0.02999999999999403,7.105427357601002e-15,0.06708203932498828,0.14999999999998437,7.105427357601002e-15,-7.105427357601002e-15,7.105427357601002e-15,-2.1316282072803006e-14
614.0,0.034999999999993744,7.105427357601002e-15,0.07826237921248659,0.17499999999998295,7.105427357601002e-15,-7.105427357601002e-15,7.105427357601002e-15,-2.1316282072803006e-14
616.0,0.02999999999999403,7.105427357601002e-15,0.06708203932498828,0.14999999999998437,7.105427357601002e-15,-7.105427357601002e-15,7.105427357601002e-15,-2.1316282072803006e-14
618.0,0.02999999999999403,7.105427357601002e-15,0.06708203932498828,0.14999999999998437,7.105427357601002e-15,-7.105427357601002e-15,7.105427357601002e-15,-2.1316282072803006e-14
620.0,0.034999999999993744,7.105427357601002e-15,0.07826237921248659,0.17499999999998295,7.105427357601002e-15,-7.105427357601002e-15,7.105427357601002e-15,-2.1316282072803006e-14
622.0,0.02999999999999403,7.105427357601002e-15,0.06708203932498828,0.14999999999998437,7.105427357601002e-15,-7.105427357601002e-15,7.105427357601002e-15,-2.1316282072803006e-14
624.0,0.02999999999999403,7.105427357601002e-15,0.06708203932498828,0.14999999999998437,7.105427357601002e-15,-7.105427357601002e-15,7.105427357601002e-15,-2.1316282072803006e-14
626.0,0.034999999999993744,7.105427357601002e-15,0.07826237921248659,0.17499999999998295,7.105427357601002e-15,-7.105427357601002e-15,7.105427357601002e-15,-2.1316282072803006e-14
628.0,0.02999999999999403,7.105427357601002e-15,0.06708203932498828,0.14999999999998437,7.105427357601002e-15,-7.105427357601002e-15,7.105427357601002e-15,-2.1316282072803006e-14
630.0,0.02999999999999403,7.105427357601002e-15,0.06708203932498828,0.14999999999998437,7.105427357601002e-15,-7.105427357601002e-15,7.105427357601002e-15,-2.1316282072803006e-14
632.0,0.039999999999993464,7.105427357601002e-15,0.08944271909998491,0.19999999999998153,7.105427357601002e-15,-7.105427357601002e-15,7.105427357601002e-15,-2.1316282072803006e-14
634.0,0.02999999999999403,7.105427357601002e-15,0.06708203932498828,0.14999999999998437,7.105427357601002e-15,-7.105427357601002e-15,7.105427357601002e-15,-2.1316282072803006e-14
636.0,0.02999999999999403,7.105427357601002e-15,0.06708203932498828,0.14999999999998437,7.105427357601002e-15,-7.105427357601002e-15,7.105427357601002e-15,-2.1316282072803006e-14
638.0,0.034999999999993744,7.105427357601002e-15,0.07826237921248659,0.17499999999998295,7.105427357601002e-15,-7.105427357601002e-15,7.105427357601002e-15,-2.1316282072803006e-14
640.0,0.02999999999999403,7.105427357601002e-15,0.06708203932498828,0.14999999999998437,7.105427357601002e-15,-7.105427357601002e-15,7.105427357601002e-15,-2.1316282072803006e-14
642.0,0.034999999999993744,7.105427357601002e-15,0.07826237921248659,0.17499999999998295,7.105427357601002e-15,-7.105427357601002e-15,7.105427357601002e-15,-2.1316282072803006e-14
644.0,0.034999999999993744,7.105427357601002e-15,0.07826237921248659,0.17499999999998295,7.105427357601002e-15,-7.105427357601002e-15,7.105427357601002e-15,-2.1316282072803006e-14
646.0,0.02999999999999403,7.105427357601002e-15,0.06708203932498828,0.14999999999998437,7.105427357601002e-15,-7.105427357601002e-15,7.105427357601002e-15,-2.1316282072803006e-14
648.0,0.039999999999993464,7.105427357601002e-15,0.08944271909998491,0.19999999999998153,7.105427357601002e-15,-7.105427357601002e-15,7.105427357601002e-15,-2.1316282072803006e-14
650.0,0.02999999999999403,7.105427357601002e-15,0.06708203932498828,0.14999999999998437,7.105427357601002e-15,-7.105427357601002e-15,7.105427357601002e-15,-2.1316282072803006e-14
652.0,0.02999999999999403,7.105427357601002e-15,0.06708203932498828,0.14999999999998437,7.105427357601002e-15,-7.105427357601002e-15,7.105427357601002e-15,-2.1316282072803006e-14
654.0,0.039999999999993464,7.105427357601002e-15,0.08944271909998491,0.19999999999998153,7.105427357601002e-15,-7.105427357601002e-15,7.105427357601002e-15,-2.1316282072803006e-14
656.0,0.02999999999999403,7.105427357601002e-15,0.06708203932498828,0.14999999999998437,7.105427357601002e-15,-7.105427357601002e-15,7.105427357601002e-15,-2.1316282072803006e-14
658.0,0.039999999999993464,7.105427357601002e-15,0.08944271909998491,0.19999999999998153,7.105427357601002e-15,-7.105427357601002e-15,7.105427357601002e-15,-2.1316282072803006e-14
660.0,0.02999999999999403,7.105427357601002e-15,0.06708203932498828,0.14999999999998437,7.105427357601002e-15,-7.105427357601002e-15,7.105427357601002e-15,-2.1316282072803006e-14
662.0,0.034999999999993744,7.105427357601002e-15,0.07826237921248659,0.17499999999998295,7.105427357601002e-15,-7.105427357601002e-15,7.105427357601002e-15,-2.1316282072803006e-14
664.0,0.034999999999993744,7.105427357601002e-15,0.07826237921248659,0.17499999999998295,7.105427357601002e-15,-7.105427357601002e-15,7.105427357601002e-15,-2.1316282072803006e-14
666.0,0.02999999999999403,7.105427357601002e-15,0.06708203932498828,0.14999999999998437,7.105427357601002e-15,-7.105427357601002e-15,7.105427357601002e-15,-2.1316282072803006e-14
668.0,0.039999999999993464,7.105427357601002e-15,0.08944271909998491,0.19999999999998153,7.105427357601002e-15,-7.105427357601002e-15,7.105427357601002e-15,-2.1316282072803006e-14
670.0,0.02999999999999403,7.105427357601002e-15,0.06708203932498828,0.14999999999998437,7.105427357601002e-15,-7.105427357601002e-15,7.105427357601002e-15,-2.1316282072803006e-14
672.0,0.039999999999993464,7.105427357601002e-15,0.08944271909998491,0.19999999999998153,7.105427357601002e-15,-7.105427357601002e-15,7.105427357601002e-15,-2.1316282072803006e-14
674.0,0.02999999999999403,7.105427357601002e-15,0.06708203932498828,0.14999999999998437,7.105427357601002e-15,-7.105427357601002e-15,7.105427357601002e-15,-2.1316282072803006e-14
676.0,0.034999999999993744,7.105427357601002e-15,0.07826237921248659,0.17499999999998295,7.105427357601002e-15,-7.105427357601002e-15,7.105427357601002e-15,-2.1316282072803006e-14
678.0,0.034999999999993744,7.105427357601002e-15,0.07826237921248659,0.17499999999998295,7.105427357601002e-15,-7.105427357601002e-15,7.105427357601002e-15,-2.1316282072803006e-14
680.0,0.02999999999999403,7.105427357601002e-15,0.06708203932498828,0.14999999999998437,7.105427357601002e-15,-7.105427357601002e-15,7.105427357601002e-15,-2.1316282072803006e-14
682.0,0.02999999999999403,7.105427357601002e-15,0.06708203932498828,0.14999999999998437,7.105427357601002e-15,-7.105427357601002e-15,7.105427357601002e-15,-2.1316282072803006e-14
684.0,0.039999999999993464,7.105427357601002e-15,0.08944271909998491,0.19999999999998153,7.105427357601002e-15,-7.105427357601002e-15,7.105427357601002e-15,-2.1316282072803006e-14
686.0,0.034999999999993744,7.105427357601002e-15,0.07826237921248659,0.17499999999998295,7.105427357601002e-15,-7.105427357601002e-15,7.105427357601002e-15,-2.1316282072803006e-14
688.0,0.02999999999999403,7.105427357601002e-15,0.06708203932498828,0.14999999999998437,7.105427357601002e-15,-7.105427357601002e-15,7.105427357601002e-15,-2.1316282072803006e-14
690.0,0.039999999999993464,7.105427357601002e-15,0.08944271909998491,0.19999999999998153,7.105427357601002e-15,-7.105427357601002e-15,7.105427357601002e-15,-2.1316282072803006e-14
692.0,0.034999999999993744,7.105427357601002e-15,0.07826237921248659,0.17499999999998295,7.105427357601002e-15,-7.105427357601002e-15,7.105427357601002e-15,-2.1316282072803006e-14
694.0,0.039999999999993464,7.105427357601002e-15,0.08944271909998491,0.19999999999998153,7.105427357601002e-15,-7.105427357601002e-15,7.105427357601002e-15,-2.1316282072803006e-14
696.0,0.02999999999999403,7.105427357601002e-15,0.06708203932498828,0.14999999999998437,7.105427357601002e-15,-7.105427357601002e-15,7.105427357601002e-15,-2.1316282072803006e-14
698.0,0.034999999999993744,7.105427357601002e-15,0.07826237921248659,0.17499999999998295,7.105427357601002e-15,-7.105427357601002e-15,7.105427357601002e-15,-2.1316282072803006e-14
700.0,0.039999999999993464,7.105427357601002e-15,0.08944271909998491,0.19999999999998153,7.105427357601002e-15,-7.105427357601002e-15,7.105427357601002e-15,-2.1316282072803006e-14
702.0,0.02999999999999403,7.105427357601002e-15,0.06708203932498828,0.14999999999998437,7.105427357601002e-15,-7.105427357601002e-15,7.105427357601002e-15,-2.1316282072803006e-14
704.0,0.02999999999999403,7.105427357601002e-15,0.06708203932498828,0.14999999999998437,7.105427357601002e-15,-7.105427357601002e-15,7.105427357601002e-15,-2.1316282072803006e-14
706.0,0.02999999999999403,7.105427357601002e-15,0.06708203932498828,0.14999999999998437,7.105427357601002e-15,-7.105427357601002e-15,7.105427357601002e-15,-2.1316282072803006e-14
708.0,0.02999999999999403,7.105427357601002e-15,0.06708203932498828,0.14999999999998437,7.105427357601002e-15,-7.105427357601002e-15,7.105427357601002e-15,-2.1316282072803006e-14
710.0,0.02999999999999403,7.105427357601002e-15,0.06708203932498828,0.14999999999998437,7.105427357601002e-15,-7.105427357601002e-15,7.105427357601002e-15,-2.1316282072803006e-14
712.0,0.02999999999999403,7.105427357601002e-15,0.06708203932498828,0.14999999999998437,7.105427357601002e-15,-7.105427357601002e-15,7.105427357601002e-15,-2.1316282072803006e-14
714.0,0.039999999999993464,7.105427357601002e-15,0.08944271909998491,0.19999999999998153,7.105427357601002e-15,-7.105427357601002e-15,7.105427357601002e-15,-2.1316282072803006e-14
716.0,0.039999999999993464,7.105427357601002e-15,0.08944271909998491,0.19999999999998153,7.105427357601002e-15,-7.105427357601002e-15,7.105427357601002e-15,-2.1316282072803006e-14
718.0,0.02999999999999403,7.105427357601002e-15,0.06708203932498828,0.14999999999998437,7.105427357601002e-15,-7.105427357601002e-15,7.105427357601002e-15,-2.1316282072803006e-14
720.0,0.039999999999993464,7.105427357601002e-15,0.08944271909998491,0.19999999999998153,7.105427357601002e-15,-7.105427357601002e-15,7.105427357601002e-15,-2.1316282072803006e-14
722.0,0.02999999999999403,7.105427357601002e-15,0.06708203932498828,0.14999999999998437,7.105427357601002e-15,-7.105427357601002e-15,7.105427357601002e-15,-2.1316282072803006e-14
724.0,0.02999999999999403,7.105427357601002e-15,0.06708203932498828,0.14999999999998437,7.105427357601002e-15,-7.105427357601002e-15,7.105427357601002e-15,-2.1316282072803006e-14
726.0,0.02999999999999403,7.105427357601002e-15,0.06708203932498828,0.14999999999998437,7.105427357601002e-15,-7.105427357601002e-15,7.105427357601002e-15,-2.1316282072803006e-14
728.0,0.039999999999993464,7.105427357601002e-15,0.08944271909998491,0.19999999999998153,7.105427357601002e-15,-7.105427357601002e-15,7.105427357601002e-15,-2.1316282072803006e-14
730.0,0.02999999999999403,7.105427357601002e-15,0.06708203932498828,0.14999999999998437,7.105427357601002e-15,-7.105427357601002e-15,7.105427357601002e-15,-2.1316282072803006e-14
732.0,0.02999999999999403,7.105427357601002e-15,0.06708203932498828,0.14999999999998437,7.105427357601002e-15,-7.105427357601002e-15,7.105427357601002e-15,-2.1316282072803006e-14
734.0,0.02999999999999403,7.105427357601002e-15,0.06708203932498828,0.14999999999998437,7.105427357601002e-15,-7.105427357601002e-15,7.105427357601002e-15,-2.1316282072803006e-14
736.0,0.02999999999999403,7.105427357601002e-15,0.06708203932498828,0.14999999999998437,7.105427357601002e-15,-7.105427357601002e-15,7.105427357601002e-15,-2.1316282072803006e-14
738.0,0.02999999999999403,7.105427357601002e-15,0.06708203932498828,0.14999999999998437,7.105427357601002e-15,-7.105427357601002e-15,7.105427357601002e-15,-2.1316282072803006e-14
740.0,0.02999999999999403,7.105427357601002e-15,0.06708203932498828,0.14999999999998437,7.105427357601002e-15,-7.105427357601002e-15,7.105427357601002e-15,-2.1316282072803006e-14
742.0,0.02999999999999403,7.105427357601002e-15,0.06708203932498828,0.14999999999998437,7.105427357601002e-15,-7.105427357601002e-15,7.105427357601002e-15,-2.1316282072803006e-14
744.0,0.0199999999999946,7.105427357601002e-15,0.04472135954999166,0.09999999999998721,7.105427357601002e-15,-7.105427357601002e-15,7.105427357601002e-15,-2.1316282072803006e-14
746.0,0.02999999999999403,7.105427357601002e-15,0.06708203932498828,0.14999999999998437,7.105427357601002e-15,-7.105427357601002e-15,7.105427357601002e-15,-2.1316282072803006e-14
748.0,0.02999999999999403,7.105427357601002e-15,0.06708203932498828,0.14999999999998437,7.105427357601002e-15,-7.105427357601002e-15,7.105427357601002e-15,-2.1316282072803006e-14
750.0,0.02999999999999403,7.105427357601002e-15,0.06708203932498828,0.14999999999998437,7.105427357601002e-15,-7.105427357601002e-15,7.105427357601002e-15,-2.1316282072803006e-14
752.0,0.02999999999999403,7.105427357601002e-15,0.06708203932498828,0.14999999999998437,7.105427357601002e-15,-7.105427357601002e-15,7.105427357601002e-15,-2.1316282072803006e-14
754.0,0.02999999999999403,7.105427357601002e-15,0.06708203932498828,0.14999999999998437,7.105427357601002e-15,-7.105427357601002e-15,7.105427357601002e-15,-2.1316282072803006e-14
756.0,0.02999999999999403,7.105427357601002e-15,0.06708203932498828,0.14999999999998437,7.105427357601002e-15,-7.105427357601002e-15,7.105427357601002e-15,-2.1316282072803006e-14
758.0,0.02999999999999403,7.105427357601002e-15,0.06708203932498828,0.14999999999998437,7.105427357601002e-15,-7.105427357601002e-15,7.105427357601002e-15,-2.1316282072803006e-14
760.0,0.02999999999999403,7.105427357601002e-15,0.06708203932498828,0.14999999999998437,7.105427357601002e-15,-7.105427357601002e-15,7.105427357601002e-15,-2.1316282072803006e-14
762.0,0.0199999999999946,7.105427357601002e-15,0.04472135954999166,0.09999999999998721,7.105427357601002e-15,-7.105427357601002e-15,7.105427357601002e-15,-2.1316282072803006e-14
764.0,0.02999999999999403,7.105427357601002e-15,0.06708203932498828,0.14999999999998437,7.105427357601002e-15,-7.105427357601002e-15,7.105427357601002e-15,-2.1316282072803006e-14
766.0,0.0199999999999946,7.105427357601002e-15,0.04472135954999166,0.09999999999998721,7.105427357601002e-15,-7.105427357601002e-15,7.105427357601002e-15,-2.1316282072803006e-14
768.0,0.02999999999999403,7.105427357601002e-15,0.06708203932498828,0.14999999999998437,7.105427357601002e-15,-7.105427357601002e-15,7.105427357601002e-15,-2.1316282072803006e-14
770.0,0.024999999999994315,7.105427357601002e-15,0.055901699437489974,0.12499999999998579,7.105427357601002e-15,-7.105427357601002e-15,7.105427357601002e-15,-2.1316282072803006e-14
772.0,0.02999999999999403,7.105427357601002e-15,0.06708203932498828,0.14999999999998437,7.105427357601002e-15,-7.105427357601002e-15,7.105427357601002e-15,-2.1316282072803006e-14
774.0,0.02999999999999403,7.105427357601002e-15,0.06708203932498828,0.14999999999998437,7.105427357601002e-15,-7.105427357601002e-15,7.105427357601002e-15,-2.1316282072803006e-14
776.0,0.02999999999999403,7.105427357601002e-15,0.06708203932498828,0.14999999999998437,7.105427357601002e-15,-7.105427357601002e-15,7.105427357601002e-15,-2.1316282072803006e-14
778.0,0.02999999999999403,7.105427357601002e-15,0.06708203932498828,0.14999999999998437,7.105427357601002e-15,-7.105427357601002e-15,7.105427357601002e-15,-2.1316282072803006e-14
780.0,0.024999999999994315,7.105427357601002e-15,0.055901699437489974,0.12499999999998579,7.105427357601002e-15,-7.105427357601002e-15,7.105427357601002e-15,-2.1316282072803006e-14
782.0,0.02999999999999403,7.105427357601002e-15,0.06708203932498828,0.14999999999998437,7.105427357601002e-15,-7.105427357601002e-15,7.105427357601002e-15,-2.1316282072803006e-14
784.0,0.02999999999999403,7.105427357601002e-15,0.06708203932498828,0.14999999999998437,7.105427357601002e-15,-7.105427357601002e-15,7.105427357601002e-15,-2.1316282072803006e-14
786.0,0.02999999999999403,7.105427357601002e-15,0.06708203932498828,0.14999999999998437,7.105427357601002e-15,-7.105427357601002e-15,7.105427357601002e-15,-2.1316282072803006e-14
788.0,0.02999999999999403,7.105427357601002e-15,0.06708203932498828,0.14999999999998437,7.105427357601002e-15,-7.105427357601002e-15,7.105427357601002e-15,-2.1316282072803006e-14
790.0,0.02999999999999403,7.105427357601002e-15,0.06708203932498828,0.14999999999998437,7.105427357601002e-15,-7.105427357601002e-15,7.105427357601002e-15,-2.1316282072803006e-14
792.0,0.024999999999994315,7.105427357601002e-15,0.055901699437489974,0.12499999999998579,7.105427357601002e-15,-7.105427357601002e-15,7.105427357601002e-15,-2.1316282072803006e-14
794.0,0.02999999999999403,7.105427357601002e-15,0.06708203932498828,0.14999999999998437,7.105427357601002e-15,-7.105427357601002e-15,7.105427357601002e-15,-2.1316282072803006e-14
796.0,0.02999999999999403,7.105427357601002e-15,0.06708203932498828,0.14999999999998437,7.105427357601002e-15,-7.105427357601002e-15,7.105427357601002e-15,-2.1316282072803006e-14
798.0,0.02999999999999403,7.105427357601002e-15,0.06708203932498828,0.14999999999998437,7.105427357601002e-15,-7.105427357601002e-15,7.105427357601002e-15,-2.1316282072803006e-14
800.0,0.02999999999999403,7.105427357601002e-15,0.06708203932498828,0.14999999999998437,7.105427357601002e-15,-7.105427357601002e-15,7.105427357601002e-15,-2.1316282072803006e-14
802.0,0.02999999999999403,7.105427357601002e-15,0.06708203932498828,0.14999999999998437,7.105427357601002e-15,-7.105427357601002e-15,7.105427357601002e-15,-2.1316282072803006e-14
804.0,0.024999999999994315,7.105427357601002e-15,0.055901699437489974,0.12499999999998579,7.105427357601002e-15,-7.105427357601002e-15,7.105427357601002e-15,-2.1316282072803006e-14
806.0,0.02999999999999403,7.105427357601002e-15,0.06708203932498828,0.14999999999998437,7.105427357601002e-15,-7.105427357601002e-15,7.105427357601002e-15,-2.1316282072803006e-14
808.0,0.02999999999999403,7.105427357601002e-15,0.06708203932498828,0.14999999999998437,7.105427357601002e-15,-7.105427357601002e-15,7.105427357601002e-15,-2.1316282072803006e-14
810.0,0.024999999999994315,7.105427357601002e-15,0.055901699437489974,0.12499999999998579,7.105427357601002e-15,-7.105427357601002e-15,7.105427357601002e-15,-2.1316282072803006e-14
812.0,0.02999999999999403,7.105427357601002e-15,0.06708203932498828,0.14999999999998437,7.105427357601002e-15,-7.105427357601002e-15,7.105427357601002e-15,-2.1316282072803006e-14
814.0,0.02999999999999403,7.105427357601002e-15,0.06708203932498828,0.14999999999998437,7.105427357601002e-15,-7.105427357601002e-15,7.105427357601002e-15,-2.1316282072803006e-14
816.0,0.024999999999994315,7.105427357601002e-15,0.055901699437489974,0.12499999999998579,7.105427357601002e-15,-7.105427357601002e-15,7.105427357601002e-15,-2.1316282072803006e-14
818.0,0.02999999999999403,7.105427357601002e-15,0.06708203932498828,0.14999999999998437,7.105427357601002e-15,-7.105427357601002e-15,7.105427357601002e-15,-2.1316282072803006e-14
820.0,0.02999999999999403,7.105427357601002e-15,0.06708203932498828,0.14999999999998437,7.105427357601002e-15,-7.105427357601002e-15,7.105427357601002e-15,-2.1316282072803006e-14
822.0,0.024999999999994315,7.105427357601002e-15,0.055901699437489974,0.12499999999998579,7.105427357601002e-15,-7.105427357601002e-15,7.105427357601002e-15,-2.1316282072803006e-14
824.0,0.02999999999999403,7.105427357601002e-15,0.06708203932498828,0.14999999999998437,7.105427357601002e-15,-7.105427357601002e-15,7.105427357601002e-15,-2.1316282072803006e-14
826.0,0.024999999999994315,7.105427357601002e-15,0.055901699437489974,0.12499999999998579,7.105427357601002e-15,-7.105427357601002e-15,7.105427357601002e-15,-2.1316282072803006e-14
828.0,0.02999999999999403,7.105427357601002e-15,0.06708203932498828,0.14999999999998437,7.105427357601002e-15,-7.105427357601002e-15,7.105427357601002e-15,-2.1316282072803006e-14
830.0,0.024999999999994315,7.105427357601002e-15,0.055901699437489974,0.12499999999998579,7.105427357601002e-15,-7.105427357601002e-15,7.105427357601002e-15,-2.1316282072803006e-14
832.0,0.02999999999999403,7.105427357601002e-15,0.06708203932498828,0.14999999999998437,7.105427357601002e-15,-7.105427357601002e-15,7.105427357601002e-15,-2.1316282072803006e-14
834.0,0.024999999999994315,7.105427357601002e-15,0.055901699437489974,0.12499999999998579,7.105427357601002e-15,-7.105427357601002e-15,7.105427357601002e-15,-2.1316282072803006e-14
836.0,0.02999999999999403,7.105427357601002e-15,0.06708203932498828,0.14999999999998437,7.105427357601002e-15,-7.105427357601002e-15,7.105427357601002e-15,-2.1316282072803006e-14
838.0,0.02999999999999403,7.105427357601002e-15,0.06708203932498828,0.14999999999998437,7.105427357601002e-15,-7.105427357601002e-15,7.105427357601002e-15,-2.1316282072803006e-14
840.0,0.024999999999994315,7.105427357601002e-15,0.055901699437489974,0.12499999999998579,7.105427357601002e-15,-7.105427357601002e-15,7.105427357601002e-15,-2.1316282072803006e-14
842.0,0.02999999999999403,7.105427357601002e-15,0.06708203932498828,0.14999999999998437,7.105427357601002e-15,-7.105427357601002e-15,7.105427357601002e-15,-2.1316282072803006e-14
844.0,0.024999999999994315,7.105427357601002e-15,0.055901699437489974,0.12499999999998579,7.105427357601002e-15,-7.105427357601002e-15,7.105427357601002e-15,-2.1316282072803006e-14
846.0,0.02999999999999403,7.105427357601002e-15,0.06708203932498828,0.14999999999998437,7.105427357601002e-15,-7.105427357601002e-15,7.105427357601002e-15,-2.1316282072803006e-14
848.0,0.02999999999999403,7.105427357601002e-15,0.06708203932498828,0.14999999999998437,7.105427357601002e-15,-7.105427357601002e-15,7.105427357601002e-15,-2.1316282072803006e-14
850.0,0.024999999999994315,7.105427357601002e-15,0.055901699437489974,0.12499999999998579,7.105427357601002e-15,-7.105427357601002e-15,7.105427357601002e-15,-2.1316282072803006e-14
852.0,0.02999999999999403,7.105427357601002e-15,0.06708203932498828,0.14999999999998437,7.105427357601002e-15,-7.105427357601002e-15,7.105427357601002e-15,-2.1316282072803006e-14
854.0,0.024999999999994315,7.105427357601002e-15,0.055901699437489974,0.12499999999998579,7.105427357601002e-15,-7.105427357601002e-15,7.105427357601002e-15,-2.1316282072803006e-14
856.0,0.02999999999999403,7.105427357601002e-15,0.06708203932498828,0.14999999999998437,7.105427357601002e-15,-7.105427357601002e-15,7.105427357601002e-15,-2.1316282072803006e-14
858.0,0.0199999999999946,7.105427357601002e-15,0.04472135954999166,0.09999999999998721,7.105427357601002e-15,-7.105427357601002e-15,7.105427357601002e-15,-2.1316282072803006e-14
860.0,0.02999999999999403,7.105427357601002e-15,0.06708203932498828,0.14999999999998437,7.105427357601002e-15,-7.105427357601002e-15,7.105427357601002e-15,-2.1316282072803006e-14
862.0,0.02999999999999403,7.105427357601002e-15,0.06708203932498828,0.14999999999998437,7.105427357601002e-15,-7.105427357601002e-15,7.105427357601002e-15,-2.1316282072803006e-14
864.0,0.02999999999999403,7.105427357601002e-15,0.06708203932498828,0.14999999999998437,7.105427357601002e-15,-7.105427357601002e-15,7.105427357601002e-15,-2.1316282072803006e-14
866.0,0.024999999999994315,7.105427357601002e-15,0.055901699437489974,0.12499999999998579,7.105427357601002e-15,-7.105427357601002e-15,7.105427357601002e-15,-2.1316282072803006e-14
868.0,0.024999999999994315,7.105427357601002e-15,0.055901699437489974,0.12499999999998579,7.105427357601002e-15,-7.105427357601002e-15,7.105427357601002e-15,-2.1316282072803006e-14
870.0,0.024999999999994315,7.105427357601002e-15,0.055901699437489974,0.12499999999998579,7.105427357601002e-15,-7.105427357601002e-15,7.105427357601002e-15,-2.1316282072803006e-14
872.0,0.02999999999999403,7.105427357601002e-15,0.06708203932498828,0.14999999999998437,7.105427357601002e-15,-7.105427357601002e-15,7.105427357601002e-15,-2.1316282072803006e-14
874.0,0.0199999999999946,7.105427357601002e-15,0.04472135954999166,0.09999999999998721,7.105427357601002e-15,-7.105427357601002e-15,7.105427357601002e-15,-2.1316282072803006e-14
876.0,0.02999999999999403,7.105427357601002e-15,0.06708203932498828,0.14999999999998437,7.105427357601002e-15,-7.105427357601002e-15,7.105427357601002e-15,-2.1316282072803006e-14
878.0,0.02999999999999403,7.105427357601002e-15,0.06708203932498828,0.14999999999998437,7.105427357601002e-15,-7.105427357601002e-15,7.105427357601002e-15,-2.1316282072803006e-14
880.0,0.0199999999999946,7.105427357601002e-15,0.04472135954999166,0.09999999999998721,7.105427357601002e-15,-7.105427357601002e-15,7.105427357601002e-15,-2.1316282072803006e-14
882.0,0.02999999999999403,7.105427357601002e-15,0.06708203932498828,0.14999999999998437,7.105427357601002e-15,-7.105427357601002e-15,7.105427357601002e-15,-2.1316282072803006e-14
884.0,0.02999999999999403,7.105427357601002e-15,0.06708203932498828,0.14999999999998437,7.105427357601002e-15,-7.105427357601002e-15,7.105427357601002e-15,-2.1316282072803006e-14
886.0,0.0199999999999946,7.105427357601002e-15,0.04472135954999166,0.09999999999998721,7.105427357601002e-15,-7.105427357601002e-15,7.105427357601002e-15,-2.1316282072803006e-14
888.0,0.0199999999999946,7.105427357601002e-15,0.04472135954999166,0.09999999999998721,7.105427357601002e-15,-7.105427357601002e-15,7.105427357601002e-15,-2.1316282072803006e-14
890.0,0.0199999999999946,7.105427357601002e-15,0.04472135954999166,0.09999999999998721,7.105427357601002e-15,-7.105427357601002e-15,7.105427357601002e-15,-2.1316282072803006e-14
892.0,0.0199999999999946,7.105427357601002e-15,0.04472135954999166,0.09999999999998721,7.105427357601002e-15,-7.105427357601002e-15,7.105427357601002e-15,-2.1316282072803006e-14
894.0,0.0199999999999946,7.105427357601002e-15,0.04472135954999166,0.09999999999998721,7.105427357601002e-15,-7.105427357601002e-15,7.105427357601002e-15,-2.1316282072803006e-14
896.0,0.0199999999999946,7.105427357601002e-15,0.04472135954999166,0.09999999999998721,7.105427357601002e-15,-7.105427357601002e-15,7.105427357601002e-15,-2.1316282072803006e-14
898.0,0.0199999999999946,7.105427357601002e-15,0.04472135954999166,0.09999999999998721,7.105427357601002e-15,-7.105427357601002e-15,7.105427357601002e-15,-2.1316282072803006e-14
900.0,0.0199999999999946,7.105427357601002e-15,0.04472135954999166,0.09999999999998721,7.105427357601002e-15,-7.105427357601002e-15,7.105427357601002e-15,-2.1316282072803006e-14
902.0,0.0199999999999946,7.105427357601002e-15,0.04472135954999166,0.09999999999998721,7.105427357601002e-15,-7.105427357601002e-15,7.105427357601002e-15,-2.1316282072803006e-14
904.0,0.0199999999999946,7.105427357601002e-15,0.04472135954999166,0.09999999999998721,7.105427357601002e-15,-7.105427357601002e-15,7.105427357601002e-15,-2.1316282072803006e-14
906.0,0.0199999999999946,7.105427357601002e-15,0.04472135954999166,0.09999999999998721,7.105427357601002e-15,-7.105427357601002e-15,7.105427357601002e-15,-2.1316282072803006e-14
908.0,0.0199999999999946,7.105427357601002e-15,0.04472135954999166,0.09999999999998721,7.105427357601002e-15,-7.105427357601002e-15,7.105427357601002e-15,-2.1316282072803006e-14
910.0,0.0199999999999946,7.105427357601002e-15,0.04472135954999166,0.09999999999998721,7.105427357601002e-15,-7.105427357601002e-15,7.105427357601002e-15,-2.1316282072803006e-14
912.0,0.0199999999999946,7.105427357601002e-15,0.04472135954999166,0.09999999999998721,7.105427357601002e-15,-7.105427357601002e-15,7.105427357601002e-15,-2.1316282072803006e-14
914.0,0.0199999999999946,7.105427357601002e-15,0.04472135954999166,0.09999999999998721,7.105427357601002e-15,-7.105427357601002e-15,7.105427357601002e-15,-2.1316282072803006e-14
916.0,0.0199999999999946,7.105427357601002e-15,0.04472135954999166,0.09999999999998721,7.105427357601002e-15,-7.105427357601002e-15,7.105427357601002e-15,-2.1316282072803006e-14
918.0,0.014999999999994884,7.105427357601002e-15,0.03354101966249335,0.07499999999998863,7.105427357601002e-15,-7.105427357601002e-15,7.105427357601002e-15,-2.1316282072803006e-14
920.0,0.0199999999999946,7.105427357601002e-15,0.04472135954999166,0.09999999999998721,7.105427357601002e-15,-7.105427357601002e-15,7.105427357601002e-15,-2.1316282072803006e-14
922.0,0.014999999999994884,7.105427357601002e-15,0.03354101966249335,0.07499999999998863,7.105427357601002e-15,-7.105427357601002e-15,7.105427357601002e-15,-2.1316282072803006e-14
924.0,0.0199999999999946,7.105427357601002e-15,0.04472135954999166,0.09999999999998721,7.105427357601002e-15,-7.105427357601002e-15,7.105427357601002e-15,-2.1316282072803006e-14
926.0,0.0199999999999946,7.105427357601002e-15,0.04472135954999166,0.09999999999998721,7.105427357601002e-15,-7.105427357601002e-15,7.105427357601002e-15,-2.1316282072803006e-14
928.0,0.0199999999999946,7.105427357601002e-15,0.04472135954999166,0.09999999999998721,7.105427357601002e-15,-7.105427357601002e-15,7.105427357601002e-15,-2.1316282072803006e-14
930.0,0.0199999999999946,7.105427357601002e-15,0.04472135954999166,0.09999999999998721,7.105427357601002e-15,-7.105427357601002e-15,7.105427357601002e-15,-2.1316282072803006e-14
932.0,0.0199999999999946,7.105427357601002e-15,0.04472135954999166,0.09999999999998721,7.105427357601002e-15,-7.105427357601002e-15,7.105427357601002e-15,-2.1316282072803006e-14
934.0,0.0199999999999946,7.105427357601002e-15,0.04472135954999166,0.09999999999998721,7.105427357601002e-15,-7.105427357601002e-15,7.105427357601002e-15,-2.1316282072803006e-14
936.0,0.0199999999999946,7.105427357601002e-15,0.04472135954999166,0.09999999999998721,7.105427357601002e-15,-7.105427357601002e-15,7.105427357601002e-15,-2.1316282072803006e-14
938.0,0.0199999999999946,7.105427357601002e-15,0.04472135954999166,0.09999999999998721,7.105427357601002e-15,-7.105427357601002e-15,7.105427357601002e-15,-2.1316282072803006e-14
940.0,0.009999999999995169,7.105427357601002e-15,0.022360679774995038,0.04999999999999005,7.105427357601002e-15,-7.105427357601002e-15,7.105427357601002e-15,-2.1316282072803006e-14
942.0,0.009999999999995169,7.105427357601002e-15,0.022360679774995038,0.04999999999999005,7.105427357601002e-15,-7.105427357601002e-15,7.105427357601002e-15,-2.1316282072803006e-14
944.0,0.014999999999994884,7.105427357601002e-15,0.03354101966249335,0.07499999999998863,7.105427357601002e-15,-7.105427357601002e-15,7.105427357601002e-15,-2.1316282072803006e-14
946.0,0.0199999999999946,7.105427357601002e-15,0.04472135954999166,0.09999999999998721,7.105427357601002e-15,-7.105427357601002e-15,7.105427357601002e-15,-2.1316282072803006e-14
948.0,0.014999999999994884,7.105427357601002e-15,0.03354101966249335,0.07499999999998863,7.105427357601002e-15,-7.105427357601002e-15,7.105427357601002e-15,-2.1316282072803006e-14
950.0,0.0199999999999946,7.105427357601002e-15,0.04472135954999166,0.09999999999998721,7.105427357601002e-15,-7.105427357601002e-15,7.105427357601002e-15,-2.1316282072803006e-14
952.0,0.009999999999995169,7.105427357601002e-15,0.022360679774995038,0.04999999999999005,7.105427357601002e-15,-7.105427357601002e-15,7.105427357601002e-15,-2.1316282072803006e-14
954.0,0.0199999999999946,7.105427357601002e-15,0.04472135954999166,0.09999999999998721,7.105427357601002e-15,-7.105427357601002e-15,7.105427357601002e-15,-2.1316282072803006e-14
956.0,0.009999999999995169,7.105427357601002e-15,0.022360679774995038,0.04999999999999005,7.105427357601002e-15,-7.105427357601002e-15,7.105427357601002e-15,-2.1316282072803006e-14
958.0,0.009999999999995169,7.105427357601002e-15,0.022360679774995038,0.04999999999999005,7.105427357601002e-15,-7.105427357601002e-15,7.105427357601002e-15,-2.1316282072803006e-14
960.0,0.014999999999994884,7.105427357601002e-15,0.03354101966249335,0.07499999999998863,7.105427357601002e-15,-7.105427357601002e-15,7.105427357601002e-15,-2.1316282072803006e-14
962.0,0.0199999999999946,7.105427357601002e-15,0.04472135954999166,0.09999999999998721,7.105427357601002e-15,-7.105427357601002e-15,7.105427357601002e-15,-2.1316282072803006e-14
964.0,0.0199999999999946,7.105427357601002e-15,0.04472135954999166,0.09999999999998721,7.105427357601002e-15,-7.105427357601002e-15,7.105427357601002e-15,-2.1316282072803006e-14
966.0,0.009999999999995169,7.105427357601002e-15,0.022360679774995038,0.04999999999999005,7.105427357601002e-15,-7.105427357601002e-15,7.105427357601002e-15,-2.1316282072803006e-14
968.0,0.014999999999994884,7.105427357601002e-15,0.03354101966249335,0.07499999999998863,7.105427357601002e-15,-7.105427357601002e-15,7.105427357601002e-15,-2.1316282072803006e-14
970.0,0.009999999999995169,7.105427357601002e-15,0.022360679774995038,0.04999999999999005,7.105427357601002e-15,-7.105427357601002e-15,7.105427357601002e-15,-2.1316282072803006e-14
972.0,0.014999999999994884,7.105427357601002e-15,0.03354101966249335,0.07499999999998863,7.105427357601002e-15,-7.105427357601002e-15,7.105427357601002e-15,-2.1316282072803006e-14
974.0,0.009999999999995169,7.105427357601002e-15,0.022360679774995038,0.04999999999999005,7.105427357601002e-15,-7.105427357601002e-15,7.105427357601002e-15,-2.1316282072803006e-14
976.0,0.009999999999995169,7.105427357601002e-15,0.022360679774995038,0.04999999999999005,7.105427357601002e-15,-7.105427357601002e-15,7.105427357601002e-15,-2.1316282072803006e-14
978.0,0.014999999999994884,7.105427357601002e-15,0.03354101966249335,0.07499999999998863,7.105427357601002e-15,-7.105427357601002e-15,7.105427357601002e-15,-2.1316282072803006e-14
980.0,0.009999999999995169,7.105427357601002e-15,0.022360679774995038,0.04999999999999005,7.105427357601002e-15,-7.105427357601002e-15,7.105427357601002e-15,-2.1316282072803006e-14
982.0,0.0199999999999946,7.105427357601002e-15,0.04472135954999166,0.09999999999998721,7.105427357601002e-15,-7.105427357601002e-15,7.105427357601002e-15,-2.1316282072803006e-14
984.0,0.014999999999994884,7.105427357601002e-15,0.03354101966249335,0.07499999999998863,7.105427357601002e-15,-7.105427357601002e-15,7.105427357601002e-15,-2.1316282072803006e-14
986.0,0.014999999999994884,7.105427357601002e-15,0.03354101966249335,0.07499999999998863,7.105427357601002e-15,-7.105427357601002e-15,7.105427357601002e-15,-2.1316282072803006e-14
988.0,0.014999999999994884,7.105427357601002e-15,0.03354101966249335,0.07499999999998863,7.105427357601002e-15,-7.105427357601002e-15,7.105427357601002e-15,-2.1316282072803006e-14
990.0,0.009999999999995169,7.105427357601002e-15,0.022360679774995038,0.04999999999999005,7.105427357601002e-15,-7.105427357601002e-15,7.105427357601002e-15,-2.1316282072803006e-14
992.0,0.014999999999994884,7.105427357601002e-15,0.03354101966249335,0.07499999999998863,7.105427357601002e-15,-7.105427357601002e-15,7.105427357601002e-15,-2.1316282072803006e-14
994.0,0.009999999999995169,7.105427357601002e-15,0.022360679774995038,0.04999999999999005,7.105427357601002e-15,-7.105427357601002e-15,7.105427357601002e-15,-2.1316282072803006e-14
996.0,0.009999999999995169,7.105427357601002e-15,0.022360679774995038,0.04999999999999005,7.105427357601002e-15,-7.105427357601002e-15,7.105427357601002e-15,-2.1316282072803006e-14
998.0,0.009999999999995169,7.105427357601002e-15,0.022360679774995038,0.04999999999999005,7.105427357601002e-15,-7.105427357601002e-15,7.105427357601002e-15,-2.1316282072803006e-14
1000.0,0.009999999999995169,7.105427357601002e-15,0.022360679774995038,0.04999999999999005,7.105427357601002e-15,-7.105427357601002e-15,7.105427357601002e-15,-2.1316282072803006e-14
1002.0,0.009999999999995169,7.105427357601002e-15,0.022360679774995038,0.04999999999999005,7.105427357601002e-15,-7.105427357601002e-15,7.105427357601002e-15,-2.1316282072803006e-14
1004.0,0.014999999999994884,7.105427357601002e-15,0.03354101966249335,0.07499999999998863,7.105427357601002e-15,-7.105427357601002e-15,7.105427357601002e-15,-2.1316282072803006e-14
1006.0,0.009999999999995169,7.105427357601002e-15,0.022360679774995038,0.04999999999999005,7.105427357601002e-15,-7.105427357601002e-15,7.105427357601002e-15,-2.1316282072803006e-14
1008.0,0.014999999999994884,7.105427357601002e-15,0.03354101966249335,0.07499999999998863,7.105427357601002e-15,-7.105427357601002e-15,7.105427357601002e-15,-2.1316282072803006e-14
1010.0,0.009999999999995169,7.105427357601002e-15,0.022360679774995038,0.04999999999999005,7.105427357601002e-15,-7.105427357601002e-15,7.105427357601002e-15,-2.1316282072803006e-14
1012.0,0.009999999999995169,7.105427357601002e-15,0.022360679774995038,0.04999999999999005,7.105427357601002e-15,-7.105427357601002e-15,7.105427357601002e-15,-2.1316282072803006e-14
1014.0,0.009999999999995169,7.105427357601002e-15,0.022360679774995038,0.04999999999999005,7.105427357601002e-15,-7.105427357601002e-15,7.105427357601002e-15,-2.1316282072803006e-14
1016.0,0.009999999999995169,7.105427357601002e-15,0.022360679774995038,0.04999999999999005,7.105427357601002e-15,-7.105427357601002e-15,7.105427357601002e-15,-2.1316282072803006e-14
1018.0,0.009999999999995169,7.105427357601002e-15,0.022360679774995038,0.04999999999999005,7.105427357601002e-15,-7.105427357601002e-15,7.105427357601002e-15,-2.1316282072803006e-14
1020.0,0.009999999999995169,7.105427357601002e-15,0.022360679774995038,0.04999999999999005,7.105427357601002e-15,-7.105427357601002e-15,7.105427357601002e-15,-2.1316282072803006e-14
1022.0,0.009999999999995169,7.105427357601002e-15,0.022360679774995038,0.04999999999999005,7.105427357601002e-15,-7.105427357601002e-15,7.105427357601002e-15,-2.1316282072803006e-14
1024.0,0.009999999999995169,7.105427357601002e-15,0.022360679774995038,0.04999999999999005,7.105427357601002e-15,-7.105427357601002e-15,7.105427357601002e-15,-2.1316282072803006e-14
1026.0,0.009999999999995169,7.105427357601002e-15,0.022360679774995038,0.04999999999999005,7.105427357601002e-15,-7.105427357601002e-15,7.105427357601002e-15,-2.1316282072803006e-14
1028.0,0.009999999999995169,7.105427357601002e-15,0.022360679774995038,0.04999999999999005,7.105427357601002e-15,-7.105427357601002e-15,7.105427357601002e-15,-2.1316282072803006e-14
1030.0,0.009999999999995169,7.105427357601002e-15,0.022360679774995038,0.04999999999999005,7.105427357601002e-15,-7.105427357601002e-15,7.105427357601002e-15,-2.1316282072803006e-14
1032.0,0.0049999999999954525,7.105427357601002e-15,0.011180339887496725,0.024999999999991473,7.105427357601002e-15,-7.105427357601002e-15,7.105427357601002e-15,-2.1316282072803006e-14
1034.0,0.009999999999995169,7.105427357601002e-15,0.022360679774995038,0.04999999999999005,7.105427357601002e-15,-7.105427357601002e-15,7.105427357601002e-15,-2.1316282072803006e-14
1036.0,0.009999999999995169,7.105427357601002e-15,0.022360679774995038,0.04999999999999005,7.105427357601002e-15,-7.105427357601002e-15,7.105427357601002e-15,-2.1316282072803006e-14
1038.0,0.0049999999999954525,7.105427357601002e-15,0.011180339887496725,0.024999999999991473,7.105427357601002e-15,-7.105427357601002e-15,7.105427357601002e-15,-2.1316282072803006e-14
1040.0,0.009999999999995169,7.105427357601002e-15,0.022360679774995038,0.04999999999999005,7.105427357601002e-15,-7.105427357601002e-15,7.105427357601002e-15,-2.1316282072803006e-14
1042.0,0.009999999999995169,7.105427357601002e-15,0.022360679774995038,0.04999999999999005,7.105427357601002e-15,-7.105427357601002e-15,7.105427357601002e-15,-2.1316282072803006e-14
1044.0,0.009999999999995169,7.105427357601002e-15,0.022360679774995038,0.04999999999999005,7.105427357601002e-15,-7.105427357601002e-15,7.105427357601002e-15,-2.1316282072803006e-14
1046.0,0.009999999999995169,7.105427357601002e-15,0.022360679774995038,0.04999999999999005,7.105427357601002e-15,-7.105427357601002e-15,7.105427357601002e-15,-2.1316282072803006e-14
1048.0,0.0049999999999954525,7.105427357601002e-15,0.011180339887496725,0.024999999999991473,7.105427357601002e-15,-7.105427357601002e-15,7.105427357601002e-15,-2.1316282072803006e-14
1050.0,0.009999999999995169,7.105427357601002e-15,0.022360679774995038,0.04999999999999005,7.105427357601002e-15,-7.105427357601002e-15,7.105427357601002e-15,-2.1316282072803006e-14
1052.0,0.009999999999995169,7.105427357601002e-15,0.022360679774995038,0.04999999999999005,7.105427357601002e-15,-7.105427357601002e-15,7.105427357601002e-15,-2.1316282072803006e-14
1054.0,0.009999999999995169,7.105427357601002e-15,0.022360679774995038,0.04999999999999005,7.105427357601002e-15,-7.105427357601002e-15,7.105427357601002e-15,-2.1316282072803006e-14
1056.0,0.0049999999999954525,7.105427357601002e-15,0.011180339887496725,0.024999999999991473,7.105427357601002e-15,-7.105427357601002e-15,7.105427357601002e-15,-2.1316282072803006e-14
1058.0,0.009999999999995169,7.105427357601002e-15,0.022360679774995038,0.04999999999999005,7.105427357601002e-15,-7.105427357601002e-15,7.105427357601002e-15,-2.1316282072803006e-14
1060.0,0.0049999999999954525,7.105427357601002e-15,0.011180339887496725,0.024999999999991473,7.105427357601002e-15,-7.105427357601002e-15,7.105427357601002e-15,-2.1316282072803006e-14
1062.0,0.009999999999995169,7.105427357601002e-15,0.022360679774995038,0.04999999999999005,7.105427357601002e-15,-7.105427357601002e-15,7.105427357601002e-15,-2.1316282072803006e-14
1064.0,0.0049999999999954525,7.105427357601002e-15,0.011180339887496725,0.024999999999991473,7.105427357601002e-15,-7.105427357601002e-15,7.105427357601002e-15,-2.1316282072803006e-14
1066.0,0.0049999999999954525,7.105427357601002e-15,0.011180339887496725,0.024999999999991473,7.105427357601002e-15,-7.105427357601002e-15,7.105427357601002e-15,-2.1316282072803006e-14
1068.0,0.009999999999995169,7.105427357601002e-15,0.022360679774995038,0.04999999999999005,7.105427357601002e-15,-7.105427357601002e-15,7.105427357601002e-15,-2.1316282072803006e-14
1070.0,0.0049999999999954525,7.105427357601002e-15,0.011180339887496725,0.024999999999991473,7.105427357601002e-15,-7.105427357601002e-15,7.105427357601002e-15,-2.1316282072803006e-14
1072.0,0.0049999999999954525,7.105427357601002e-15,0.011180339887496725,0.024999999999991473,7.105427357601002e-15,-7.105427357601002e-15,7.105427357601002e-15,-2.1316282072803006e-14
1074.0,0.0049999999999954525,7.105427357601002e-15,0.011180339887496725,0.024999999999991473,7.105427357601002e-15,-7.105427357601002e-15,7.105427357601002e-15,-2.1316282072803006e-14
1076.0,0.009999999999995169,7.105427357601002e-15,0.022360679774995038,0.04999999999999005,7.105427357601002e-15,-7.105427357601002e-15,7.105427357601002e-15,-2.1316282072803006e-14
1078.0,0.0049999999999954525,7.105427357601002e-15,0.011180339887496725,0.024999999999991473,7.105427357601002e-15,-7.105427357601002e-15,7.105427357601002e-15,-2.1316282072803006e-14
1080.0,0.0049999999999954525,7.105427357601002e-15,0.011180339887496725,0.024999999999991473,7.105427357601002e-15,-7.105427357601002e-15,7.105427357601002e-15,-2.1316282072803006e-14
1082.0,0.009999999999995169,7.105427357601002e-15,0.022360679774995038,0.04999999999999005,7.105427357601002e-15,-7.105427357601002e-15,7.105427357601002e-15,-2.1316282072803006e-14
1084.0,0.0049999999999954525,7.105427357601002e-15,0.011180339887496725,0.024999999999991473,7.105427357601002e-15,-7.105427357601002e-15,7.105427357601002e-15,-2.1316282072803006e-14
1086.0,0.0049999999999954525,7.105427357601002e-15,0.011180339887496725,0.024999999999991473,7.105427357601002e-15,-7.105427357601002e-15,7.105427357601002e-15,-2.1316282072803006e-14
1088.0,0.009999999999995169,7.105427357601002e-15,0.022360679774995038,0.04999999999999005,7.105427357601002e-15,-7.105427357601002e-15,7.105427357601002e-15,-2.1316282072803006e-14
1090.0,0.0049999999999954525,7.105427357601002e-15,0.011180339887496725,0.024999999999991473,7.105427357601002e-15,-7.105427357601002e-15,7.105427357601002e-15,-2.1316282072803006e-14
1092.0,0.0049999999999954525,7.105427357601002e-15,0.011180339887496725,0.024999999999991473,7.105427357601002e-15,-7.105427357601002e-15,7.105427357601002e-15,-2.1316282072803006e-14
1094.0,0.009999999999995169,7.105427357601002e-15,0.022360679774995038,0.04999999999999005,7.105427357601002e-15,-7.105427357601002e-15,7.105427357601002e-15,-2.1316282072803006e-14
1096.0,0.0049999999999954525,7.105427357601002e-15,0.011180339887496725,0.024999999999991473,7.105427357601002e-15,-7.105427357601002e-15,7.105427357601002e-15,-2.1316282072803006e-14
1098.0,0.0049999999999954525,7.105427357601002e-15,0.011180339887496725,0.024999999999991473,7.105427357601002e-15,-7.105427357601002e-15,7.105427357601002e-15,-2.1316282072803006e-14
1100.0,0.009999999999995169,7.105427357601002e-15,0.022360679774995038,0.04999999999999005,7.105427357601002e-15,-7.105427357601002e-15,7.105427357601002e-15,-2.1316282072803006e-14
1102.0,0.0049999999999954525,7.105427357601002e-15,0.011180339887496725,0.024999999999991473,7.105427357601002e-15,-7.105427357601002e-15,7.105427357601002e-15,-2.1316282072803006e-14
1104.0,0.0049999999999954525,7.105427357601002e-15,0.011180339887496725,0.024999999999991473,7.105427357601002e-15,-7.105427357601002e-15,7.105427357601002e-15,-2.1316282072803006e-14
1106.0,0.009999999999995169,7.105427357601002e-15,0.022360679774995038,0.04999999999999005,7.105427357601002e-15,-7.105427357601002e-15,7.105427357601002e-15,-2.1316282072803006e-14
1108.0,0.0049999999999954525,7.105427357601002e-15,0.011180339887496725,0.024999999999991473,7.105427357601002e-15,-7.105427357601002e-15,7.105427357601002e-15,-2.1316282072803006e-14
1110.0,-4.263256414560601e-15,-7.105427357601002e-15,1.1889654083092801e-14,-7.105427357601002e-15,7.105427357601002e-15,-7.105427357601002e-15,7.105427357601002e-15,-2.1316282072803006e-14
1112.0,0.0049999999999954525,7.105427357601002e-15,0.011180339887496725,0.024999999999991473,7.105427357601002e-15,-7.105427357601002e-15,7.105427357601002e-15,-2.1316282072803006e-14
1114.0,0.009999999999995169,7.105427357601002e-15,0.022360679774995038,0.04999999999999005,7.105427357601002e-15,-7.105427357601002e-15,7.105427357601002e-15,-2.1316282072803006e-14
1116.0,0.0049999999999954525,7.105427357601002e-15,0.011180339887496725,0.024999999999991473,7.105427357601002e-15,-7.105427357601002e-15,7.105427357601002e-15,-2.1316282072803006e-14
1118.0,0.0049999999999954525,7.105427357601002e-15,0.011180339887496725,0.024999999999991473,7.105427357601002e-15,-7.105427357601002e-15,7.105427357601002e-15,-2.1316282072803006e-14
1120.0,0.009999999999995169,7.105427357601002e-15,0.022360679774995038,0.04999999999999005,7.105427357601002e-15,-7.105427357601002e-15,7.105427357601002e-15,-2.1316282072803006e-14
1122.0,0.0049999999999954525,7.105427357601002e-15,0.011180339887496725,0.024999999999991473,7.105427357601002e-15,-7.105427357601002e-15,7.105427357601002e-15,-2.1316282072803006e-14
1124.0,-4.263256414560601e-15,-7.105427357601002e-15,1.1889654083092801e-14,-7.105427357601002e-15,7.105427357601002e-15,-7.105427357601002e-15,7.105427357601002e-15,-2.1316282072803006e-14
1126.0,0.0049999999999954525,7.105427357601002e-15,0.011180339887496725,0.024999999999991473,7.105427357601002e-15,-7.105427357601002e-15,7.105427357601002e-15,-2.1316282072803006e-14
1128.0,0.0049999999999954525,7.105427357601002e-15,0.011180339887496725,0.024999999999991473,7.105427357601002e-15,-7.105427357601002e-15,7.105427357601002e-15,-2.1316282072803006e-14
1130.0,0.0049999999999954525,7.105427357601002e-15,0.011180339887496725,0.024999999999991473,7.105427357601002e-15,-7.105427357601002e-15,7.105427357601002e-15,-2.1316282072803006e-14
1132.0,-4.263256414560601e-15,-7.105427357601002e-15,1.1889654083092801e-14,-7.105427357601002e-15,7.105427357601002e-15,-7.105427357601002e-15,7.105427357601002e-15,-2.1316282072803006e-14
1134.0,0.0049999999999954525,7.105427357601002e-15,0.011180339887496725,0.024999999999991473,7.105427357601002e-15,-7.105427357601002e-15,7.105427357601002e-15,-2.1316282072803006e-14
1136.0,0.0049999999999954525,7.105427357601002e-15,0.011180339887496725,0.024999999999991473,7.105427357601002e-15,-7.105427357601002e-15,7.105427357601002e-15,-2.1316282072803006e-14
1138.0,0.0049999999999954525,7.105427357601002e-15,0.011180339887496725,0.024999999999991473,7.105427357601002e-15,-7.105427357601002e-15,7.105427357601002e-15,-2.1316282072803006e-14
1140.0,0.0049999999999954525,7.105427357601002e-15,0.011180339887496725,0.024999999999991473,7.105427357601002e-15,-7.105427357601002e-15,7.105427357601002e-15,-2.1316282072803006e-14
1142.0,0.0049999999999954525,7.105427357601002e-15,0.011180339887496725,0.024999999999991473,7.105427357601002e-15,-7.105427357601002e-15,7.105427357601002e-15,-2.1316282072803006e-14
1144.0,0.0049999999999954525,7.105427357601002e-15,0.011180339887496725,0.024999999999991473,7.105427357601002e-15,-7.105427357601002e-15,7.105427357601002e-15,-2.1316282072803006e-14
1146.0,-4.263256414560601e-15,-7.105427357601002e-15,1.1889654083092801e-14,-7.105427357601002e-15,7.105427357601002e-15,-7.105427357601002e-15,7.105427357601002e-15,-2.1316282072803006e-14
1148.0,0.0049999999999954525,7.105427357601002e-15,0.011180339887496725,0.024999999999991473,7.105427357601002e-15,-7.105427357601002e-15,7.105427357601002e-15,-2.1316282072803006e-14
1150.0,0.0049999999999954525,7.105427357601002e-15,0.011180339887496725,0.024999999999991473,7.105427357601002e-15,-7.105427357601002e-15,7.105427357601002e-15,-2.1316282072803006e-14
1152.0,0.0049999999999954525,7.105427357601002e-15,0.011180339887496725,0.024999999999991473,7.105427357601002e-15,-7.105427357601002e-15,7.105427357601002e-15,-2.1316282072803006e-14
1154.0,-4.263256414560601e-15,-7.105427357601002e-15,1.1889654083092801e-14,-7.105427357601002e-15,7.105427357601002e-15,-7.105427357601002e-15,7.105427357601002e-15,-2.1316282072803006e-14
1156.0,0.0049999999999954525,7.105427357601002e-15,0.011180339887496725,0.024999999999991473,7.105427357601002e-15,-7.105427357601002e-15,7.105427357601002e-15,-2.1316282072803006e-14
1158.0,0.0049999999999954525,7.105427357601002e-15,0.011180339887496725,0.024999999999991473,7.105427357601002e-15,-7.105427357601002e-15,7.105427357601002e-15,-2.1316282072803006e-14
1160.0,0.0049999999999954525,7.105427357601002e-15,0.011180339887496725,0.024999999999991473,7.105427357601002e-15,-7.105427357601002e-15,7.105427357601002e-15,-2.1316282072803006e-14
1162.0,-4.263256414560601e-15,-7.105427357601002e-15,1.1889654083092801e-14,-7.105427357601002e-15,7.105427357601002e-15,-7.105427357601002e-15,7.105427357601002e-15,-2.1316282072803006e-14
1164.0,0.0049999999999954525,7.105427357601002e-15,0.011180339887496725,0.024999999999991473,7.105427357601002e-15,-7.105427357601002e-15,7.105427357601002e-15,-2.1316282072803006e-14
1166.0,0.0049999999999954525,7.105427357601002e-15,0.011180339887496725,0.024999999999991473,7.105427357601002e-15,-7.105427357601002e-15,7.105427357601002e-15,-2.1316282072803006e-14
1168.0,0.0049999999999954525,7.105427357601002e-15,0.011180339887496725,0.024999999999991473,7.105427357601002e-15,-7.105427357601002e-15,7.105427357601002e-15,-2.1316282072803006e-14
1170.0,0.0049999999999954525,7.105427357601002e-15,0.011180339887496725,0.024999999999991473,7.105427357601002e-15,-7.105427357601002e-15,7.105427357601002e-15,-2.1316282072803006e-14
1172.0,-4.263256414560601e-15,-7.105427357601002e-15,1.1889654083092801e-14,-7.105427357601002e-15,7.105427357601002e-15,-7.105427357601002e-15,7.105427357601002e-15,-2.1316282072803006e-14
1174.0,0.0049999999999954525,7.105427357601002e-15,0.011180339887496725,0.024999999999991473,7.105427357601002e-15,-7.105427357601002e-15,7.105427357601002e-15,-2.1316282072803006e-14
1176.0,-4.263256414560601e-15,-7.105427357601002e-15,1.1889654083092801e-14,-7.105427357601002e-15,7.105427357601002e-15,-7.105427357601002e-15,7.105427357601002e-15,-2.1316282072803006e-14
1178.0,0.0049999999999954525,7.105427357601002e-15,0.011180339887496725,0.024999999999991473,7.105427357601002e-15,-7.105427357601002e-15,7.105427357601002e-15,-2.1316282072803006e-14
1180.0,-4.263256414560601e-15,-7.105427357601002e-15,1.1889654083092801e-14,-7.105427357601002e-15,7.105427357601002e-15,-7.105427357601002e-15,7.105427357601002e-15,-2.1316282072803006e-14
1182.0,0.0049999999999954525,7.105427357601002e-15,0.011180339887496725,0.024999999999991473,7.105427357601002e-15,-7.105427357601002e-15,7.105427357601002e-15,-2.1316282072803006e-14
1184.0,0.0049999999999954525,7.105427357601002e-15,0.011180339887496725,0.024999999999991473,7.105427357601002e-15,-7.105427357601002e-15,7.105427357601002e-15,-2.1316282072803006e-14
1186.0,0.0049999999999954525,7.105427357601002e-15,0.011180339887496725,0.024999999999991473,7.105427357601002e-15,-7.105427357601002e-15,7.105427357601002e-15,-2.1316282072803006e-14
1188.0,0.0049999999999954525,7.105427357601002e-15,0.011180339887496725,0.024999999999991473,7.105427357601002e-15,-7.105427357601002e-15,7.105427357601002e-15,-2.1316282072803006e-14
1190.0,-4.263256414560601e-15,-7.105427357601002e-15,1.1889654083092801e-14,-7.105427357601002e-15,7.105427357601002e-15,-7.105427357601002e-15,7.105427357601002e-15,-2.1316282072803006e-14
1192.0,0.0049999999999954525,7.105427357601002e-15,0.011180339887496725,0.024999999999991473,7.105427357601002e-15,-7.105427357601002e-15,7.105427357601002e-15,-2.1316282072803006e-14
1194.0,-4.263256414560601e-15,-7.105427357601002e-15,1.1889654083092801e-14,-7.105427357601002e-15,7.105427357601002e-15,-7.105427357601002e-15,7.105427357601002e-15,-2.1316282072803006e-14
1196.0,0.0049999999999954525,7.105427357601002e-15,0.011180339887496725,0.024999999999991473,7.105427357601002e-15,-7.105427357601002e-15,7.105427357601002e-15,-2.1316282072803006e-14
1198.0,0.0049999999999954525,7.105427357601002e-15,0.011180339887496725,0.024999999999991473,7.105427357601002e-15,-7.105427357601002e-15,7.105427357601002e-15,-2.1316282072803006e-14
1200.0,0.0049999999999954525,7.105427357601002e-15,0.011180339887496725,0.024999999999991473,7.105427357601002e-15,-7.105427357601002e-15,7.105427357601002e-15,-2.1316282072803006e-14
1202.0,0.0049999999999954525,7.105427357601002e-15,0.011180339887496725,0.024999999999991473,7.105427357601002e-15,-7.105427357601002e-15,7.105427357601002e-15,-2.1316282072803006e-14
1204.0,-4.263256414560601e-15,-7.105427357601002e-15,1.1889654083092801e-14,-7.105427357601002e-15,7.105427357601002e-15,-7.105427357601002e-15,7.105427357601002e-15,-2.1316282072803006e-14
1206.0,0.0049999999999954525,7.105427357601002e-15,0.011180339887496725,0.024999999999991473,7.105427357601002e-15,-7.105427357601002e-15,7.105427357601002e-15,-2.1316282072803006e-14
1208.0,0.0049999999999954525,7.105427357601002e-15,0.011180339887496725,0.024999999999991473,7.105427357601002e-15,-7.105427357601002e-15,7.105427357601002e-15,-2.1316282072803006e-14
1210.0,0.0049999999999954525,7.105427357601002e-15,0.011180339887496725,0.024999999999991473,7.105427357601002e-15,-7.105427357601002e-15,7.105427357601002e-15,-2.1316282072803006e-14
1212.0,0.0049999999999954525,7.105427357601002e-15,0.011180339887496725,0.024999999999991473,7.105427357601002e-15,-7.105427357601002e-15,7.105427357601002e-15,-2.1316282072803006e-14
1214.0,-4.263256414560601e-15,-7.105427357601002e-15,1.1889654083092801e-14,-7.105427357601002e-15,7.105427357601002e-15,-7.105427357601002e-15,7.105427357601002e-15,-2.1316282072803006e-14
1216.0,-4.263256414560601e-15,-7.105427357601002e-15,1.1889654083092801e-14,-7.105427357601002e-15,7.105427357601002e-15,-7.105427357601002e-15,7.105427357601002e-15,-2.1316282072803006e-14
1218.0,0.0049999999999954525,7.105427357601002e-15,0.011180339887496725,0.024999999999991473,7.105427357601002e-15,-7.105427357601002e-15,7.105427357601002e-15,-2.1316282072803006e-14
1220.0,-4.263256414560601e-15,-7.105427357601002e-15,1.1889654083092801e-14,-7.105427357601002e-15,7.105427357601002e-15,-7.105427357601002e-15,7.105427357601002e-15,-2.1316282072803006e-14
1222.0,0.0049999999999954525,7.105427357601002e-15,0.011180339887496725,0.024999999999991473,7.105427357601002e-15,-7.105427357601002e-15,7.105427357601002e-15,-2.1316282072803006e-14
1224.0,-4.263256414560601e-15,-7.105427357601002e-15,1.1889654083092801e-14,-7.105427357601002e-15,7.105427357601002e-15,-7.105427357601002e-15,7.105427357601002e-15,-2.1316282072803006e-14
1226.0,-4.263256414560601e-15,-7.105427357601002e-15,1.1889654083092801e-14,-7.105427357601002e-15,7.105427357601002e-15,-7.105427357601002e-15,7.105427357601002e-15,-2.1316282072803006e-14
1228.0,0.0049999999999954525,7.105427357601002e-15,0.011180339887496725,0.024999999999991473,7.105427357601002e-15,-7.105427357601002e-15,7.105427357601002e-15,-2.1316282072803006e-14
1230.0,-4.263256414560601e-15,-7.105427357601002e-15,1.1889654083092801e-14,-7.105427357601002e-15,7.105427357601002e-15,-7.105427357601002e-15,7.105427357601002e-15,-2.1316282072803006e-14
1232.0,-4.263256414560601e-15,-7.105427357601002e-15,1.1889654083092801e-14,-7.105427357601002e-15,7.105427357601002e-15,-7.105427357601002e-15,7.105427357601002e-15,-2.1316282072803006e-14
1234.0,0.0049999999999954525,7.105427357601002e-15,0.011180339887496725,0.024999999999991473,7.105427357601002e-15,-7.105427357601002e-15,7.105427357601002e-15,-2.1316282072803006e-14
1236.0,-4.263256414560601e-15,-7.105427357601002e-15,1.1889654083092801e-14,-7.105427357601002e-15,7.105427357601002e-15,-7.105427357601002e-15,7.105427357601002e-15,-2.1316282072803006e-14
1238.0,-4.263256414560601e-15,-7.105427357601002e-15,1.1889654083092801e-14,-7.105427357601002e-15,7.105427357601002e-15,-7.105427357601002e-15,7.105427357601002e-15,-2.1316282072803006e-14
1240.0,-4.263256414560601e-15,-7.105427357601002e-15,1.1889654083092801e-14,-7.105427357601002e-15,7.105427357601002e-15,-7.105427357601002e-15,7.105427357601002e-15,-2.1316282072803006e-14
1242.0,0.0049999999999954525,7.105427357601002e-15,0.011180339887496725,0.024999999999991473,7.105427357601002e-15,-7.105427357601002e-15,7.105427357601002e-15,-2.1316282072803006e-14
1244.0,-4.263256414560601e-15,-7.105427357601002e-15,1.1889654083092801e-14,-7.105427357601002e-15,7.105427357601002e-15,-7.105427357601002e-15,7.105427357601002e-15,-2.1316282072803006e-14
1246.0,-4.263256414560601e-15,-7.105427357601002e-15,1.1889654083092801e-14,-7.105427357601002e-15,7.105427357601002e-15,-7.105427357601002e-15,7.105427357601002e-15,-2.1316282072803006e-14
1248.0,0.0049999999999954525,7.105427357601002e-15,0.011180339887496725,0.024999999999991473,7.105427357601002e-15,-7.105427357601002e-15,7.105427357601002e-15,-2.1316282072803006e-14
1250.0,-4.263256414560601e-15,-7.105427357601002e-15,1.1889654083092801e-14,-7.105427357601002e-15,7.105427357601002e-15,-7.105427357601002e-15,7.105427357601002e-15,-2.1316282072803006e-14
1252.0,-4.263256414560601e-15,-7.105427357601002e-15,1.1889654083092801e-14,-7.105427357601002e-15,7.105427357601002e-15,-7.105427357601002e-15,7.105427357601002e-15,-2.1316282072803006e-14
1254.0,-4.263256414560601e-15,-7.105427357601002e-15,1.1889654083092801e-14,-7.105427357601002e-15,7.105427357601002e-15,-7.105427357601002e-15,7.105427357601002e-15,-2.1316282072803006e-14
1256.0,0.0049999999999954525,7.105427357601002e-15,0.011180339887496725,0.024999999999991473,7.105427357601002e-15,-7.105427357601002e-15,7.105427357601002e-15,-2.1316282072803006e-14
1258.0,-4.263256414560601e-15,-7.105427357601002e-15,1.1889654083092801e-14,-7.105427357601002e-15,7.105427357601002e-15,-7.105427357601002e-15,7.105427357601002e-15,-2.1316282072803006e-14
1260.0,-4.263256414560601e-15,-7.105427357601002e-15,1.1889654083092801e-14,-7.105427357601002e-15,7.105427357601002e-15,-7.105427357601002e-15,7.105427357601002e-15,-2.1316282072803006e-14
1262.0,0.0049999999999954525,7.105427357601002e-15,0.011180339887496725,0.024999999999991473,7.105427357601002e-15,-7.105427357601002e-15,7.105427357601002e-15,-2.1316282072803006e-14
1264.0,-4.263256414560601e-15,-7.105427357601002e-15,1.1889654083092801e-14,-7.105427357601002e-15,7.105427357601002e-15,-7.105427357601002e-15,7.105427357601002e-15,-2.1316282072803006e-14
1266.0,-4.263256414560601e-15,-7.105427357601002e-15,1.1889654083092801e-14,-7.105427357601002e-15,7.105427357601002e-15,-7.105427357601002e-15,7.105427357601002e-15,-2.1316282072803006e-14
1268.0,-4.263256414560601e-15,-7.105427357601002e-15,1.1889654083092801e-14,-7.105427357601002e-15,7.105427357601002e-15,-7.105427357601002e-15,7.105427357601002e-15,-2.1316282072803006e-14
1270.0,0.0049999999999954525,7.105427357601002e-15,0.011180339887496725,0.024999999999991473,7.105427357601002e-15,-7.105427357601002e-15,7.105427357601002e-15,-2.1316282072803006e-14
1272.0,-4.263256414560601e-15,-7.105427357601002e-15,1.1889654083092801e-14,-7.105427357601002e-15,7.105427357601002e-15,-7.105427357601002e-15,7.105427357601002e-15,-2.1316282072803006e-14
1274.0,-4.263256414560601e-15,-7.105427357601002e-15,1.1889654083092801e-14,-7.105427357601002e-15,7.105427357601002e-15,-7.105427357601002e-15,7.105427357601002e-15,-2.1316282072803006e-14
1276.0,0.0049999999999954525,7.105427357601002e-15,0.011180339887496725,0.024999999999991473,7.105427357601002e-15,-7.105427357601002e-15,7.105427357601002e-15,-2.1316282072803006e-14
1278.0,-4.263256414560601e-15,-7.105427357601002e-15,1.1889654083092801e-14,-7.105427357601002e-15,7.105427357601002e-15,-7.105427357601002e-15,7.105427357601002e-15,-2.1316282072803006e-14
1280.0,-4.263256414560601e-15,-7.105427357601002e-15,1.1889654083092801e-14,-7.105427357601002e-15,7.105427357601002e-15,-7.105427357601002e-15,7.105427357601002e-15,-2.1316282072803006e-14
1282.0,-4.263256414560601e-15,-7.105427357601002e-15,1.1889654083092801e-14,-7.105427357601002e-15,7.105427357601002e-15,-7.105427357601002e-15,7.105427357601002e-15,-2.1316282072803006e-14
1284.0,0.0033333333333288805,7.105427357601002e-15,0.0074535599249972865,0.016666666666658614,7.105427357601002e-15,-7.105427357601002e-15,7.105427357601002e-15,-2.1316282072803006e-14
1286.0,-4.263256414560601e-15,-7.105427357601002e-15,1.1889654083092801e-14,-7.105427357601002e-15,7.105427357601002e-15,-7.105427357601002e-15,7.105427357601002e-15,-2.1316282072803006e-14
1288.0,-4.263256414560601e-15,-7.105427357601002e-15,1.1889654083092801e-14,-7.105427357601002e-15,7.105427357601002e-15,-7.105427357601002e-15,7.105427357601002e-15,-2.1316282072803006e-14
1290.0,-4.263256414560601e-15,-7.105427357601002e-15,1.1889654083092801e-14,-7.105427357601002e-15,7.105427357601002e-15,-7.105427357601002e-15,7.105427357601002e-15,-2.1316282072803006e-14
1292.0,0.0049999999999954525,7.105427357601002e-15,0.011180339887496725,0.024999999999991473,7.105427357601002e-15,-7.105427357601002e-15,7.105427357601002e-15,-2.1316282072803006e-14
1294.0,-4.263256414560601e-15,-7.105427357601002e-15,1.1889654083092801e-14,-7.105427357601002e-15,7.105427357601002e-15,-7.105427357601002e-15,7.105427357601002e-15,-2.1316282072803006e-14
1296.0,-4.263256414560601e-15,-7.105427357601002e-15,1.1889654083092801e-14,-7.105427357601002e-15,7.105427357601002e-15,-7.105427357601002e-15,7.105427357601002e-15,-2.1316282072803006e-14
1298.0,-4.263256414560601e-15,-7.105427357601002e-15,1.1889654083092801e-14,-7.105427357601002e-15,7.105427357601002e-15,-7.105427357601002e-15,7.105427357601002e-15,-2.1316282072803006e-14
1300.0,0.0049999999999954525,7.105427357601002e-15,0.011180339887496725,0.024999999999991473,7.105427357601002e-15,-7.105427357601002e-15,7.105427357601002e-15,-2.1316282072803006e-14
1302.0,-4.263256414560601e-15,-7.105427357601002e-15,1.1889654083092801e-14,-7.105427357601002e-15,7.105427357601002e-15,-7.105427357601002e-15,7.105427357601002e-15,-2.1316282072803006e-14
1304.0,-4.263256414560601e-15,-7.105427357601002e-15,1.1889654083092801e-14,-7.105427357601002e-15,7.105427357601002e-15,-7.105427357601002e-15,7.105427357601002e-15,-2.1316282072803006e-14
1306.0,-4.263256414560601e-15,-7.105427357601002e-15,1.1889654083092801e-14,-7.105427357601002e-15,7.105427357601002e-15,-7.105427357601002e-15,7.105427357601002e-15,-2.1316282072803006e-14
1308.0,0.0049999999999954525,7.105427357601002e-15,0.011180339887496725,0.024999999999991473,7.105427357601002e-15,-7.105427357601002e-15,7.105427357601002e-15,-2.1316282072803006e-14
1310.0,-4.263256414560601e-15,-7.105427357601002e-15,1.1889654083092801e-14,-7.105427357601002e-15,7.105427357601002e-15,-7.105427357601002e-15,7.105427357601002e-15,-2.1316282072803006e-14
1312.0,-4.263256414560601e-15,-7.105427357601002e-15,1.1889654083092801e-14,-7.105427357601002e-15,7.105427357601002e-15,-7.105427357601002e-15,7.105427357601002e-15,-2.1316282072803006e-14
1314.0,0.0049999999999954525,7.105427357601002e-15,0.011180339887496725,0.024999999999991473,7.105427357601002e-15,-7.105427357601002e-15,7.105427357601002e-15,-2.1316282072803006e-14
1316.0,-4.263256414560601e-15,-7.105427357601002e-15,1.1889654083092801e-14,-7.105427357601002e-15,7.105427357601002e-15,-7.105427357601002e-15,7.105427357601002e-15,-2.1316282072803006e-14
1318.0,-4.263256414560601e-15,-7.105427357601002e-15,1.1889654083092801e-14,-7.105427357601002e-15,7.105427357601002e-15,-7.105427357601002e-15,7.105427357601002e-15,-2.1316282072803006e-14
1320.0,-4.263256414560601e-15,-7.105427357601002e-15,1.1889654083092801e-14,-7.105427357601002e-15,7.105427357601002e-15,-7.105427357601002e-15,7.105427357601002e-15,-2.1316282072803006e-14
1322.0,-4.263256414560601e-15,-7.105427357601002e-15,1.1889654083092801e-14,-7.105427357601002e-15,7.105427357601002e-15,-7.105427357601002e-15,7.105427357601002e-15,-2.1316282072803006e-14
1324.0,0.0049999999999954525,7.105427357601002e-15,0.011180339887496725,0.024999999999991473,7.105427357601002e-15,-7.105427357601002e-15,7.105427357601002e-15,-2.1316282072803006e-14
1326.0,-4.263256414560601e-15,-7.105427357601002e-15,1.1889654083092801e-14,-7.105427357601002e-15,7.105427357601002e-15,-7.105427357601002e-15,7.105427357601002e-15,-2.1316282072803006e-14
1328.0,-4.263256414560601e-15,-7.105427357601002e-15,1.1889654083092801e-14,-7.105427357601002e-15,7.105427357601002e-15,-7.105427357601002e-15,7.105427357601002e-15,-2.1316282072803006e-14
1330.0,-4.263256414560601e-15,-7.105427357601002e-15,1.1889654083092801e-14,-7.105427357601002e-15,7.105427357601002e-15,-7.105427357601002e-15,7.105427357601002e-15,-2.1316282072803006e-14
1332.0,-4.263256414560601e-15,-7.105427357601002e-15,1.1889654083092801e-14,-7.105427357601002e-15,7.105427357601002e-15,-7.105427357601002e-15,7.105427357601002e-15,-2.1316282072803006e-14
1334.0,-4.263256414560601e-15,-7.105427357601002e-15,1.1889654083092801e-14,-7.105427357601002e-15,7.105427357601002e-15,-7.105427357601002e-15,7.105427357601002e-15,-2.1316282072803006e-14
1336.0,-4.263256414560601e-15,-7.105427357601002e-15,1.1889654083092801e-14,-7.105427357601002e-15,7.105427357601002e-15,-7.105427357601002e-15,7.105427357601002e-15,-2.1316282072803006e-14
1338.0,-4.263256414560601e-15,-7.105427357601002e-15,1.1889654083092801e-14,-7.105427357601002e-15,7.105427357601002e-15,-7.105427357601002e-15,7.105427357601002e-15,-2.1316282072803006e-14
1340.0,0.0049999999999954525,7.105427357601002e-15,0.011180339887496725,0.024999999999991473,7.105427357601002e-15,-7.105427357601002e-15,7.105427357601002e-15,-2.1316282072803006e-14
1342.0,-4.263256414560601e-15,-7.105427357601002e-15,1.1889654083092801e-14,-7.105427357601002e-15,7.105427357601002e-15,-7.105427357601002e-15,7.105427357601002e-15,-2.1316282072803006e-14
1344.0,-4.263256414560601e-15,-7.105427357601002e-15,1.1889654083092801e-14,-7.105427357601002e-15,7.105427357601002e-15,-7.105427357601002e-15,7.105427357601002e-15,-2.1316282072803006e-14
1346.0,0.0049999999999954525,7.105427357601002e-15,0.011180339887496725,0.024999999999991473,7.105427357601002e-15,-7.105427357601002e-15,7.105427357601002e-15,-2.1316282072803006e-14
1348.0,-4.263256414560601e-15,-7.105427357601002e-15,1.1889654083092801e-14,-7.105427357601002e-15,7.105427357601002e-15,-7.105427357601002e-15,7.105427357601002e-15,-2.1316282072803006e-14
1350.0,-4.263256414560601e-15,-7.105427357601002e-15,1.1889654083092801e-14,-7.105427357601002e-15,7.105427357601002e-15,-7.105427357601002e-15,7.105427357601002e-15,-2.1316282072803006e-14
1352.0,-4.263256414560601e-15,-7.105427357601002e-15,1.1889654083092801e-14,-7.105427357601002e-15,7.105427357601002e-15,-7.105427357601002e-15,7.105427357601002e-15,-2.1316282072803006e-14
1354.0,-4.263256414560601e-15,-7.105427357601002e-15,1.1889654083092801e-14,-7.105427357601002e-15,7.105427357601002e-15,-7.105427357601002e-15,7.105427357601002e-15,-2.1316282072803006e-14
1356.0,0.0049999999999954525,7.105427357601002e-15,0.011180339887496725,0.024999999999991473,7.105427357601002e-15,-7.105427357601002e-15,7.105427357601002e-15,-2.1316282072803006e-14
1358.0,-4.263256414560601e-15,-7.105427357601002e-15,1.1889654083092801e-14,-7.105427357601002e-15,7.105427357601002e-15,-7.105427357601002e-15,7.105427357601002e-15,-2.1316282072803006e-14
1360.0,-4.263256414560601e-15,-7.105427357601002e-15,1.1889654083092801e-14,-7.105427357601002e-15,7.105427357601002e-15,-7.105427357601002e-15,7.105427357601002e-15,-2.1316282072803006e-14
1362.0,-4.263256414560601e-15,-7.105427357601002e-15,1.1889654083092801e-14,-7.105427357601002e-15,7.105427357601002e-15,-7.105427357601002e-15,7.105427357601002e-15,-2.1316282072803006e-14
1364.0,-4.263256414560601e-15,-7.105427357601002e-15,1.1889654083092801e-14,-7.105427357601002e-15,7.105427357601002e-15,-7.105427357601002e-15,7.105427357601002e-15,-2.1316282072803006e-14
1366.0,-4.263256414560601e-15,-7.105427357601002e-15,1.1889654083092801e-14,-7.105427357601002e-15,7.105427357601002e-15,-7.105427357601002e-15,7.105427357601002e-15,-2.1316282072803006e-14
1368.0,0.0049999999999954525,7.105427357601002e-15,0.011180339887496725,0.024999999999991473,7.105427357601002e-15,-7.105427357601002e-15,7.105427357601002e-15,-2.1316282072803006e-14
1370.0,-4.263256414560601e-15,-7.105427357601002e-15,1.1889654083092801e-14,-7.105427357601002e-15,7.105427357601002e-15,-7.105427357601002e-15,7.105427357601002e-15,-2.1316282072803006e-14
1372.0,-4.263256414560601e-15,-7.105427357601002e-15,1.1889654083092801e-14,-7.105427357601002e-15,7.105427357601002e-15,-7.105427357601002e-15,7.105427357601002e-15,-2.1316282072803006e-14
1374.0,-4.263256414560601e-15,-7.105427357601002e-15,1.1889654083092801e-14,-7.105427357601002e-15,7.105427357601002e-15,-7.105427357601002e-15,7.105427357601002e-15,-2.1316282072803006e-14
1376.0,-4.263256414560601e-15,-7.105427357601002e-15,1.1889654083092801e-14,-7.105427357601002e-15,7.105427357601002e-15,-7.105427357601002e-15,7.105427357601002e-15,-2.1316282072803006e-14
1378.0,-4.263256414560601e-15,-7.105427357601002e-15,1.1889654083092801e-14,-7.105427357601002e-15,7.105427357601002e-15,-7.105427357601002e-15,7.105427357601002e-15,-2.1316282072803006e-14
1380.0,-4.263256414560601e-15,-7.105427357601002e-15,1.1889654083092801e-14,-7.105427357601002e-15,7.105427357601002e-15,-7.105427357601002e-15,7.105427357601002e-15,-2.1316282072803006e-14
1382.0,-4.263256414560601e-15,-7.105427357601002e-15,1.1889654083092801e-14,-7.105427357601002e-15,7.105427357601002e-15,-7.105427357601002e-15,7.105427357601002e-15,-2.1316282072803006e-14
1384.0,-4.263256414560601e-15,-7.105427357601002e-15,1.1889654083092801e-14,-7.105427357601002e-15,7.105427357601002e-15,-7.105427357601002e-15,7.105427357601002e-15,-2.1316282072803006e-14
1386.0,-4.263256414560601e-15,-7.105427357601002e-15,1.1889654083092801e-14,-7.105427357601002e-15,7.105427357601002e-15,-7.105427357601002e-15,7.105427357601002e-15,-2.1316282072803006e-14
1388.0,0.0049999999999954525,7.105427357601002e-15,0.011180339887496725,0.024999999999991473,7.105427357601002e-15,-7.105427357601002e-15,7.105427357601002e-15,-2.1316282072803006e-14
1390.0,0.0049999999999954525,7.105427357601002e-15,0.011180339887496725,0.024999999999991473,7.105427357601002e-15,-7.105427357601002e-15,7.105427357601002e-15,-2.1316282072803006e-14
1392.0,-4.263256414560601e-15,-7.105427357601002e-15,1.1889654083092801e-14,-7.105427357601002e-15,7.105427357601002e-15,-7.105427357601002e-15,7.105427357601002e-15,-2.1316282072803006e-14
1394.0,-4.263256414560601e-15,-7.105427357601002e-15,1.1889654083092801e-14,-7.105427357601002e-15,7.105427357601002e-15,-7.105427357601002e-15,7.105427357601002e-15,-2.1316282072803006e-14
1396.0,-4.263256414560601e-15,-7.105427357601002e-15,1.1889654083092801e-14,-7.105427357601002e-15,7.105427357601002e-15,-7.105427357601002e-15,7.105427357601002e-15,-2.1316282072803006e-14
1398.0,-4.263256414560601e-15,-7.105427357601002e-15,1.1889654083092801e-14,-7.105427357601002e-15,7.105427357601002e-15,-7.105427357601002e-15,7.105427357601002e-15,-2.1316282072803006e-14
1400.0,-4.263256414560601e-15,-7.105427357601002e-15,1.1889654083092801e-14,-7.105427357601002e-15,7.105427357601002e-15,-7.105427357601002e-15,7.105427357601002e-15,-2.1316282072803006e-14
1402.0,-4.263256414560601e-15,-7.105427357601002e-15,1.1889654083092801e-14,-7.105427357601002e-15,7.105427357601002e-15,-7.105427357601002e-15,7.105427357601002e-15,-2.1316282072803006e-14
1404.0,0.0049999999999954525,7.105427357601002e-15,0.011180339887496725,0.024999999999991473,7.105427357601002e-15,-7.105427357601002e-15,7.105427357601002e-15,-2.1316282072803006e-14
1406.0,-4.263256414560601e-15,-7.105427357601002e-15,1.1889654083092801e-14,-7.105427357601002e-15,7.105427357601002e-15,-7.105427357601002e-15,7.105427357601002e-15,-2.1316282072803006e-14
1408.0,-4.263256414560601e-15,-7.105427357601002e-15,1.1889654083092801e-14,-7.105427357601002e-15,7.105427357601002e-15,-7.105427357601002e-15,7.105427357601002e-15,-2.1316282072803006e-14
1410.0,-4.263256414560601e-15,-7.105427357601002e-15,1.1889654083092801e-14,-7.105427357601002e-15,7.105427357601002e-15,-7.105427357601002e-15,7.105427357601002e-15,-2.1316282072803006e-14
1412.0,-4.263256414560601e-15,-7.105427357601002e-15,1.1889654083092801e-14,-7.105427357601002e-15,7.105427357601002e-15,-7.105427357601002e-15,7.105427357601002e-15,-2.1316282072803006e-14
1414.0,-4.263256414560601e-15,-7.105427357601002e-15,1.1889654083092801e-14,-7.105427357601002e-15,7.105427357601002e-15,-7.105427357601002e-15,7.105427357601002e-15,-2.1316282072803006e-14
1416.0,0.0049999999999954525,7.105427357601002e-15,0.011180339887496725,0.024999999999991473,7.105427357601002e-15,-7.105427357601002e-15,7.105427357601002e-15,-2.1316282072803006e-14
1418.0,-4.263256414560601e-15,-7.105427357601002e-15,1.1889654083092801e-14,-7.105427357601002e-15,7.105427357601002e-15,-7.105427357601002e-15,7.105427357601002e-15,-2.1316282072803006e-14
1420.0,0.0049999999999954525,7.105427357601002e-15,0.011180339887496725,0.024999999999991473,7.105427357601002e-15,-7.105427357601002e-15,7.105427357601002e-15,-2.1316282072803006e-14
1422.0,-4.263256414560601e-15,-7.105427357601002e-15,1.1889654083092801e-14,-7.105427357601002e-15,7.105427357601002e-15,-7.105427357601002e-15,7.105427357601002e-15,-2.1316282072803006e-14
1424.0,2.842170943040401e-15,0.0,1.1889654083092801e-14,0.0,1.4210854715202004e-14,0.0,1.4210854715202004e-14,-1.4210854715202004e-14
1426.0,-1.1368683772161604e-14,-1.4210854715202004e-14,1.1889654083092801e-14,-1.4210854715202004e-14,0.0,-1.4210854715202004e-14,0.0,-2.842170943040401e-14
1428.0,-1.1368683772161604e-14,-1.4210854715202004e-14,1.1889654083092801e-14,-1.4210854715202004e-14,0.0,-1.4210854715202004e-14,0.0,-2.842170943040401e-14
1430.0,-1.1368683772161604e-14,-1.4210854715202004e-14,1.1889654083092801e-14,-1.4210854715202004e-14,0.0,-1.4210854715202004e-14,0.0,-2.842170943040401e-14
1432.0,2.842170943040401e-15,0.0,1.1889654083092801e-14,0.0,1.4210854715202004e-14,0.0,1.4210854715202004e-14,-1.4210854715202004e-14
1434.0,2.842170943040401e-15,0.0,1.1889654083092801e-14,0.0,1.4210854715202004e-14,0.0,1.4210854715202004e-14,-1.4210854715202004e-14
1436.0,2.842170943040401e-15,0.0,1.1889654083092801e-14,0.0,1.4210854715202004e-14,0.0,1.4210854715202004e-14,-1.4210854715202004e-14
1438.0,0.004999999999986926,0.0,0.011180339887493547,0.024999999999977263,0.0,-1.4210854715202004e-14,0.0,-2.842170943040401e-14
1440.0,-1.1368683772161604e-14,-1.4210854715202004e-14,1.1889654083092801e-14,-1.4210854715202004e-14,0.0,-1.4210854715202004e-14,0.0,-2.842170943040401e-14
1442.0,-1.1368683772161604e-14,-1.4210854715202004e-14,1.1889654083092801e-14,-1.4210854715202004e-14,0.0,-1.4210854715202004e-14,0.0,-2.842170943040401e-14
1444.0,-1.1368683772161604e-14,-1.4210854715202004e-14,1.1889654083092801e-14,-1.4210854715202004e-14,0.0,-1.4210854715202004e-14,0.0,-2.842170943040401e-14
1446.0,-5.684341886080802e-15,0.0,1.2710574864626039e-14,0.0,0.0,0.0,0.0,-2.842170943040401e-14
1448.0,2.842170943040401e-15,0.0,1.1889654083092801e-14,0.0,1.4210854715202004e-14,0.0,1.4210854715202004e-14,-1.4210854715202004e-14
1450.0,2.842170943040401e-15,0.0,1.1889654083092801e-14,0.0,1.4210854715202004e-14,0.0,1.4210854715202004e-14,-1.4210854715202004e-14
1452.0,0.004999999999998295,1.4210854715202004e-14,0.011180339887495136,0.024999999999991473,1.4210854715202004e-14,-1.4210854715202004e-14,1.4210854715202004e-14,-1.4210854715202004e-14
1454.0,-1.1368683772161604e-14,-1.4210854715202004e-14,1.1889654083092801e-14,-1.4210854715202004e-14,0.0,-1.4210854715202004e-14,0.0,-2.842170943040401e-14
1456.0,-1.1368683772161604e-14,-1.4210854715202004e-14,1.1889654083092801e-14,-1.4210854715202004e-14,0.0,-1.4210854715202004e-14,0.0,-2.842170943040401e-14
1458.0,-1.1368683772161604e-14,-1.4210854715202004e-14,1.1889654083092801e-14,-1.4210854715202004e-14,0.0,-1.4210854715202004e-14,0.0,-2.842170943040401e-14
1460.0,-1.1368683772161604e-14,-1.4210854715202004e-14,1.1889654083092801e-14,-1.4210854715202004e-14,0.0,-1.4210854715202004e-14,0.0,-2.842170943040401e-14
1462.0,-1.1368683772161604e-14,-1.4210854715202004e-14,1.1889654083092801e-14,-1.4210854715202004e-14,0.0,-1.4210854715202004e-14,0.0,-2.842170943040401e-14
1464.0,-5.684341886080802e-15,0.0,1.2710574864626039e-14,0.0,0.0,0.0,0.0,-2.842170943040401e-14
1466.0,2.842170943040401e-15,0.0,1.1889654083092801e-14,0.0,1.4210854715202004e-14,0.0,1.4210854715202004e-14,-1.4210854715202004e-14
1468.0,2.842170943040401e-15,0.0,1.1889654083092801e-14,0.0,1.4210854715202004e-14,0.0,1.4210854715202004e-14,-1.4210854715202004e-14
1470.0,2.842170943040401e-15,0.0,1.1889654083092801e-14,0.0,1.4210854715202004e-14,0.0,1.4210854715202004e-14,-1.4210854715202004e-14
1472.0,0.004999999999986926,0.0,0.011180339887493547,0.024999999999977263,0.0,-1.4210854715202004e-14,0.0,-2.842170943040401e-14
1474.0,-1.1368683772161604e-14,-1.4210854715202004e-14,1.1889654083092801e-14,-1.4210854715202004e-14,0.0,-1.4210854715202004e-14,0.0,-2.842170943040401e-14
1476.0,-1.1368683772161604e-14,-1.4210854715202004e-14,1.1889654083092801e-14,-1.4210854715202004e-14,0.0,-1.4210854715202004e-14,0.0,-2.842170943040401e-14
1478.0,-1.1368683772161604e-14,-1.4210854715202004e-14,1.1889654083092801e-14,-1.4210854715202004e-14,0.0,-1.4210854715202004e-14,0.0,-2.842170943040401e-14
1480.0,-1.1368683772161604e-14,-1.4210854715202004e-14,1.1889654083092801e-14,-1.4210854715202004e-14,0.0,-1.4210854715202004e-14,0.0,-2.842170943040401e-14
1482.0,-1.1368683772161604e-14,-1.4210854715202004e-14,1.1889654083092801e-14,-1.4210854715202004e-14,0.0,-1.4210854715202004e-14,0.0,-2.842170943040401e-14
1484.0,0.00499999999999261,0.0,0.011180339887498314,0.024999999999991473,0.0,0.0,0.0,-2.842170943040401e-14
1486.0,2.842170943040401e-15,0.0,1.1889654083092801e-14,0.0,1.4210854715202004e-14,0.0,1.4210854715202004e-14,-1.4210854715202004e-14
1488.0,2.842170943040401e-15,0.0,1.1889654083092801e-14,0.0,1.4210854715202004e-14,0.0,1.4210854715202004e-14,-1.4210854715202004e-14
1490.0,0.004999999999998295,1.4210854715202004e-14,0.011180339887495136,0.024999999999991473,1.4210854715202004e-14,-1.4210854715202004e-14,1.4210854715202004e-14,-1.4210854715202004e-14
1492.0,-1.1368683772161604e-14,-1.4210854715202004e-14,1.1889654083092801e-14,-1.4210854715202004e-14,0.0,-1.4210854715202004e-14,0.0,-2.842170943040401e-14
1494.0,-1.1368683772161604e-14,-1.4210854715202004e-14,1.1889654083092801e-14,-1.4210854715202004e-14,0.0,-1.4210854715202004e-14,0.0,-2.842170943040401e-14
1496.0,-5.684341886080802e-15,0.0,1.2710574864626039e-14,0.0,0.0,0.0,0.0,-2.842170943040401e-14
1498.0,2.842170943040401e-15,0.0,1.1889654083092801e-14,0.0,1.4210854715202004e-14,0.0,1.4210854715202004e-14,-1.4210854715202004e-14
1500.0,2.842170943040401e-15,0.0,1.1889654083092801e-14,0.0,1.4210854715202004e-14,0.0,1.4210854715202004e-14,-1.4210854715202004e-14
1502.0,-1.1368683772161604e-14,-1.4210854715202004e-14,1.1889654083092801e-14,-1.4210854715202004e-14,0.0,-1.4210854715202004e-14,0.0,-2.842170943040401e-14
1504.0,-5.684341886080802e-15,0.0,1.2710574864626039e-14,0.0,0.0,0.0,0.0,-2.842170943040401e-14
1506.0,2.842170943040401e-15,0.0,1.1889654083092801e-14,0.0,1.4210854715202004e-14,0.0,1.4210854715202004e-14,-1.4210854715202004e-14
1508.0,0.004999999999998295,1.4210854715202004e-14,0.011180339887495136,0.024999999999991473,1.4210854715202004e-14,-1.4210854715202004e-14,1.4210854715202004e-14,-1.4210854715202004e-14
1510.0,-1.1368683772161604e-14,-1.4210854715202004e-14,1.1889654083092801e-14,-1.4210854715202004e-14,0.0,-1.4210854715202004e-14,0.0,-2.842170943040401e-14
1512.0,-1.1368683772161604e-14,-1.4210854715202004e-14,1.1889654083092801e-14,-1.4210854715202004e-14,0.0,-1.4210854715202004e-14,0.0,-2.842170943040401e-14
1514.0,2.842170943040401e-15,0.0,1.1889654083092801e-14,0.0,1.4210854715202004e-14,0.0,1.4210854715202004e-14,-1.4210854715202004e-14
1516.0,2.842170943040401e-15,0.0,1.1889654083092801e-14,0.0,1.4210854715202004e-14,0.0,1.4210854715202004e-14,-1.4210854715202004e-14
1518.0,-2.842170943040401e-15,-1.4210854715202004e-14,1.5567211377889583e-14,-1.4210854715202004e-14,1.4210854715202004e-14,-1.4210854715202004e-14,1.4210854715202004e-14,-1.4210854715202004e-14
1520.0,-1.1368683772161604e-14,-1.4210854715202004e-14,1.1889654083092801e-14,-1.4210854715202004e-14,0.0,-1.4210854715202004e-14,0.0,-2.842170943040401e-14
1522.0,-5.684341886080802e-15,0.0,1.2710574864626039e-14,0.0,0.0,0.0,0.0,-2.842170943040401e-14
1524.0,2.842170943040401e-15,0.0,1.1889654083092801e-14,0.0,1.4210854715202004e-14,0.0,1.4210854715202004e-14,-1.4210854715202004e-14
1526.0,2.842170943040401e-15,0.0,1.1889654083092801e-14,0.0,1.4210854715202004e-14,0.0,1.4210854715202004e-14,-1.4210854715202004e-14
1528.0,-1.1368683772161604e-14,-1.4210854715202004e-14,1.1889654083092801e-14,-1.4210854715202004e-14,0.0,-1.4210854715202004e-14,0.0,-2.842170943040401e-14
1530.0,-1.1368683772161604e-14,-1.4210854715202004e-14,1.1889654083092801e-14,-1.4210854715202004e-14,0.0,-1.4210854715202004e-14,0.0,-2.842170943040401e-14
1532.0,2.842170943040401e-15,0.0,1.1889654083092801e-14,0.0,1.4210854715202004e-14,0.0,1.4210854715202004e-14,-1.4210854715202004e-14
1534.0,2.842170943040401e-15,0.0,1.1889654083092801e-14,0.0,1.4210854715202004e-14,0.0,1.4210854715202004e-14,-1.4210854715202004e-14
1536.0,-1.1368683772161604e-14,-1.4210854715202004e-14,1.1889654083092801e-14,-1.4210854715202004e-14,0.0,-1.4210854715202004e-14,0.0,-2.842170943040401e-14
1538.0,-1.1368683772161604e-14,-1.4210854715202004e-14,1.1889654083092801e-14,-1.4210854715202004e-14,0.0,-1.4210854715202004e-14,0.0,-2.842170943040401e-14
1540.0,2.842170943040401e-15,0.0,1.1889654083092801e-14,0.0,1.4210854715202004e-14,0.0,1.4210854715202004e-14,-1.4210854715202004e-14
1542.0,2.842170943040401e-15,0.0,1.1889654083092801e-14,0.0,1.4210854715202004e-14,0.0,1.4210854715202004e-14,-1.4210854715202004e-14
1544.0,-1.1368683772161604e-14,-1.4210854715202004e-14,1.1889654083092801e-14,-1.4210854715202004e-14,0.0,-1.4210854715202004e-14,0.0,-2.842170943040401e-14
1546.0,-1.1368683772161604e-14,-1.4210854715202004e-14,1.1889654083092801e-14,-1.4210854715202004e-14,0.0,-1.4210854715202004e-14,0.0,-2.842170943040401e-14
1548.0,-5.684341886080802e-15,0.0,1.2710574864626039e-14,0.0,0.0,0.0,0.0,-2.842170943040401e-14
1550.0,2.842170943040401e-15,0.0,1.1889654083092801e-14,0.0,1.4210854715202004e-14,0.0,1.4210854715202004e-14,-1.4210854715202004e-14
1552.0,2.842170943040401e-15,0.0,1.1889654083092801e-14,0.0,1.4210854715202004e-14,0.0,1.4210854715202004e-14,-1.4210854715202004e-14
1554.0,-1.1368683772161604e-14,-1.4210854715202004e-14,1.1889654083092801e-14,-1.4210854715202004e-14,0.0,-1.4210854715202004e-14,0.0,-2.842170943040401e-14
1556.0,-1.1368683772161604e-14,-1.4210854715202004e-14,1.1889654083092801e-14,-1.4210854715202004e-14,0.0,-1.4210854715202004e-14,0.0,-2.842170943040401e-14
1558.0,2.842170943040401e-15,0.0,1.1889654083092801e-14,0.0,1.4210854715202004e-14,0.0,1.4210854715202004e-14,-1.4210854715202004e-14
1560.0,-2.842170943040401e-15,-1.4210854715202004e-14,1.5567211377889583e-14,-1.4210854715202004e-14,1.4210854715202004e-14,-1.4210854715202004e-14,1.4210854715202004e-14,-1.4210854715202004e-14
1562.0,-1.1368683772161604e-14,-1.4210854715202004e-14,1.1889654083092801e-14,-1.4210854715202004e-14,0.0,-1.4210854715202004e-14,0.0,-2.842170943040401e-14
1564.0,2.842170943040401e-15,0.0,1.1889654083092801e-14,0.0,1.4210854715202004e-14,0.0,1.4210854715202004e-14,-1.4210854715202004e-14
1566.0,0.004999999999998295,1.4210854715202004e-14,0.011180339887495136,0.024999999999991473,1.4210854715202004e-14,-1.4210854715202004e-14,1.4210854715202004e-14,-1.4210854715202004e-14
1568.0,-1.1368683772161604e-14,-1.4210854715202004e-14,1.1889654083092801e-14,-1.4210854715202004e-14,0.0,-1.4210854715202004e-14,0.0,-2.842170943040401e-14
1570.0,-5.684341886080802e-15,0.0,1.2710574864626039e-14,0.0,0.0,0.0,0.0,-2.842170943040401e-14
1572.0,2.842170943040401e-15,0.0,1.1889654083092801e-14,0.0,1.4210854715202004e-14,0.0,1.4210854715202004e-14,-1.4210854715202004e-14
1574.0,0.004999999999986926,0.0,0.011180339887493547,0.024999999999977263,0.0,-1.4210854715202004e-14,0.0,-2.842170943040401e-14
1576.0,-1.1368683772161604e-14,-1.4210854715202004e-14,1.1889654083092801e-14,-1.4210854715202004e-14,0.0,-1.4210854715202004e-14,0.0,-2.842170943040401e-14
1578.0,2.842170943040401e-15,0.0,1.1889654083092801e-14,0.0,1.4210854715202004e-14,0.0,1.4210854715202004e-14,-1.4210854715202004e-14
1580.0,-2.842170943040401e-15,-1.4210854715202004e-14,1.5567211377889583e-14,-1.4210854715202004e-14,1.4210854715202004e-14,-1.4210854715202004e-14,1.4210854715202004e-14,-1.4210854715202004e-14
1582.0,-1.1368683772161604e-14,-1.4210854715202004e-14,1.1889654083092801e-14,-1.4210854715202004e-14,0.0,-1.4210854715202004e-14,0.0,-2.842170943040401e-14
1584.0,-5.684341886080802e-15,0.0,1.2710574864626039e-14,0.0,0.0,0.0,0.0,-2.842170943040401e-14
1586.0,2.842170943040401e-15,0.0,1.1889654083092801e-14,0.0,1.4210854715202004e-14,0.0,1.4210854715202004e-14,-1.4210854715202004e-14
1588.0,-1.1368683772161604e-14,-1.4210854715202004e-14,1.1889654083092801e-14,-1.4210854715202004e-14,0.0,-1.4210854715202004e-14,0.0,-2.842170943040401e-14
1590.0,-5.684341886080802e-15,0.0,1.2710574864626039e-14,0.0,0.0,0.0,0.0,-2.842170943040401e-14
1592.0,2.842170943040401e-15,0.0,1.1889654083092801e-14,0.0,1.4210854715202004e-14,0.0,1.4210854715202004e-14,-1.4210854715202004e-14
1594.0,-2.842170943040401e-15,-1.4210854715202004e-14,1.5567211377889583e-14,-1.4210854715202004e-14,1.4210854715202004e-14,-1.4210854715202004e-14,1.4210854715202004e-14,-1.4210854715202004e-14
1596.0,-1.1368683772161604e-14,-1.4210854715202004e-14,1.1889654083092801e-14,-1.4210854715202004e-14,0.0,-1.4210854715202004e-14,0.0,-2.842170943040401e-14
1598.0,2.842170943040401e-15,0.0,1.1889654083092801e-14,0.0,1.4210854715202004e-14,0.0,1.4210854715202004e-14,-1.4210854715202004e-14
1600.0,-2.842170943040401e-15,-1.4210854715202004e-14,1.5567211377889583e-14,-1.4210854715202004e-14,1.4210854715202004e-14,-1.4210854715202004e-14,1.4210854715202004e-14,-1.4210854715202004e-14
1602.0,-1.1368683772161604e-14,-1.4210854715202004e-14,1.1889654083092801e-14,-1.4210854715202004e-14,0.0,-1.4210854715202004e-14,0.0,-2.842170943040401e-14
1604.0,2.842170943040401e-15,0.0,1.1889654083092801e-14,0.0,1.4210854715202004e-14,0.0,1.4210854715202004e-14,-1.4210854715202004e-14
1606.0,-2.842170943040401e-15,-1.4210854715202004e-14,1.5567211377889583e-14,-1.4210854715202004e-14,1.4210854715202004e-14,-1.4210854715202004e-14,1.4210854715202004e-14,-1.4210854715202004e-14
1608.0,-1.1368683772161604e-14,-1.4210854715202004e-14,1.1889654083092801e-14,-1.4210854715202004e-14,0.0,-1.4210854715202004e-14,0.0,-2.842170943040401e-14
1610.0,-5.684341886080802e-15,0.0,1.2710574864626039e-14,0.0,0.0,0.0,0.0,-2.842170943040401e-14
1612.0,2.842170943040401e-15,0.0,1.1889654083092801e-14,0.0,1.4210854715202004e-14,0.0,1.4210854715202004e-14,-1.4210854715202004e-14
1614.0,-1.1368683772161604e-14,-1.4210854715202004e-14,1.1889654083092801e-14,-1.4210854715202004e-14,0.0,-1.4210854715202004e-14,0.0,-2.842170943040401e-14
1616.0,-5.684341886080802e-15,0.0,1.2710574864626039e-14,0.0,0.0,0.0,0.0,-2.842170943040401e-14
1618.0,2.842170943040401e-15,0.0,1.1889654083092801e-14,0.0,1.4210854715202004e-14,0.0,1.4210854715202004e-14,-1.4210854715202004e-14
1620.0,-1.1368683772161604e-14,-1.4210854715202004e-14,1.1889654083092801e-14,-1.4210854715202004e-14,0.0,-1.4210854715202004e-14,0.0,-2.842170943040401e-14
1622.0,-5.684341886080802e-15,0.0,1.2710574864626039e-14,0.0,0.0,0.0,0.0,-2.842170943040401e-14
1624.0,2.842170943040401e-15,0.0,1.1889654083092801e-14,0.0,1.4210854715202004e-14,0.0,1.4210854715202004e-14,-1.4210854715202004e-14
1626.0,-1.1368683772161604e-14,-1.4210854715202004e-14,1.1889654083092801e-14,-1.4210854715202004e-14,0.0,-1.4210854715202004e-14,0.0,-2.842170943040401e-14
1628.0,-5.684341886080802e-15,0.0,1.2710574864626039e-14,0.0,0.0,0.0,0.0,-2.842170943040401e-14
1630.0,2.842170943040401e-15,0.0,1.1889654083092801e-14,0.0,1.4210854715202004e-14,0.0,1.4210854715202004e-14,-1.4210854715202004e-14
1632.0,-1.1368683772161604e-14,-1.4210854715202004e-14,1.1889654083092801e-14,-1.4210854715202004e-14,0.0,-1.4210854715202004e-14,0.0,-2.842170943040401e-14
1634.0,-5.684341886080802e-15,0.0,1.2710574864626039e-14,0.0,0.0,0.0,0.0,-2.842170943040401e-14
1636.0,2.842170943040401e-15,0.0,1.1889654083092801e-14,0.0,1.4210854715202004e-14,0.0,1.4210854715202004e-14,-1.4210854715202004e-14
1638.0,-1.1368683772161604e-14,-1.4210854715202004e-14,1.1889654083092801e-14,-1.4210854715202004e-14,0.0,-1.4210854715202004e-14,0.0,-2.842170943040401e-14
1640.0,-5.684341886080802e-15,0.0,1.2710574864626039e-14,0.0,0.0,0.0,0.0,-2.842170943040401e-14
1642.0,-2.842170943040401e-15,-1.4210854715202004e-14,1.5567211377889583e-14,-1.4210854715202004e-14,1.4210854715202004e-14,-1.4210854715202004e-14,1.4210854715202004e-14,-1.4210854715202004e-14
1644.0,-1.1368683772161604e-14,-1.4210854715202004e-14,1.1889654083092801e-14,-1.4210854715202004e-14,0.0,-1.4210854715202004e-14,0.0,-2.842170943040401e-14
1646.0,2.842170943040401e-15,0.0,1.1889654083092801e-14,0.0,1.4210854715202004e-14,0.0,1.4210854715202004e-14,-1.4210854715202004e-14
1648.0,-2.842170943040401e-15,-1.4210854715202004e-14,1.5567211377889583e-14,-1.4210854715202004e-14,1.4210854715202004e-14,-1.4210854715202004e-14,1.4210854715202004e-14,-1.4210854715202004e-14
1650.0,-1.1368683772161604e-14,-1.4210854715202004e-14,1.1889654083092801e-14,-1.4210854715202004e-14,0.0,-1.4210854715202004e-14,0.0,-2.842170943040401e-14
1652.0,2.842170943040401e-15,0.0,1.1889654083092801e-14,0.0,1.4210854715202004e-14,0.0,1.4210854715202004e-14,-1.4210854715202004e-14
1654.0,-2.842170943040401e-15,-1.4210854715202004e-14,1.5567211377889583e-14,-1.4210854715202004e-14,1.4210854715202004e-14,-1.4210854715202004e-14,1.4210854715202004e-14,-1.4210854715202004e-14
1656.0,-1.1368683772161604e-14,-1.4210854715202004e-14,1.1889654083092801e-14,-1.4210854715202004e-14,0.0,-1.4210854715202004e-14,0.0,-2.842170943040401e-14
1658.0,2.842170943040401e-15,0.0,1.1889654083092801e-14,0.0,1.4210854715202004e-14,0.0,1.4210854715202004e-14,-1.4210854715202004e-14
1660.0,-1.1368683772161604e-14,-1.4210854715202004e-14,1.1889654083092801e-14,-1.4210854715202004e-14,0.0,-1.4210854715202004e-14,0.0,-2.842170943040401e-14
1662.0,-5.684341886080802e-15,0.0,1.2710574864626039e-14,0.0,0.0,0.0,0.0,-2.842170943040401e-14
1664.0,2.842170943040401e-15,0.0,1.1889654083092801e-14,0.0,1.4210854715202004e-14,0.0,1.4210854715202004e-14,-1.4210854715202004e-14
1666.0,-1.1368683772161604e-14,-1.4210854715202004e-14,1.1889654083092801e-14,-1.4210854715202004e-14,0.0,-1.4210854715202004e-14,0.0,-2.842170943040401e-14
1668.0,-5.684341886080802e-15,0.0,1.2710574864626039e-14,0.0,0.0,0.0,0.0,-2.842170943040401e-14
1670.0,0.004999999999998295,1.4210854715202004e-14,0.011180339887495136,0.024999999999991473,1.4210854715202004e-14,-1.4210854715202004e-14,1.4210854715202004e-14,-1.4210854715202004e-14
1672.0,-1.1368683772161604e-14,-1.4210854715202004e-14,1.1889654083092801e-14,-1.4210854715202004e-14,0.0,-1.4210854715202004e-14,0.0,-2.842170943040401e-14
1674.0,2.842170943040401e-15,0.0,1.1889654083092801e-14,0.0,1.4210854715202004e-14,0.0,1.4210854715202004e-14,-1.4210854715202004e-14
1676.0,-2.842170943040401e-15,-1.4210854715202004e-14,1.5567211377889583e-14,-1.4210854715202004e-14,1.4210854715202004e-14,-1.4210854715202004e-14,1.4210854715202004e-14,-1.4210854715202004e-14
1678.0,-1.1368683772161604e-14,-1.4210854715202004e-14,1.1889654083092801e-14,-1.4210854715202004e-14,0.0,-1.4210854715202004e-14,0.0,-2.842170943040401e-14
1680.0,2.842170943040401e-15,0.0,1.1889654083092801e-14,0.0,1.4210854715202004e-14,0.0,1.4210854715202004e-14,-1.4210854715202004e-14
1682.0,-1.1368683772161604e-14,-1.4210854715202004e-14,1.1889654083092801e-14,-1.4210854715202004e-14,0.0,-1.4210854715202004e-14,0.0,-2.842170943040401e-14
1684.0,-5.684341886080802e-15,0.0,1.2710574864626039e-14,0.0,0.0,0.0,0.0,-2.842170943040401e-14
1686.0,2.842170943040401e-15,0.0,1.1889654083092801e-14,0.0,1.4210854715202004e-14,0.0,1.4210854715202004e-14,-1.4210854715202004e-14
1688.0,-1.1368683772161604e-14,-1.4210854715202004e-14,1.1889654083092801e-14,-1.4210854715202004e-14,0.0,-1.4210854715202004e-14,0.0,-2.842170943040401e-14
1690.0,2.842170943040401e-15,0.0,1.1889654083092801e-14,0.0,1.4210854715202004e-14,0.0,1.4210854715202004e-14,-1.4210854715202004e-14
1692.0,-2.842170943040401e-15,-1.4210854715202004e-14,1.5567211377889583e-14,-1.4210854715202004e-14,1.4210854715202004e-14,-1.4210854715202004e-14,1.4210854715202004e-14,-1.4210854715202004e-14
1694.0,-1.1368683772161604e-14,-1.4210854715202004e-14,1.1889654083092801e-14,-1.4210854715202004e-14,0.0,-1.4210854715202004e-14,0.0,-2.842170943040401e-14
1696.0,2.842170943040401e-15,0.0,1.1889654083092801e-14,0.0,1.4210854715202004e-14,0.0,1.4210854715202004e-14,-1.4210854715202004e-14
1698.0,-1.1368683772161604e-14,-1.4210854715202004e-14,1.1889654083092801e-14,-1.4210854715202004e-14,0.0,-1.4210854715202004e-14,0.0,-2.842170943040401e-14
1700.0,-5.684341886080802e-15,0.0,1.2710574864626039e-14,0.0,0.0,0.0,0.0,-2.842170943040401e-14
1702.0,-2.842170943040401e-15,-1.4210854715202004e-14,1.5567211377889583e-14,-1.4210854715202004e-14,1.4210854715202004e-14,-1.4210854715202004e-14,1.4210854715202004e-14,-1.4210854715202004e-14
1704.0,-1.1368683772161604e-14,-1.4210854715202004e-14,1.1889654083092801e-14,-1.4210854715202004e-14,0.0,-1.4210854715202004e-14,0.0,-2.842170943040401e-14
1706.0,2.842170943040401e-15,0.0,1.1889654083092801e-14,0.0,1.4210854715202004e-14,0.0,1.4210854715202004e-14,-1.4210854715202004e-14
1708.0,-2.842170943040401e-15,-1.4210854715202004e-14,1.5567211377889583e-14,-1.4210854715202004e-14,1.4210854715202004e-14,-1.4210854715202004e-14,1.4210854715202004e-14,-1.4210854715202004e-14
1710.0,-5.684341886080802e-15,0.0,1.2710574864626039e-14,0.0,0.0,0.0,0.0,-2.842170943040401e-14
1712.0,2.842170943040401e-15,0.0,1.1889654083092801e-14,0.0,1.4210854715202004e-14,0.0,1.4210854715202004e-14,-1.4210854715202004e-14
1714.0,-1.1368683772161604e-14,-1.4210854715202004e-14,1.1889654083092801e-14,-1.4210854715202004e-14,0.0,-1.4210854715202004e-14,0.0,-2.842170943040401e-14
1716.0,-1.1368683772161604e-14,-1.4210854715202004e-14,1.1889654083092801e-14,-1.4210854715202004e-14,0.0,-1.4210854715202004e-14,0.0,-2.842170943040401e-14
1718.0,2.842170943040401e-15,0.0,1.1889654083092801e-14,0.0,1.4210854715202004e-14,0.0,1.4210854715202004e-14,-1.4210854715202004e-14
1720.0,-1.1368683772161604e-14,-1.4210854715202004e-14,1.1889654083092801e-14,-1.4210854715202004e-14,0.0,-1.4210854715202004e-14,0.0,-2.842170943040401e-14
1722.0,-5.684341886080802e-15,0.0,1.2710574864626039e-14,0.0,0.0,0.0,0.0,-2.842170943040401e-14
1724.0,-2.842170943040401e-15,-1.4210854715202004e-14,1.5567211377889583e-14,-1.4210854715202004e-14,1.4210854715202004e-14,-1.4210854715202004e-14,1.4210854715202004e-14,-1.4210854715202004e-14
1726.0,-1.1368683772161604e-14,-1.4210854715202004e-14,1.1889654083092801e-14,-1.4210854715202004e-14,0.0,-1.4210854715202004e-14,0.0,-2.842170943040401e-14
1728.0,2.842170943040401e-15,0.0,1.1889654083092801e-14,0.0,1.4210854715202004e-14,0.0,1.4210854715202004e-14,-1.4210854715202004e-14
1730.0,-1.1368683772161604e-14,-1.4210854715202004e-14,1.1889654083092801e-14,-1.4210854715202004e-14,0.0,-1.4210854715202004e-14,0.0,-2.842170943040401e-14
1732.0,-5.684341886080802e-15,0.0,1.2710574864626039e-14,0.0,0.0,0.0,0.0,-2.842170943040401e-14
1734.0,-2.842170943040401e-15,-1.4210854715202004e-14,1.5567211377889583e-14,-1.4210854715202004e-14,1.4210854715202004e-14,-1.4210854715202004e-14,1.4210854715202004e-14,-1.4210854715202004e-14
1736.0,-1.1368683772161604e-14,-1.4210854715202004e-14,1.1889654083092801e-14,-1.4210854715202004e-14,0.0,-1.4210854715202004e-14,0.0,-2.842170943040401e-14
1738.0,2.842170943040401e-15,0.0,1.1889654083092801e-14,0.0,1.4210854715202004e-14,0.0,1.4210854715202004e-14,-1.4210854715202004e-14
1740.0,-1.1368683772161604e-14,-1.4210854715202004e-14,1.1889654083092801e-14,-1.4210854715202004e-14,0.0,-1.4210854715202004e-14,0.0,-2.842170943040401e-14
1742.0,-5.684341886080802e-15,0.0,1.2710574864626039e-14,0.0,0.0,0.0,0.0,-2.842170943040401e-14
1744.0,-2.842170943040401e-15,-1.4210854715202004e-14,1.5567211377889583e-14,-1.4210854715202004e-14,1.4210854715202004e-14,-1.4210854715202004e-14,1.4210854715202004e-14,-1.4210854715202004e-14
1746.0,-1.1368683772161604e-14,-1.4210854715202004e-14,1.1889654083092801e-14,-1.4210854715202004e-14,0.0,-1.4210854715202004e-14,0.0,-2.842170943040401e-14
1748.0,2.842170943040401e-15,0.0,1.1889654083092801e-14,0.0,1.4210854715202004e-14,0.0,1.4210854715202004e-14,-1.4210854715202004e-14
1750.0,-1.1368683772161604e-14,-1.4210854715202004e-14,1.1889654083092801e-14,-1.4210854715202004e-14,0.0,-1.4210854715202004e-14,0.0,-2.842170943040401e-14
1752.0,-5.684341886080802e-15,0.0,1.2710574864626039e-14,0.0,0.0,0.0,0.0,-2.842170943040401e-14
1754.0,-2.842170943040401e-15,-1.4210854715202004e-14,1.5567211377889583e-14,-1.4210854715202004e-14,1.4210854715202004e-14,-1.4210854715202004e-14,1.4210854715202004e-14,-1.4210854715202004e-14
1756.0,0.00499999999999261,0.0,0.011180339887498314,0.024999999999991473,0.0,0.0,0.0,-2.842170943040401e-14
1758.0,2.842170943040401e-15,0.0,1.1889654083092801e-14,0.0,1.4210854715202004e-14,0.0,1.4210854715202004e-14,-1.4210854715202004e-14
1760.0,-1.1368683772161604e-14,-1.4210854715202004e-14,1.1889654083092801e-14,-1.4210854715202004e-14,0.0,-1.4210854715202004e-14,0.0,-2.842170943040401e-14
1762.0,2.842170943040401e-15,0.0,1.1889654083092801e-14,0.0,1.4210854715202004e-14,0.0,1.4210854715202004e-14,-1.4210854715202004e-14
1764.0,-2.842170943040401e-15,-1.4210854715202004e-14,1.5567211377889583e-14,-1.4210854715202004e-14,1.4210854715202004e-14,-1.4210854715202004e-14,1.4210854715202004e-14,-1.4210854715202004e-14
1766.0,-5.684341886080802e-15,0.0,1.2710574864626039e-14,0.0,0.0,0.0,0.0,-2.842170943040401e-14
1768.0,2.842170943040401e-15,0.0,1.1889654083092801e-14,0.0,1.4210854715202004e-14,0.0,1.4210854715202004e-14,-1.4210854715202004e-14
1770.0,-1.1368683772161604e-14,-1.4210854715202004e-14,1.1889654083092801e-14,-1.4210854715202004e-14,0.0,-1.4210854715202004e-14,0.0,-2.842170943040401e-14
1772.0,2.842170943040401e-15,0.0,1.1889654083092801e-14,0.0,1.4210854715202004e-14,0.0,1.4210854715202004e-14,-1.4210854715202004e-14
1774.0,-1.1368683772161604e-14,-1.4210854715202004e-14,1.1889654083092801e-14,-1.4210854715202004e-14,0.0,-1.4210854715202004e-14,0.0,-2.842170943040401e-14
1776.0,-5.684341886080802e-15,0.0,1.2710574864626039e-14,0.0,0.0,0.0,0.0,-2.842170943040401e-14
1778.0,-2.842170943040401e-15,-1.4210854715202004e-14,1.5567211377889583e-14,-1.4210854715202004e-14,1.4210854715202004e-14,-1.4210854715202004e-14,1.4210854715202004e-14,-1.4210854715202004e-14
1780.0,-1.1368683772161604e-14,-1.4210854715202004e-14,1.1889654083092801e-14,-1.4210854715202004e-14,0.0,-1.4210854715202004e-14,0.0,-2.842170943040401e-14
1782.0,2.842170943040401e-15,0.0,1.1889654083092801e-14,0.0,1.4210854715202004e-14,0.0,1.4210854715202004e-14,-1.4210854715202004e-14
1784.0,-1.1368683772161604e-14,-1.4210854715202004e-14,1.1889654083092801e-14,-1.4210854715202004e-14,0.0,-1.4210854715202004e-14,0.0,-2.842170943040401e-14
1786.0,2.842170943040401e-15,0.0,1.1889654083092801e-14,0.0,1.4210854715202004e-14,0.0,1.4210854715202004e-14,-1.4210854715202004e-14
1788.0,-2.842170943040401e-15,-1.4210854715202004e-14,1.5567211377889583e-14,-1.4210854715202004e-14,1.4210854715202004e-14,-1.4210854715202004e-14,1.4210854715202004e-14,-1.4210854715202004e-14
1790.0,-5.684341886080802e-15,0.0,1.2710574864626039e-14,0.0,0.0,0.0,0.0,-2.842170943040401e-14
1792.0,-2.842170943040401e-15,-1.4210854715202004e-14,1.5567211377889583e-14,-1.4210854715202004e-14,1.4210854715202004e-14,-1.4210854715202004e-14,1.4210854715202004e-14,-1.4210854715202004e-14
1794.0,-1.1368683772161604e-14,-1.4210854715202004e-14,1.1889654083092801e-14,-1.4210854715202004e-14,0.0,-1.4210854715202004e-14,0.0,-2.842170943040401e-14
1796.0,2.842170943040401e-15,0.0,1.1889654083092801e-14,0.0,1.4210854715202004e-14,0.0,1.4210854715202004e-14,-1.4210854715202004e-14
1798.0,-1.1368683772161604e-14,-1.4210854715202004e-14,1.1889654083092801e-14,-1.4210854715202004e-14,0.0,-1.4210854715202004e-14,0.0,-2.842170943040401e-14
1800.0,2.842170943040401e-15,0.0,1.1889654083092801e-14,0.0,1.4210854715202004e-14,0.0,1.4210854715202004e-14,-1.4210854715202004e-14
1802.0,-2.842170943040401e-15,-1.4210854715202004e-14,1.5567211377889583e-14,-1.4210854715202004e-14,1.4210854715202004e-14,-1.4210854715202004e-14,1.4210854715202004e-14,-1.4210854715202004e-14
1804.0,-5.684341886080802e-15,0.0,1.2710574864626039e-14,0.0,0.0,0.0,0.0,-2.842170943040401e-14
1806.0,-2.842170943040401e-15,-1.4210854715202004e-14,1.5567211377889583e-14,-1.4210854715202004e-14,1.4210854715202004e-14,-1.4210854715202004e-14,1.4210854715202004e-14,-1.4210854715202004e-14
1808.0,-1.1368683772161604e-14,-1.4210854715202004e-14,1.1889654083092801e-14,-1.4210854715202004e-14,0.0,-1.4210854715202004e-14,0.0,-2.842170943040401e-14
1810.0,2.842170943040401e-15,0.0,1.1889654083092801e-14,0.0,1.4210854715202004e-14,0.0,1.4210854715202004e-14,-1.4210854715202004e-14
1812.0,-1.1368683772161604e-14,-1.4210854715202004e-14,1.1889654083092801e-14,-1.4210854715202004e-14,0.0,-1.4210854715202004e-14,0.0,-2.842170943040401e-14
1814.0,2.842170943040401e-15,0.0,1.1889654083092801e-14,0.0,1.4210854715202004e-14,0.0,1.4210854715202004e-14,-1.4210854715202004e-14
1816.0,-2.842170943040401e-15,-1.4210854715202004e-14,1.5567211377889583e-14,-1.4210854715202004e-14,1.4210854715202004e-14,-1.4210854715202004e-14,1.4210854715202004e-14,-1.4210854715202004e-14
1818.0,-5.684341886080802e-15,0.0,1.2710574864626039e-14,0.0,0.0,0.0,0.0,-2.842170943040401e-14
1820.0,-2.842170943040401e-15,-1.4210854715202004e-14,1.5567211377889583e-14,-1.4210854715202004e-14,1.4210854715202004e-14,-1.4210854715202004e-14,1.4210854715202004e-14,-1.4210854715202004e-14
1822.0,-1.1368683772161604e-14,-1.4210854715202004e-14,1.1889654083092801e-14,-1.4210854715202004e-14,0.0,-1.4210854715202004e-14,0.0,-2.842170943040401e-14
1824.0,2.842170943040401e-15,0.0,1.1889654083092801e-14,0.0,1.4210854715202004e-14,0.0,1.4210854715202004e-14,-1.4210854715202004e-14
1826.0,-1.1368683772161604e-14,-1.4210854715202004e-14,1.1889654083092801e-14,-1.4210854715202004e-14,0.0,-1.4210854715202004e-14,0.0,-2.842170943040401e-14
1828.0,2.842170943040401e-15,0.0,1.1889654083092801e-14,0.0,1.4210854715202004e-14,0.0,1.4210854715202004e-14,-1.4210854715202004e-14
1830.0,-1.1368683772161604e-14,-1.4210854715202004e-14,1.1889654083092801e-14,-1.4210854715202004e-14,0.0,-1.4210854715202004e-14,0.0,-2.842170943040401e-14
1832.0,-5.684341886080802e-15,0.0,1.2710574864626039e-14,0.0,0.0,0.0,0.0,-2.842170943040401e-14
1834.0,-2.842170943040401e-15,-1.4210854715202004e-14,1.5567211377889583e-14,-1.4210854715202004e-14,1.4210854715202004e-14,-1.4210854715202004e-14,1.4210854715202004e-14,-1.4210854715202004e-14
1836.0,-5.684341886080802e-15,0.0,1.2710574864626039e-14,0.0,0.0,0.0,0.0,-2.842170943040401e-14
1838.0,2.842170943040401e-15,0.0,1.1889654083092801e-14,0.0,1.4210854715202004e-14,0.0,1.4210854715202004e-14,-1.4210854715202004e-14
1840.0,-1.1368683772161604e-14,-1.4210854715202004e-14,1.1889654083092801e-14,-1.4210854715202004e-14,0.0,-1.4210854715202004e-14,0.0,-2.842170943040401e-14
1842.0,2.842170943040401e-15,0.0,1.1889654083092801e-14,0.0,1.4210854715202004e-14,0.0,1.4210854715202004e-14,-1.4210854715202004e-14
1844.0,-1.1368683772161604e-14,-1.4210854715202004e-14,1.1889654083092801e-14,-1.4210854715202004e-14,0.0,-1.4210854715202004e-14,0.0,-2.842170943040401e-14
1846.0,-5.684341886080802e-15,0.0,1.2710574864626039e-14,0.0,0.0,0.0,0.0,-2.842170943040401e-14
1848.0,-2.842170943040401e-15,-1.4210854715202004e-14,1.5567211377889583e-14,-1.4210854715202004e-14,1.4210854715202004e-14,-1.4210854715202004e-14,1.4210854715202004e-14,-1.4210854715202004e-14
1850.0,-5.684341886080802e-15,0.0,1.2710574864626039e-14,0.0,0.0,0.0,0.0,-2.842170943040401e-14
1852.0,-2.842170943040401e-15,-1.4210854715202004e-14,1.5567211377889583e-14,-1.4210854715202004e-14,1.4210854715202004e-14,-1.4210854715202004e-14,1.4210854715202004e-14,-1.4210854715202004e-14
1854.0,-5.684341886080802e-15,0.0,1.2710574864626039e-14,0.0,0.0,0.0,0.0,-2.842170943040401e-14
1856.0,-2.842170943040401e-15,-1.4210854715202004e-14,1.5567211377889583e-14,-1.4210854715202004e-14,1.4210854715202004e-14,-1.4210854715202004e-14,1.4210854715202004e-14,-1.4210854715202004e-14
1858.0,-5.684341886080802e-15,0.0,1.2710574864626039e-14,0.0,0.0,0.0,0.0,-2.842170943040401e-14
1860.0,-2.842170943040401e-15,-1.4210854715202004e-14,1.5567211377889583e-14,-1.4210854715202004e-14,1.4210854715202004e-14,-1.4210854715202004e-14,1.4210854715202004e-14,-1.4210854715202004e-14
1862.0,-1.1368683772161604e-14,-1.4210854715202004e-14,1.1889654083092801e-14,-1.4210854715202004e-14,0.0,-1.4210854715202004e-14,0.0,-2.842170943040401e-14
1864.0,2.842170943040401e-15,0.0,1.1889654083092801e-14,0.0,1.4210854715202004e-14,0.0,1.4210854715202004e-14,-1.4210854715202004e-14
1866.0,-1.1368683772161604e-14,-1.4210854715202004e-14,1.1889654083092801e-14,-1.4210854715202004e-14,0.0,-1.4210854715202004e-14,0.0,-2.842170943040401e-14
1868.0,2.842170943040401e-15,0.0,1.1889654083092801e-14,0.0,1.4210854715202004e-14,0.0,1.4210854715202004e-14,-1.4210854715202004e-14
1870.0,-1.1368683772161604e-14,-1.4210854715202004e-14,1.1889654083092801e-14,-1.4210854715202004e-14,0.0,-1.4210854715202004e-14,0.0,-2.842170943040401e-14
1872.0,-5.684341886080802e-15,0.0,1.2710574864626039e-14,0.0,0.0,0.0,0.0,-2.842170943040401e-14
1874.0,-2.842170943040401e-15,-1.4210854715202004e-14,1.5567211377889583e-14,-1.4210854715202004e-14,1.4210854715202004e-14,-1.4210854715202004e-14,1.4210854715202004e-14,-1.4210854715202004e-14
1876.0,-5.684341886080802e-15,0.0,1.2710574864626039e-14,0.0,0.0,0.0,0.0,-2.842170943040401e-14
1878.0,2.842170943040401e-15,0.0,1.1889654083092801e-14,0.0,1.4210854715202004e-14,0.0,1.4210854715202004e-14,-1.4210854715202004e-14
1880.0,-1.1368683772161604e-14,-1.4210854715202004e-14,1.1889654083092801e-14,-1.4210854715202004e-14,0.0,-1.4210854715202004e-14,0.0,-2.842170943040401e-14
1882.0,2.842170943040401e-15,0.0,1.1889654083092801e-14,0.0,1.4210854715202004e-14,0.0,1.4210854715202004e-14,-1.4210854715202004e-14
1884.0,-1.1368683772161604e-14,-1.4210854715202004e-14,1.1889654083092801e-14,-1.4210854715202004e-14,0.0,-1.4210854715202004e-14,0.0,-2.842170943040401e-14
1886.0,2.842170943040401e-15,0.0,1.1889654083092801e-14,0.0,1.4210854715202004e-14,0.0,1.4210854715202004e-14,-1.4210854715202004e-14
1888.0,-2.842170943040401e-15,-1.4210854715202004e-14,1.5567211377889583e-14,-1.4210854715202004e-14,1.4210854715202004e-14,-1.4210854715202004e-14,1.4210854715202004e-14,-1.4210854715202004e-14
1890.0,-5.684341886080802e-15,0.0,1.2710574864626039e-14,0.0,0.0,0.0,0.0,-2.842170943040401e-14
1892.0,-2.842170943040401e-15,-1.4210854715202004e-14,1.5567211377889583e-14,-1.4210854715202004e-14,1.4210854715202004e-14,-1.4210854715202004e-14,1.4210854715202004e-14,-1.4210854715202004e-14
1894.0,-1.1368683772161604e-14,-1.4210854715202004e-14,1.1889654083092801e-14,-1.4210854715202004e-14,0.0,-1.4210854715202004e-14,0.0,-2.842170943040401e-14
1896.0,2.842170943040401e-15,0.0,1.1889654083092801e-14,0.0,1.4210854715202004e-14,0.0,1.4210854715202004e-14,-1.4210854715202004e-14
1898.0,-1.1368683772161604e-14,-1.4210854715202004e-14,1.1889654083092801e-14,-1.4210854715202004e-14,0.0,-1.4210854715202004e-14,0.0,-2.842170943040401e-14
1900.0,2.842170943040401e-15,0.0,1.1889654083092801e-14,0.0,1.4210854715202004e-14,0.0,1.4210854715202004e-14,-1.4210854715202004e-14
1902.0,-2.842170943040401e-15,-1.4210854715202004e-14,1.5567211377889583e-14,-1.4210854715202004e-14,1.4210854715202004e-14,-1.4210854715202004e-14,1.4210854715202004e-14,-1.4210854715202004e-14
1904.0,-5.684341886080802e-15,0.0,1.2710574864626039e-14,0.0,0.0,0.0,0.0,-2.842170943040401e-14
1906.0,2.842170943040401e-15,0.0,1.1889654083092801e-14,0.0,1.4210854715202004e-14,0.0,1.4210854715202004e-14,-1.4210854715202004e-14
1908.0,-1.1368683772161604e-14,-1.4210854715202004e-14,1.1889654083092801e-14,-1.4210854715202004e-14,0.0,-1.4210854715202004e-14,0.0,-2.842170943040401e-14
1910.0,-5.684341886080802e-15,0.0,1.2710574864626039e-14,0.0,0.0,0.0,0.0,-2.842170943040401e-14
1912.0,-2.842170943040401e-15,-1.4210854715202004e-14,1.5567211377889583e-14,-1.4210854715202004e-14,1.4210854715202004e-14,-1.4210854715202004e-14,1.4210854715202004e-14,-1.4210854715202004e-14
1914.0,-1.1368683772161604e-14,-1.4210854715202004e-14,1.1889654083092801e-14,-1.4210854715202004e-14,0.0,-1.4210854715202004e-14,0.0,-2.842170943040401e-14
1916.0,2.842170943040401e-15,0.0,1.1889654083092801e-14,0.0,1.4210854715202004e-14,0.0,1.4210854715202004e-14,-1.4210854715202004e-14
1918.0,2.842170943040401e-15,0.0,1.1889654083092801e-14,0.0,1.4210854715202004e-14,0.0,1.4210854715202004e-14,-1.4210854715202004e-14
1920.0,-1.1368683772161604e-14,-1.4210854715202004e-14,1.1889654083092801e-14,-1.4210854715202004e-14,0.0,-1.4210854715202004e-14,0.0,-2.842170943040401e-14
1922.0,-5.684341886080802e-15,0.0,1.2710574864626039e-14,0.0,0.0,0.0,0.0,-2.842170943040401e-14
1924.0,2.842170943040401e-15,0.0,1.1889654083092801e-14,0.0,1.4210854715202004e-14,0.0,1.4210854715202004e-14,-1.4210854715202004e-14
1926.0,-2.842170943040401e-15,-1.4210854715202004e-14,1.5567211377889583e-14,-1.4210854715202004e-14,1.4210854715202004e-14,-1.4210854715202004e-14,1.4210854715202004e-14,-1.4210854715202004e-14
1928.0,-1.1368683772161604e-14,-1.4210854715202004e-14,1.1889654083092801e-14,-1.4210854715202004e-14,0.0,-1.4210854715202004e-14,0.0,-2.842170943040401e-14
1930.0,-5.684341886080802e-15,0.0,1.2710574864626039e-14,0.0,0.0,0.0,0.0,-2.842170943040401e-14
1932.0,-5.684341886080802e-15,0.0,1.2710574864626039e-14,0.0,0.0,0.0,0.0,-2.842170943040401e-14
1934.0,2.842170943040401e-15,0.0,1.1889654083092801e-14,0.0,1.4210854715202004e-14,0.0,1.4210854715202004e-14,-1.4210854715202004e-14
1936.0,-2.842170943040401e-15,-1.4210854715202004e-14,1.5567211377889583e-14,-1.4210854715202004e-14,1.4210854715202004e-14,-1.4210854715202004e-14,1.4210854715202004e-14,-1.4210854715202004e-14
1938.0,-1.1368683772161604e-14,-1.4210854715202004e-14,1.1889654083092801e-14,-1.4210854715202004e-14,0.0,-1.4210854715202004e-14,0.0,-2.842170943040401e-14
1940.0,-5.684341886080802e-15,0.0,1.2710574864626039e-14,0.0,0.0,0.0,0.0,-2.842170943040401e-14
1942.0,2.842170943040401e-15,0.0,1.1889654083092801e-14,0.0,1.4210854715202004e-14,0.0,1.4210854715202004e-14,-1.4210854715202004e-14
1944.0,-2.842170943040401e-15,-1.4210854715202004e-14,1.5567211377889583e-14,-1.4210854715202004e-14,1.4210854715202004e-14,-1.4210854715202004e-14,1.4210854715202004e-14,-1.4210854715202004e-14
1946.0,-1.1368683772161604e-14,-1.4210854715202004e-14,1.1889654083092801e-14,-1.4210854715202004e-14,0.0,-1.4210854715202004e-14,0.0,-2.842170943040401e-14
1948.0,2.842170943040401e-15,0.0,1.1889654083092801e-14,0.0,1.4210854715202004e-14,0.0,1.4210854715202004e-14,-1.4210854715202004e-14
1950.0,2.842170943040401e-15,0.0,1.1889654083092801e-14,0.0,1.4210854715202004e-14,0.0,1.4210854715202004e-14,-1.4210854715202004e-14
1952.0,-1.1368683772161604e-14,-1.4210854715202004e-14,1.1889654083092801e-14,-1.4210854715202004e-14,0.0,-1.4210854715202004e-14,0.0,-2.842170943040401e-14
1954.0,2.842170943040401e-15,0.0,1.1889654083092801e-14,0.0,1.4210854715202004e-14,0.0,1.4210854715202004e-14,-1.4210854715202004e-14
1956.0,2.842170943040401e-15,0.0,1.1889654083092801e-14,0.0,1.4210854715202004e-14,0.0,1.4210854715202004e-14,-1.4210854715202004e-14
1958.0,-1.1368683772161604e-14,-1.4210854715202004e-14,1.1889654083092801e-14,-1.4210854715202004e-14,0.0,-1.4210854715202004e-14,0.0,-2.842170943040401e-14
1960.0,-1.1368683772161604e-14,-1.4210854715202004e-14,1.1889654083092801e-14,-1.4210854715202004e-14,0.0,-1.4210854715202004e-14,0.0,-2.842170943040401e-14
1962.0,-5.684341886080802e-15,0.0,1.2710574864626039e-14,0.0,0.0,0.0,0.0,-2.842170943040401e-14
1964.0,2.842170943040401e-15,0.0,1.1889654083092801e-14,0.0,1.4210854715202004e-14,0.0,1.4210854715202004e-14,-1.4210854715202004e-14
1966.0,2.842170943040401e-15,0.0,1.1889654083092801e-14,0.0,1.4210854715202004e-14,0.0,1.4210854715202004e-14,-1.4210854715202004e-14
1968.0,-1.1368683772161604e-14,-1.4210854715202004e-14,1.1889654083092801e-14,-1.4210854715202004e-14,0.0,-1.4210854715202004e-14,0.0,-2.842170943040401e-14
1970.0,-1.1368683772161604e-14,-1.4210854715202004e-14,1.1889654083092801e-14,-1.4210854715202004e-14,0.0,-1.4210854715202004e-14,0.0,-2.842170943040401e-14
1972.0,-1.1368683772161604e-14,-1.4210854715202004e-14,1.1889654083092801e-14,-1.4210854715202004e-14,0.0,-1.4210854715202004e-14,0.0,-2.842170943040401e-14
1974.0,-1.1368683772161604e-14,-1.4210854715202004e-14,1.1889654083092801e-14,-1.4210854715202004e-14,0.0,-1.4210854715202004e-14,0.0,-2.842170943040401e-14
1976.0,2.842170943040401e-15,0.0,1.1889654083092801e-14,0.0,1.4210854715202004e-14,0.0,1.4210854715202004e-14,-1.4210854715202004e-14
1978.0,2.842170943040401e-15,0.0,1.1889654083092801e-14,0.0,1.4210854715202004e-14,0.0,1.4210854715202004e-14,-1.4210854715202004e-14
1980.0,2.842170943040401e-15,0.0,1.1889654083092801e-14,0.0,1.4210854715202004e-14,0.0,1.4210854715202004e-14,-1.4210854715202004e-14
1982.0,2.842170943040401e-15,0.0,1.1889654083092801e-14,0.0,1.4210854715202004e-14,0.0,1.4210854715202004e-14,-1.4210854715202004e-14
1984.0,-2.842170943040401e-15,-1.4210854715202004e-14,1.5567211377889583e-14,-1.4210854715202004e-14,1.4210854715202004e-14,-1.4210854715202004e-14,1.4210854715202004e-14,-1.4210854715202004e-14
1986.0,-1.1368683772161604e-14,-1.4210854715202004e-14,1.1889654083092801e-14,-1.4210854715202004e-14,0.0,-1.4210854715202004e-14,0.0,-2.842170943040401e-14
1988.0,-1.1368683772161604e-14,-1.4210854715202004e-14,1.1889654083092801e-14,-1.4210854715202004e-14,0.0,-1.4210854715202004e-14,0.0,-2.842170943040401e-14
1990.0,-1.1368683772161604e-14,-1.4210854715202004e-14,1.1889654083092801e-14,-1.4210854715202004e-14,0.0,-1.4210854715202004e-14,0.0,-2.842170943040401e-14
1992.0,-1.1368683772161604e-14,-1.4210854715202004e-14,1.1889654083092801e-14,-1.4210854715202004e-14,0.0,-1.4210854715202004e-14,0.0,-2.842170943040401e-14
1994.0,-1.1368683772161604e-14,-1.4210854715202004e-14,1.1889654083092801e-14,-1.4210854715202004e-14,0.0,-1.4210854715202004e-14,0.0,-2.842170943040401e-14
1996.0,-1.1368683772161604e-14,-1.4210854715202004e-14,1.1889654083092801e-14,-1.4210854715202004e-14,0.0,-1.4210854715202004e-14,0.0,-2.842170943040401e-14
1998.0,-1.1368683772161604e-14,-1.4210854715202004e-14,1.1889654083092801e-14,-1.4210854715202004e-14,0.0,-1.4210854715202004e-14,0.0,-2.842170943040401e-14
2000.0,-1.1368683772161604e-14,-1.4210854715202004e-14,1.1889654083092801e-14,-1.4210854715202004e-14,0.0,-1.4210854715202004e-14,0.0,-2.842170943040401e-14
2002.0,-1.1368683772161604e-14,-1.4210854715202004e-14,1.1889654083092801e-14,-1.4210854715202004e-14,0.0,-1.4210854715202004e-14,0.0,-2.842170943040401e-14
2004.0,-1.1368683772161604e-14,-1.4210854715202004e-14,1.1889654083092801e-14,-1.4210854715202004e-14,0.0,-1.4210854715202004e-14,0.0,-2.842170943040401e-14
2006.0,-1.1368683772161604e-14,-1.4210854715202004e-14,1.1889654083092801e-14,-1.4210854715202004e-14,0.0,-1.4210854715202004e-14,0.0,-2.842170943040401e-14
2008.0,-1.1368683772161604e-14,-1.4210854715202004e-14,1.1889654083092801e-14,-1.4210854715202004e-14,0.0,-1.4210854715202004e-14,0.0,-2.842170943040401e-14
2010.0,-1.1368683772161604e-14,-1.4210854715202004e-14,1.1889654083092801e-14,-1.4210854715202004e-14,0.0,-1.4210854715202004e-14,0.0,-2.842170943040401e-14
2012.0,-1.1368683772161604e-14,-1.4210854715202004e-14,1.1889654083092801e-14,-1.4210854715202004e-14,0.0,-1.4210854715202004e-14,0.0,-2.842170943040401e-14
2014.0,-5.684341886080802e-15,0.0,1.2710574864626039e-14,0.0,0.0,0.0,0.0,-2.842170943040401e-14
2016.0,2.842170943040401e-15,0.0,1.1889654083092801e-14,0.0,1.4210854715202004e-14,0.0,1.4210854715202004e-14,-1.4210854715202004e-14
2018.0,2.842170943040401e-15,0.0,1.1889654083092801e-14,0.0,1.4210854715202004e-14,0.0,1.4210854715202004e-14,-1.4210854715202004e-14
2020.0,2.842170943040401e-15,0.0,1.1889654083092801e-14,0.0,1.4210854715202004e-14,0.0,1.4210854715202004e-14,-1.4210854715202004e-14
2022.0,-1.1368683772161604e-14,-1.4210854715202004e-14,1.1889654083092801e-14,-1.4210854715202004e-14,0.0,-1.4210854715202004e-14,0.0,-2.842170943040401e-14
2024.0,-1.1368683772161604e-14,-1.4210854715202004e-14,1.1889654083092801e-14,-1.4210854715202004e-14,0.0,-1.4210854715202004e-14,0.0,-2.842170943040401e-14
2026.0,2.842170943040401e-15,0.0,1.1889654083092801e-14,0.0,1.4210854715202004e-14,0.0,1.4210854715202004e-14,-1.4210854715202004e-14
2028.0,2.842170943040401e-15,0.0,1.1889654083092801e-14,0.0,1.4210854715202004e-14,0.0,1.4210854715202004e-14,-1.4210854715202004e-14
2030.0,-2.842170943040401e-15,-1.4210854715202004e-14,1.5567211377889583e-14,-1.4210854715202004e-14,1.4210854715202004e-14,-1.4210854715202004e-14,1.4210854715202004e-14,-1.4210854715202004e-14
2032.0,-1.1368683772161604e-14,-1.4210854715202004e-14,1.1889654083092801e-14,-1.4210854715202004e-14,0.0,-1.4210854715202004e-14,0.0,-2.842170943040401e-14
2034.0,-5.684341886080802e-15,0.0,1.2710574864626039e-14,0.0,0.0,0.0,0.0,-2.842170943040401e-14
2036.0,2.842170943040401e-15,0.0,1.1889654083092801e-14,0.0,1.4210854715202004e-14,0.0,1.4210854715202004e-14,-1.4210854715202004e-14
2038.0,2.842170943040401e-15,0.0,1.1889654083092801e-14,0.0,1.4210854715202004e-14,0.0,1.4210854715202004e-14,-1.4210854715202004e-14
2040.0,2.842170943040401e-15,0.0,1.1889654083092801e-14,0.0,1.4210854715202004e-14,0.0,1.4210854715202004e-14,-1.4210854715202004e-14
2042.0,2.842170943040401e-15,0.0,1.1889654083092801e-14,0.0,1.4210854715202004e-14,0.0,1.4210854715202004e-14,-1.4210854715202004e-14
2044.0,2.842170943040401e-15,0.0,1.1889654083092801e-14,0.0,1.4210854715202004e-14,0.0,1.4210854715202004e-14,-1.4210854715202004e-14
2046.0,2.842170943040401e-15,0.0,1.1889654083092801e-14,0.0,1.4210854715202004e-14,0.0,1.4210854715202004e-14,-1.4210854715202004e-14
2048.0,-1.1368683772161604e-14,-1.4210854715202004e-14,1.1889654083092801e-14,-1.4210854715202004e-14,0.0,-1.4210854715202004e-14,0.0,-2.842170943040401e-14
2050.0,-1.1368683772161604e-14,-1.4210854715202004e-14,1.1889654083092801e-14,-1.4210854715202004e-14,0.0,-1.4210854715202004e-14,0.0,-2.842170943040401e-14
2052.0,-1.1368683772161604e-14,-1.4210854715202004e-14,1.1889654083092801e-14,-1.4210854715202004e-14,0.0,-1.4210854715202004e-14,0.0,-2.842170943040401e-14
2054.0,2.842170943040401e-15,0.0,1.1889654083092801e-14,0.0,1.4210854715202004e-14,0.0,1.4210854715202004e-14,-1.4210854715202004e-14
2056.0,2.842170943040401e-15,0.0,1.1889654083092801e-14,0.0,1.4210854715202004e-14,0.0,1.4210854715202004e-14,-1.4210854715202004e-14
2058.0,2.842170943040401e-15,0.0,1.1889654083092801e-14,0.0,1.4210854715202004e-14,0.0,1.4210854715202004e-14,-1.4210854715202004e-14
2060.0,2.842170943040401e-15,0.0,1.1889654083092801e-14,0.0,1.4210854715202004e-14,0.0,1.4210854715202004e-14,-1.4210854715202004e-14
2062.0,-2.842170943040401e-15,-1.4210854715202004e-14,1.5567211377889583e-14,-1.4210854715202004e-14,1.4210854715202004e-14,-1.4210854715202004e-14,1.4210854715202004e-14,-1.4210854715202004e-14
2064.0,-1.1368683772161604e-14,-1.4210854715202004e-14,1.1889654083092801e-14,-1.4210854715202004e-14,0.0,-1.4210854715202004e-14,0.0,-2.842170943040401e-14
2066.0,-1.1368683772161604e-14,-1.4210854715202004e-14,1.1889654083092801e-14,-1.4210854715202004e-14,0.0,-1.4210854715202004e-14,0.0,-2.842170943040401e-14
2068.0,-1.1368683772161604e-14,-1.4210854715202004e-14,1.1889654083092801e-14,-1.4210854715202004e-14,0.0,-1.4210854715202004e-14,0.0,-2.842170943040401e-14
2070.0,2.842170943040401e-15,0.0,1.1889654083092801e-14,0.0,1.4210854715202004e-14,0.0,1.4210854715202004e-14,-1.4210854715202004e-14
2072.0,-1.1368683772161604e-14,-1.4210854715202004e-14,1.1889654083092801e-14,-1.4210854715202004e-14,0.0,-1.4210854715202004e-14,0.0,-2.842170943040401e-14
2074.0,-5.684341886080802e-15,0.0,1.2710574864626039e-14,0.0,0.0,0.0,0.0,-2.842170943040401e-14
2076.0,2.842170943040401e-15,0.0,1.1889654083092801e-14,0.0,1.4210854715202004e-14,0.0,1.4210854715202004e-14,-1.4210854715202004e-14
2078.0,2.842170943040401e-15,0.0,1.1889654083092801e-14,0.0,1.4210854715202004e-14,0.0,1.4210854715202004e-14,-1.4210854715202004e-14
2080.0,2.842170943040401e-15,0.0,1.1889654083092801e-14,0.0,1.4210854715202004e-14,0.0,1.4210854715202004e-14,-1.4210854715202004e-14
2082.0,-1.1368683772161604e-14,-1.4210854715202004e-14,1.1889654083092801e-14,-1.4210854715202004e-14,0.0,-1.4210854715202004e-14,0.0,-2.842170943040401e-14
2084.0,2.842170943040401e-15,0.0,1.1889654083092801e-14,0.0,1.4210854715202004e-14,0.0,1.4210854715202004e-14,-1.4210854715202004e-14
2086.0,-1.1368683772161604e-14,-1.4210854715202004e-14,1.1889654083092801e-14,-1.4210854715202004e-14,0.0,-1.4210854715202004e-14,0.0,-2.842170943040401e-14
2088.0,-1.1368683772161604e-14,-1.4210854715202004e-14,1.1889654083092801e-14,-1.4210854715202004e-14,0.0,-1.4210854715202004e-14,0.0,-2.842170943040401e-14
2090.0,-1.1368683772161604e-14,-1.4210854715202004e-14,1.1889654083092801e-14,-1.4210854715202004e-14,0.0,-1.4210854715202004e-14,0.0,-2.842170943040401e-14
2092.0,2.842170943040401e-15,0.0,1.1889654083092801e-14,0.0,1.4210854715202004e-14,0.0,1.4210854715202004e-14,-1.4210854715202004e-14
2094.0,2.842170943040401e-15,0.0,1.1889654083092801e-14,0.0,1.4210854715202004e-14,0.0,1.4210854715202004e-14,-1.4210854715202004e-14
2096.0,-2.842170943040401e-15,-1.4210854715202004e-14,1.5567211377889583e-14,-1.4210854715202004e-14,1.4210854715202004e-14,-1.4210854715202004e-14,1.4210854715202004e-14,-1.4210854715202004e-14
2098.0,-1.1368683772161604e-14,-1.4210854715202004e-14,1.1889654083092801e-14,-1.4210854715202004e-14,0.0,-1.4210854715202004e-14,0.0,-2.842170943040401e-14
2100.0,-5.684341886080802e-15,0.0,1.2710574864626039e-14,0.0,0.0,0.0,0.0,-2.842170943040401e-14
2102.0,2.842170943040401e-15,0.0,1.1889654083092801e-14,0.0,1.4210854715202004e-14,0.0,1.4210854715202004e-14,-1.4210854715202004e-14
2104.0,2.842170943040401e-15,0.0,1.1889654083092801e-14,0.0,1.4210854715202004e-14,0.0,1.4210854715202004e-14,-1.4210854715202004e-14
2106.0,-2.842170943040401e-15,-1.4210854715202004e-14,1.5567211377889583e-14,-1.4210854715202004e-14,1.4210854715202004e-14,-1.4210854715202004e-14,1.4210854715202004e-14,-1.4210854715202004e-14
2108.0,-1.1368683772161604e-14,-1.4210854715202004e-14,1.1889654083092801e-14,-1.4210854715202004e-14,0.0,-1.4210854715202004e-14,0.0,-2.842170943040401e-14
2110.0,2.842170943040401e-15,0.0,1.1889654083092801e-14,0.0,1.4210854715202004e-14,0.0,1.4210854715202004e-14,-1.4210854715202004e-14
2112.0,2.842170943040401e-15,0.0,1.1889654083092801e-14,0.0,1.4210854715202004e-14,0.0,1.4210854715202004e-14,-1.4210854715202004e-14
2114.0,-1.1368683772161604e-14,-1.4210854715202004e-14,1.1889654083092801e-14,-1.4210854715202004e-14,0.0,-1.4210854715202004e-14,0.0,-2.842170943040401e-14
2116.0,-1.1368683772161604e-14,-1.4210854715202004e-14,1.1889654083092801e-14,-1.4210854715202004e-14,0.0,-1.4210854715202004e-14,0.0,-2.842170943040401e-14
2118.0,-5.684341886080802e-15,0.0,1.2710574864626039e-14,0.0,0.0,0.0,0.0,-2.842170943040401e-14
2120.0,2.842170943040401e-15,0.0,1.1889654083092801e-14,0.0,1.4210854715202004e-14,0.0,1.4210854715202004e-14,-1.4210854715202004e-14
2122.0,-2.842170943040401e-15,-1.4210854715202004e-14,1.5567211377889583e-14,-1.4210854715202004e-14,1.4210854715202004e-14,-1.4210854715202004e-14,1.4210854715202004e-14,-1.4210854715202004e-14
2124.0,-1.1368683772161604e-14,-1.4210854715202004e-14,1.1889654083092801e-14,-1.4210854715202004e-14,0.0,-1.4210854715202004e-14,0.0,-2.842170943040401e-14
2126.0,-5.684341886080802e-15,0.0,1.2710574864626039e-14,0.0,0.0,0.0,0.0,-2.842170943040401e-14
2128.0,2.842170943040401e-15,0.0,1.1889654083092801e-14,0.0,1.4210854715202004e-14,0.0,1.4210854715202004e-14,-1.4210854715202004e-14
2130.0,-2.842170943040401e-15,-1.4210854715202004e-14,1.5567211377889583e-14,-1.4210854715202004e-14,1.4210854715202004e-14,-1.4210854715202004e-14,1.4210854715202004e-14,-1.4210854715202004e-14
2132.0,-1.1368683772161604e-14,-1.4210854715202004e-14,1.1889654083092801e-14,-1.4210854715202004e-14,0.0,-1.4210854715202004e-14,0.0,-2.842170943040401e-14
2134.0,-5.684341886080802e-15,0.0,1.2710574864626039e-14,0.0,0.0,0.0,0.0,-2.842170943040401e-14
2136.0,2.842170943040401e-15,0.0,1.1889654083092801e-14,0.0,1.4210854715202004e-14,0.0,1.4210854715202004e-14,-1.4210854715202004e-14
2138.0,-1.1368683772161604e-14,-1.4210854715202004e-14,1.1889654083092801e-14,-1.4210854715202004e-14,0.0,-1.4210854715202004e-14,0.0,-2.842170943040401e-14
2140.0,-1.1368683772161604e-14,-1.4210854715202004e-14,1.1889654083092801e-14,-1.4210854715202004e-14,0.0,-1.4210854715202004e-14,0.0,-2.842170943040401e-14
2142.0,2.842170943040401e-15,0.0,1.1889654083092801e-14,0.0,1.4210854715202004e-14,0.0,1.4210854715202004e-14,-1.4210854715202004e-14
2144.0,2.842170943040401e-15,0.0,1.1889654083092801e-14,0.0,1.4210854715202004e-14,0.0,1.4210854715202004e-14,-1.4210854715202004e-14
2146.0,-1.1368683772161604e-14,-1.4210854715202004e-14,1.1889654083092801e-14,-1.4210854715202004e-14,0.0,-1.4210854715202004e-14,0.0,-2.842170943040401e-14
2148.0,-1.1368683772161604e-14,-1.4210854715202004e-14,1.1889654083092801e-14,-1.4210854715202004e-14,0.0,-1.4210854715202004e-14,0.0,-2.842170943040401e-14
2150.0,-5.684341886080802e-15,0.0,1.2710574864626039e-14,0.0,0.0,0.0,0.0,-2.842170943040401e-14
2152.0,2.842170943040401e-15,0.0,1.1889654083092801e-14,0.0,1.4210854715202004e-14,0.0,1.4210854715202004e-14,-1.4210854715202004e-14
2154.0,-2.842170943040401e-15,-1.4210854715202004e-14,1.5567211377889583e-14,-1.4210854715202004e-14,1.4210854715202004e-14,-1.4210854715202004e-14,1.4210854715202004e-14,-1.4210854715202004e-14
2156.0,-1.1368683772161604e-14,-1.4210854715202004e-14,1.1889654083092801e-14,-1.4210854715202004e-14,0.0,-1.4210854715202004e-14,0.0,-2.842170943040401e-14
2158.0,2.842170943040401e-15,0.0,1.1889654083092801e-14,0.0,1.4210854715202004e-14,0.0,1.4210854715202004e-14,-1.4210854715202004e-14
2160.0,2.842170943040401e-15,0.0,1.1889654083092801e-14,0.0,1.4210854715202004e-14,0.0,1.4210854715202004e-14,-1.4210854715202004e-14
2162.0,-1.1368683772161604e-14,-1.4210854715202004e-14,1.1889654083092801e-14,-1.4210854715202004e-14,0.0,-1.4210854715202004e-14,0.0,-2.842170943040401e-14
2164.0,-5.684341886080802e-15,0.0,1.2710574864626039e-14,0.0,0.0,0.0,0.0,-2.842170943040401e-14
2166.0,2.842170943040401e-15,0.0,1.1889654083092801e-14,0.0,1.4210854715202004e-14,0.0,1.4210854715202004e-14,-1.4210854715202004e-14
2168.0,-2.842170943040401e-15,-1.4210854715202004e-14,1.5567211377889583e-14,-1.4210854715202004e-14,1.4210854715202004e-14,-1.4210854715202004e-14,1.4210854715202004e-14,-1.4210854715202004e-14
2170.0,-1.1368683772161604e-14,-1.4210854715202004e-14,1.1889654083092801e-14,-1.4210854715202004e-14,0.0,-1.4210854715202004e-14,0.0,-2.842170943040401e-14
2172.0,2.842170943040401e-15,0.0,1.1889654083092801e-14,0.0,1.4210854715202004e-14,0.0,1.4210854715202004e-14,-1.4210854715202004e-14
2174.0,-2.842170943040401e-15,-1.4210854715202004e-14,1.5567211377889583e-14,-1.4210854715202004e-14,1.4210854715202004e-14,-1.4210854715202004e-14,1.4210854715202004e-14,-1.4210854715202004e-14
2176.0,-5.684341886080802e-15,0.0,1.2710574864626039e-14,0.0,0.0,0.0,0.0,-2.842170943040401e-14
2178.0,2.842170943040401e-15,0.0,1.1889654083092801e-14,0.0,1.4210854715202004e-14,0.0,1.4210854715202004e-14,-1.4210854715202004e-14
2180.0,-1.1368683772161604e-14,-1.4210854715202004e-14,1.1889654083092801e-14,-1.4210854715202004e-14,0.0,-1.4210854715202004e-14,0.0,-2.842170943040401e-14
2182.0,-5.684341886080802e-15,0.0,1.2710574864626039e-14,0.0,0.0,0.0,0.0,-2.842170943040401e-14
2184.0,2.842170943040401e-15,0.0,1.1889654083092801e-14,0.0,1.4210854715202004e-14,0.0,1.4210854715202004e-14,-1.4210854715202004e-14
2186.0,-1.1368683772161604e-14,-1.4210854715202004e-14,1.1889654083092801e-14,-1.4210854715202004e-14,0.0,-1.4210854715202004e-14,0.0,-2.842170943040401e-14
2188.0,-5.684341886080802e-15,0.0,1.2710574864626039e-14,0.0,0.0,0.0,0.0,-2.842170943040401e-14
2190.0,2.842170943040401e-15,0.0,1.1889654083092801e-14,0.0,1.4210854715202004e-14,0.0,1.4210854715202004e-14,-1.4210854715202004e-14
2192.0,-1.1368683772161604e-14,-1.4210854715202004e-14,1.1889654083092801e-14,-1.4210854715202004e-14,0.0,-1.4210854715202004e-14,0.0,-2.842170943040401e-14
2194.0,-1.1368683772161604e-14,-1.4210854715202004e-14,1.1889654083092801e-14,-1.4210854715202004e-14,0.0,-1.4210854715202004e-14,0.0,-2.842170943040401e-14
2196.0,2.842170943040401e-15,0.0,1.1889654083092801e-14,0.0,1.4210854715202004e-14,0.0,1.4210854715202004e-14,-1.4210854715202004e-14
2198.0,-2.842170943040401e-15,-1.4210854715202004e-14,1.5567211377889583e-14,-1.4210854715202004e-14,1.4210854715202004e-14,-1.4210854715202004e-14,1.4210854715202004e-14,-1.4210854715202004e-14
2200.0,-1.1368683772161604e-14,-1.4210854715202004e-14,1.1889654083092801e-14,-1.4210854715202004e-14,0.0,-1.4210854715202004e-14,0.0,-2.842170943040401e-14
2202.0,-5.684341886080802e-15,0.0,1.2710574864626039e-14,0.0,0.0,0.0,0.0,-2.842170943040401e-14
2204.0,2.842170943040401e-15,0.0,1.1889654083092801e-14,0.0,1.4210854715202004e-14,0.0,1.4210854715202004e-14,-1.4210854715202004e-14
2206.0,-1.1368683772161604e-14,-1.4210854715202004e-14,1.1889654083092801e-14,-1.4210854715202004e-14,0.0,-1.4210854715202004e-14,0.0,-2.842170943040401e-14
2208.0,-5.684341886080802e-15,0.0,1.2710574864626039e-14,0.0,0.0,0.0,0.0,-2.842170943040401e-14
2210.0,2.842170943040401e-15,0.0,1.1889654083092801e-14,0.0,1.4210854715202004e-14,0.0,1.4210854715202004e-14,-1.4210854715202004e-14
2212.0,-1.1368683772161604e-14,-1.4210854715202004e-14,1.1889654083092801e-14,-1.4210854715202004e-14,0.0,-1.4210854715202004e-14,0.0,-2.842170943040401e-14
2214.0,2.842170943040401e-15,0.0,1.1889654083092801e-14,0.0,1.4210854715202004e-14,0.0,1.4210854715202004e-14,-1.4210854715202004e-14
2216.0,-1.1368683772161604e-14,-1.4210854715202004e-14,1.1889654083092801e-14,-1.4210854715202004e-14,0.0,-1.4210854715202004e-14,0.0,-2.842170943040401e-14
2218.0,-5.684341886080802e-15,0.0,1.2710574864626039e-14,0.0,0.0,0.0,0.0,-2.842170943040401e-14
2220.0,2.842170943040401e-15,0.0,1.1889654083092801e-14,0.0,1.4210854715202004e-14,0.0,1.4210854715202004e-14,-1.4210854715202004e-14
2222.0,-1.1368683772161604e-14,-1.4210854715202004e-14,1.1889654083092801e-14,-1.4210854715202004e-14,0.0,-1.4210854715202004e-14,0.0,-2.842170943040401e-14
2224.0,-5.684341886080802e-15,0.0,1.2710574864626039e-14,0.0,0.0,0.0,0.0,-2.842170943040401e-14
2226.0,2.842170943040401e-15,0.0,1.1889654083092801e-14,0.0,1.4210854715202004e-14,0.0,1.4210854715202004e-14,-1.4210854715202004e-14
2228.0,-1.1368683772161604e-14,-1.4210854715202004e-14,1.1889654083092801e-14,-1.4210854715202004e-14,0.0,-1.4210854715202004e-14,0.0,-2.842170943040401e-14
2230.0,2.842170943040401e-15,0.0,1.1889654083092801e-14,0.0,1.4210854715202004e-14,0.0,1.4210854715202004e-14,-1.4210854715202004e-14
2232.0,-2.842170943040401e-15,-1.4210854715202004e-14,1.5567211377889583e-14,-1.4210854715202004e-14,1.4210854715202004e-14,-1.4210854715202004e-14,1.4210854715202004e-14,-1.4210854715202004e-14
2234.0,-1.1368683772161604e-14,-1.4210854715202004e-14,1.1889654083092801e-14,-1.4210854715202004e-14,0.0,-1.4210854715202004e-14,0.0,-2.842170943040401e-14
2236.0,2.842170943040401e-15,0.0,1.1889654083092801e-14,0.0,1.4210854715202004e-14,0.0,1.4210854715202004e-14,-1.4210854715202004e-14
2238.0,-2.842170943040401e-15,-1.4210854715202004e-14,1.5567211377889583e-14,-1.4210854715202004e-14,1.4210854715202004e-14,-1.4210854715202004e-14,1.4210854715202004e-14,-1.4210854715202004e-14
2240.0,-1.1368683772161604e-14,-1.4210854715202004e-14,1.1889654083092801e-14,-1.4210854715202004e-14,0.0,-1.4210854715202004e-14,0.0,-2.842170943040401e-14
2242.0,2.842170943040401e-15,0.0,1.1889654083092801e-14,0.0,1.4210854715202004e-14,0.0,1.4210854715202004e-14,-1.4210854715202004e-14
2244.0,-2.842170943040401e-15,-1.4210854715202004e-14,1.5567211377889583e-14,-1.4210854715202004e-14,1.4210854715202004e-14,-1.4210854715202004e-14,1.4210854715202004e-14,-1.4210854715202004e-14
2246.0,-5.684341886080802e-15,0.0,1.2710574864626039e-14,0.0,0.0,0.0,0.0,-2.842170943040401e-14
2248.0,2.842170943040401e-15,0.0,1.1889654083092801e-14,0.0,1.4210854715202004e-14,0.0,1.4210854715202004e-14,-1.4210854715202004e-14
2250.0,-1.1368683772161604e-14,-1.4210854715202004e-14,1.1889654083092801e-14,-1.4210854715202004e-14,0.0,-1.4210854715202004e-14,0.0,-2.842170943040401e-14
2252.0,-1.1368683772161604e-14,-1.4210854715202004e-14,1.1889654083092801e-14,-1.4210854715202004e-14,0.0,-1.4210854715202004e-14,0.0,-2.842170943040401e-14
2254.0,2.842170943040401e-15,0.0,1.1889654083092801e-14,0.0,1.4210854715202004e-14,0.0,1.4210854715202004e-14,-1.4210854715202004e-14
2256.0,-2.842170943040401e-15,-1.4210854715202004e-14,1.5567211377889583e-14,-1.4210854715202004e-14,1.4210854715202004e-14,-1.4210854715202004e-14,1.4210854715202004e-14,-1.4210854715202004e-14
2258.0,-1.1368683772161604e-14,-1.4210854715202004e-14,1.1889654083092801e-14,-1.4210854715202004e-14,0.0,-1.4210854715202004e-14,0.0,-2.842170943040401e-14
2260.0,2.842170943040401e-15,0.0,1.1889654083092801e-14,0.0,1.4210854715202004e-14,0.0,1.4210854715202004e-14,-1.4210854715202004e-14
2262.0,-2.842170943040401e-15,-1.4210854715202004e-14,1.5567211377889583e-14,-1.4210854715202004e-14,1.4210854715202004e-14,-1.4210854715202004e-14,1.4210854715202004e-14,-1.4210854715202004e-14
2264.0,-5.684341886080802e-15,0.0,1.2710574864626039e-14,0.0,0.0,0.0,0.0,-2.842170943040401e-14
2266.0,2.842170943040401e-15,0.0,1.1889654083092801e-14,0.0,1.4210854715202004e-14,0.0,1.4210854715202004e-14,-1.4210854715202004e-14
2268.0,-1.1368683772161604e-14,-1.4210854715202004e-14,1.1889654083092801e-14,-1.4210854715202004e-14,0.0,-1.4210854715202004e-14,0.0,-2.842170943040401e-14
2270.0,-5.684341886080802e-15,0.0,1.2710574864626039e-14,0.0,0.0,0.0,0.0,-2.842170943040401e-14
2272.0,-2.842170943040401e-15,-1.4210854715202004e-14,1.5567211377889583e-14,-1.4210854715202004e-14,1.4210854715202004e-14,-1.4210854715202004e-14,1.4210854715202004e-14,-1.4210854715202004e-14
2274.0,-1.1368683772161604e-14,-1.4210854715202004e-14,1.1889654083092801e-14,-1.4210854715202004e-14,0.0,-1.4210854715202004e-14,0.0,-2.842170943040401e-14
2276.0,2.842170943040401e-15,0.0,1.1889654083092801e-14,0.0,1.4210854715202004e-14,0.0,1.4210854715202004e-14,-1.4210854715202004e-14
2278.0,-2.842170943040401e-15,-1.4210854715202004e-14,1.5567211377889583e-14,-1.4210854715202004e-14,1.4210854715202004e-14,-1.4210854715202004e-14,1.4210854715202004e-14,-1.4210854715202004e-14
2280.0,-5.684341886080802e-15,0.0,1.2710574864626039e-14,0.0,0.0,0.0,0.0,-2.842170943040401e-14
2282.0,2.842170943040401e-15,0.0,1.1889654083092801e-14,0.0,1.4210854715202004e-14,0.0,1.4210854715202004e-14,-1.4210854715202004e-14
2284.0,-1.1368683772161604e-14,-1.4210854715202004e-14,1.1889654083092801e-14,-1.4210854715202004e-14,0.0,-1.4210854715202004e-14,0.0,-2.842170943040401e-14
2286.0,-5.684341886080802e-15,0.0,1.2710574864626039e-14,0.0,0.0,0.0,0.0,-2.842170943040401e-14
2288.0,-2.842170943040401e-15,-1.4210854715202004e-14,1.5567211377889583e-14,-1.4210854715202004e-14,1.4210854715202004e-14,-1.4210854715202004e-14,1.4210854715202004e-14,-1.4210854715202004e-14
2290.0,-1.1368683772161604e-14,-1.4210854715202004e-14,1.1889654083092801e-14,-1.4210854715202004e-14,0.0,-1.4210854715202004e-14,0.0,-2.842170943040401e-14
2292.0,2.842170943040401e-15,0.0,1.1889654083092801e-14,0.0,1.4210854715202004e-14,0.0,1.4210854715202004e-14,-1.4210854715202004e-14
2294.0,-1.1368683772161604e-14,-1.4210854715202004e-14,1.1889654083092801e-14,-1.4210854715202004e-14,0.0,-1.4210854715202004e-14,0.0,-2.842170943040401e-14
2296.0,-5.684341886080802e-15,0.0,1.2710574864626039e-14,0.0,0.0,0.0,0.0,-2.842170943040401e-14
2298.0,-2.842170943040401e-15,-1.4210854715202004e-14,1.5567211377889583e-14,-1.4210854715202004e-14,1.4210854715202004e-14,-1.4210854715202004e-14,1.4210854715202004e-14,-1.4210854715202004e-14
2300.0,-1.1368683772161604e-14,-1.4210854715202004e-14,1.1889654083092801e-14,-1.4210854715202004e-14,0.0,-1.4210854715202004e-14,0.0,-2.842170943040401e-14
2302.0,2.842170943040401e-15,0.0,1.1889654083092801e-14,0.0,1.4210854715202004e-14,0.0,1.4210854715202004e-14,-1.4210854715202004e-14
2304.0,-1.1368683772161604e-14,-1.4210854715202004e-14,1.1889654083092801e-14,-1.4210854715202004e-14,0.0,-1.4210854715202004e-14,0.0,-2.842170943040401e-14
2306.0,-5.684341886080802e-15,0.0,1.2710574864626039e-14,0.0,0.0,0.0,0.0,-2.842170943040401e-14
2308.0,-2.842170943040401e-15,-1.4210854715202004e-14,1.5567211377889583e-14,-1.4210854715202004e-14,1.4210854715202004e-14,-1.4210854715202004e-14,1.4210854715202004e-14,-1.4210854715202004e-14
2310.0,-1.1368683772161604e-14,-1.4210854715202004e-14,1.1889654083092801e-14,-1.4210854715202004e-14,0.0,-1.4210854715202004e-14,0.0,-2.842170943040401e-14
2312.0,2.842170943040401e-15,0.0,1.1889654083092801e-14,0.0,1.4210854715202004e-14,0.0,1.4210854715202004e-14,-1.4210854715202004e-14
2314.0,-1.1368683772161604e-14,-1.4210854715202004e-14,1.1889654083092801e-14,-1.4210854715202004e-14,0.0,-1.4210854715202004e-14,0.0,-2.842170943040401e-14
2316.0,-5.684341886080802e-15,0.0,1.2710574864626039e-14,0.0,0.0,0.0,0.0,-2.842170943040401e-14
2318.0,-2.842170943040401e-15,-1.4210854715202004e-14,1.5567211377889583e-14,-1.4210854715202004e-14,1.4210854715202004e-14,-1.4210854715202004e-14,1.4210854715202004e-14,-1.4210854715202004e-14
2320.0,-1.1368683772161604e-14,-1.4210854715202004e-14,1.1889654083092801e-14,-1.4210854715202004e-14,0.0,-1.4210854715202004e-14,0.0,-2.842170943040401e-14
2322.0,2.842170943040401e-15,0.0,1.1889654083092801e-14,0.0,1.4210854715202004e-14,0.0,1.4210854715202004e-14,-1.4210854715202004e-14
2324.0,-1.1368683772161604e-14,-1.4210854715202004e-14,1.1889654083092801e-14,-1.4210854715202004e-14,0.0,-1.4210854715202004e-14,0.0,-2.842170943040401e-14
2326.0,-5.684341886080802e-15,0.0,1.2710574864626039e-14,0.0,0.0,0.0,0.0,-2.842170943040401e-14
2328.0,-2.842170943040401e-15,-1.4210854715202004e-14,1.5567211377889583e-14,-1.4210854715202004e-14,1.4210854715202004e-14,-1.4210854715202004e-14,1.4210854715202004e-14,-1.4210854715202004e-14
2330.0,-1.1368683772161604e-14,-1.4210854715202004e-14,1.1889654083092801e-14,-1.4210854715202004e-14,0.0,-1.4210854715202004e-14,0.0,-2.842170943040401e-14
2332.0,2.842170943040401e-15,0.0,1.1889654083092801e-14,0.0,1.4210854715202004e-14,0.0,1.4210854715202004e-14,-1.4210854715202004e-14
2334.0,-1.1368683772161604e-14,-1.4210854715202004e-14,1.1889654083092801e-14,-1.4210854715202004e-14,0.0,-1.4210854715202004e-14,0.0,-2.842170943040401e-14
2336.0,2.842170943040401e-15,0.0,1.1889654083092801e-14,0.0,1.4210854715202004e-14,0.0,1.4210854715202004e-14,-1.4210854715202004e-14
2338.0,-1.1368683772161604e-14,-1.4210854715202004e-14,1.1889654083092801e-14,-1.4210854715202004e-14,0.0,-1.4210854715202004e-14,0.0,-2.842170943040401e-14
2340.0,2.842170943040401e-15,0.0,1.1889654083092801e-14,0.0,1.4210854715202004e-14,0.0,1.4210854715202004e-14,-1.4210854715202004e-14
2342.0,-2.842170943040401e-15,-1.4210854715202004e-14,1.5567211377889583e-14,-1.4210854715202004e-14,1.4210854715202004e-14,-1.4210854715202004e-14,1.4210854715202004e-14,-1.4210854715202004e-14
2344.0,-5.684341886080802e-15,0.0,1.2710574864626039e-14,0.0,0.0,0.0,0.0,-2.842170943040401e-14
2346.0,-2.842170943040401e-15,-1.4210854715202004e-14,1.5567211377889583e-14,-1.4210854715202004e-14,1.4210854715202004e-14,-1.4210854715202004e-14,1.4210854715202004e-14,-1.4210854715202004e-14
2348.0,-1.1368683772161604e-14,-1.4210854715202004e-14,1.1889654083092801e-14,-1.4210854715202004e-14,0.0,-1.4210854715202004e-14,0.0,-2.842170943040401e-14
2350.0,2.842170943040401e-15,0.0,1.1889654083092801e-14,0.0,1.4210854715202004e-14,0.0,1.4210854715202004e-14,-1.4210854715202004e-14
2352.0,-1.1368683772161604e-14,-1.4210854715202004e-14,1.1889654083092801e-14,-1.4210854715202004e-14,0.0,-1.4210854715202004e-14,0.0,-2.842170943040401e-14
2354.0,2.842170943040401e-15,0.0,1.1889654083092801e-14,0.0,1.4210854715202004e-14,0.0,1.4210854715202004e-14,-1.4210854715202004e-14
2356.0,-2.842170943040401e-15,-1.4210854715202004e-14,1.5567211377889583e-14,-1.4210854715202004e-14,1.4210854715202004e-14,-1.4210854715202004e-14,1.4210854715202004e-14,-1.4210854715202004e-14
2358.0,-5.684341886080802e-15,0.0,1.2710574864626039e-14,0.0,0.0,0.0,0.0,-2.842170943040401e-14
2360.0,2.842170943040401e-15,0.0,1.1889654083092801e-14,0.0,1.4210854715202004e-14,0.0,1.4210854715202004e-14,-1.4210854715202004e-14
2362.0,-1.1368683772161604e-14,-1.4210854715202004e-14,1.1889654083092801e-14,-1.4210854715202004e-14,0.0,-1.4210854715202004e-14,0.0,-2.842170943040401e-14
2364.0,2.842170943040401e-15,0.0,1.1889654083092801e-14,0.0,1.4210854715202004e-14,0.0,1.4210854715202004e-14,-1.4210854715202004e-14
2366.0,-1.1368683772161604e-14,-1.4210854715202004e-14,1.1889654083092801e-14,-1.4210854715202004e-14,0.0,-1.4210854715202004e-14,0.0,-2.842170943040401e-14
2368.0,-5.684341886080802e-15,0.0,1.2710574864626039e-14,0.0,0.0,0.0,0.0,-2.842170943040401e-14
2370.0,-2.842170943040401e-15,-1.4210854715202004e-14,1.5567211377889583e-14,-1.4210854715202004e-14,1.4210854715202004e-14,-1.4210854715202004e-14,1.4210854715202004e-14,-1.4210854715202004e-14
2372.0,-5.684341886080802e-15,0.0,1.2710574864626039e-14,0.0,0.0,0.0,0.0,-2.842170943040401e-14
2374.0,2.842170943040401e-15,0.0,1.1889654083092801e-14,0.0,1.4210854715202004e-14,0.0,1.4210854715202004e-14,-1.4210854715202004e-14
2376.0,-1.1368683772161604e-14,-1.4210854715202004e-14,1.1889654083092801e-14,-1.4210854715202004e-14,0.0,-1.4210854715202004e-14,0.0,-2.842170943040401e-14
2378.0,2.842170943040401e-15,0.0,1.1889654083092801e-14,0.0,1.4210854715202004e-14,0.0,1.4210854715202004e-14,-1.4210854715202004e-14
2380.0,-1.1368683772161604e-14,-1.4210854715202004e-14,1.1889654083092801e-14,-1.4210854715202004e-14,0.0,-1.4210854715202004e-14,0.0,-2.842170943040401e-14
2382.0,-5.684341886080802e-15,0.0,1.2710574864626039e-14,0.0,0.0,0.0,0.0,-2.842170943040401e-14
2384.0,-2.842170943040401e-15,-1.4210854715202004e-14,1.5567211377889583e-14,-1.4210854715202004e-14,1.4210854715202004e-14,-1.4210854715202004e-14,1.4210854715202004e-14,-1.4210854715202004e-14
2386.0,-5.684341886080802e-15,0.0,1.2710574864626039e-14,0.0,0.0,0.0,0.0,-2.842170943040401e-14
2388.0,2.842170943040401e-15,0.0,1.1889654083092801e-14,0.0,1.4210854715202004e-14,0.0,1.4210854715202004e-14,-1.4210854715202004e-14
2390.0,-1.1368683772161604e-14,-1.4210854715202004e-14,1.1889654083092801e-14,-1.4210854715202004e-14,0.0,-1.4210854715202004e-14,0.0,-2.842170943040401e-14
2392.0,2.842170943040401e-15,0.0,1.1889654083092801e-14,0.0,1.4210854715202004e-14,0.0,1.4210854715202004e-14,-1.4210854715202004e-14
2394.0,-1.1368683772161604e-14,-1.4210854715202004e-14,1.1889654083092801e-14,-1.4210854715202004e-14,0.0,-1.4210854715202004e-14,0.0,-2.842170943040401e-14
2396.0,-5.684341886080802e-15,0.0,1.2710574864626039e-14,0.0,0.0,0.0,0.0,-2.842170943040401e-14
2398.0,-2.842170943040401e-15,-1.4210854715202004e-14,1.5567211377889583e-14,-1.4210854715202004e-14,1.4210854715202004e-14,-1.4210854715202004e-14,1.4210854715202004e-14,-1.4210854715202004e-14
2400.0,-5.684341886080802e-15,0.0,1.2710574864626039e-14,0.0,0.0,0.0,0.0,-2.842170943040401e-14
2402.0,2.842170943040401e-15,0.0,1.1889654083092801e-14,0.0,1.4210854715202004e-14,0.0,1.4210854715202004e-14,-1.4210854715202004e-14
2404.0,-1.1368683772161604e-14,-1.4210854715202004e-14,1.1889654083092801e-14,-1.4210854715202004e-14,0.0,-1.4210854715202004e-14,0.0,-2.842170943040401e-14
2406.0,2.842170943040401e-15,0.0,1.1889654083092801e-14,0.0,1.4210854715202004e-14,0.0,1.4210854715202004e-14,-1.4210854715202004e-14
2408.0,-1.1368683772161604e-14,-1.4210854715202004e-14,1.1889654083092801e-14,-1.4210854715202004e-14,0.0,-1.4210854715202004e-14,0.0,-2.842170943040401e-14
2410.0,-5.684341886080802e-15,0.0,1.2710574864626039e-14,0.0,0.0,0.0,0.0,-2.842170943040401e-14
2412.0,-2.842170943040401e-15,-1.4210854715202004e-14,1.5567211377889583e-14,-1.4210854715202004e-14,1.4210854715202004e-14,-1.4210854715202004e-14,1.4210854715202004e-14,-1.4210854715202004e-14
2414.0,-5.684341886080802e-15,0.0,1.2710574864626039e-14,0.0,0.0,0.0,0.0,-2.842170943040401e-14
2416.0,2.842170943040401e-15,0.0,1.1889654083092801e-14,0.0,1.4210854715202004e-14,0.0,1.4210854715202004e-14,-1.4210854715202004e-14
2418.0,-1.1368683772161604e-14,-1.4210854715202004e-14,1.1889654083092801e-14,-1.4210854715202004e-14,0.0,-1.4210854715202004e-14,0.0,-2.842170943040401e-14
2420.0,2.842170943040401e-15,0.0,1.1889654083092801e-14,0.0,1.4210854715202004e-14,0.0,1.4210854715202004e-14,-1.4210854715202004e-14
2422.0,-1.1368683772161604e-14,-1.4210854715202004e-14,1.1889654083092801e-14,-1.4210854715202004e-14,0.0,-1.4210854715202004e-14,0.0,-2.842170943040401e-14
2424.0,2.842170943040401e-15,0.0,1.1889654083092801e-14,0.0,1.4210854715202004e-14,0.0,1.4210854715202004e-14,-1.4210854715202004e-14
2426.0,2.842170943040401e-15,0.0,1.1889654083092801e-14,0.0,1.4210854715202004e-14,0.0,1.4210854715202004e-14,-1.4210854715202004e-14
2428.0,-1.1368683772161604e-14,-1.4210854715202004e-14,1.1889654083092801e-14,-1.4210854715202004e-14,0.0,-1.4210854715202004e-14,0.0,-2.842170943040401e-14
2430.0,2.842170943040401e-15,0.0,1.1889654083092801e-14,0.0,1.4210854715202004e-14,0.0,1.4210854715202004e-14,-1.4210854715202004e-14
2432.0,2.842170943040401e-15,0.0,1.1889654083092801e-14,0.0,1.4210854715202004e-14,0.0,1.4210854715202004e-14,-1.4210854715202004e-14
2434.0,2.842170943040401e-15,0.0,1.1889654083092801e-14,0.0,1.4210854715202004e-14,0.0,1.4210854715202004e-14,-1.4210854715202004e-14
2436.0,-1.1368683772161604e-14,-1.4210854715202004e-14,1.1889654083092801e-14,-1.4210854715202004e-14,0.0,-1.4210854715202004e-14,0.0,-2.842170943040401e-14
2438.0,2.842170943040401e-15,0.0,1.1889654083092801e-14,0.0,1.4210854715202004e-14,0.0,1.4210854715202004e-14,-1.4210854715202004e-14
2440.0,-1.1368683772161604e-14,-1.4210854715202004e-14,1.1889654083092801e-14,-1.4210854715202004e-14,0.0,-1.4210854715202004e-14,0.0,-2.842170943040401e-14
2442.0,-5.684341886080802e-15,0.0,1.2710574864626039e-14,0.0,0.0,0.0,0.0,-2.842170943040401e-14
2444.0,-2.842170943040401e-15,-1.4210854715202004e-14,1.5567211377889583e-14,-1.4210854715202004e-14,1.4210854715202004e-14,-1.4210854715202004e-14,1.4210854715202004e-14,-1.4210854715202004e-14
2446.0,-5.684341886080802e-15,0.0,1.2710574864626039e-14,0.0,0.0,0.0,0.0,-2.842170943040401e-14
2448.0,2.842170943040401e-15,0.0,1.1889654083092801e-14,0.0,1.4210854715202004e-14,0.0,1.4210854715202004e-14,-1.4210854715202004e-14
2450.0,-1.1368683772161604e-14,-1.4210854715202004e-14,1.1889654083092801e-14,-1.4210854715202004e-14,0.0,-1.4210854715202004e-14,0.0,-2.842170943040401e-14
2452.0,2.842170943040401e-15,0.0,1.1889654083092801e-14,0.0,1.4210854715202004e-14,0.0,1.4210854715202004e-14,-1.4210854715202004e-14
2454.0,-1.1368683772161604e-14,-1.4210854715202004e-14,1.1889654083092801e-14,-1.4210854715202004e-14,0.0,-1.4210854715202004e-14,0.0,-2.842170943040401e-14
2456.0,2.842170943040401e-15,0.0,1.1889654083092801e-14,0.0,1.4210854715202004e-14,0.0,1.4210854715202004e-14,-1.4210854715202004e-14
2458.0,-2.842170943040401e-15,-1.4210854715202004e-14,1.5567211377889583e-14,-1.4210854715202004e-14,1.4210854715202004e-14,-1.4210854715202004e-14,1.4210854715202004e-14,-1.4210854715202004e-14
2460.0,-5.684341886080802e-15,0.0,1.2710574864626039e-14,0.0,0.0,0.0,0.0,-2.842170943040401e-14
2462.0,-2.842170943040401e-15,-1.4210854715202004e-14,1.5567211377889583e-14,-1.4210854715202004e-14,1.4210854715202004e-14,-1.4210854715202004e-14,1.4210854715202004e-14,-1.4210854715202004e-14
2464.0,-1.1368683772161604e-14,-1.4210854715202004e-14,1.1889654083092801e-14,-1.4210854715202004e-14,0.0,-1.4210854715202004e-14,0.0,-2.842170943040401e-14
2466.0,2.842170943040401e-15,0.0,1.1889654083092801e-14,0.0,1.4210854715202004e-14,0.0,1.4210854715202004e-14,-1.4210854715202004e-14
2468.0,-1.1368683772161604e-14,-1.4210854715202004e-14,1.1889654083092801e-14,-1.4210854715202004e-14,0.0,-1.4210854715202004e-14,0.0,-2.842170943040401e-14
2470.0,2.842170943040401e-15,0.0,1.1889654083092801e-14,0.0,1.4210854715202004e-14,0.0,1.4210854715202004e-14,-1.4210854715202004e-14
2472.0,2.842170943040401e-15,0.0,1.1889654083092801e-14,0.0,1.4210854715202004e-14,0.0,1.4210854715202004e-14,-1.4210854715202004e-14
2474.0,-1.1368683772161604e-14,-1.4210854715202004e-14,1.1889654083092801e-14,-1.4210854715202004e-14,0.0,-1.4210854715202004e-14,0.0,-2.842170943040401e-14
2476.0,2.842170943040401e-15,0.0,1.1889654083092801e-14,0.0,1.4210854715202004e-14,0.0,1.4210854715202004e-14,-1.4210854715202004e-14
2478.0,-1.1368683772161604e-14,-1.4210854715202004e-14,1.1889654083092801e-14,-1.4210854715202004e-14,0.0,-1.4210854715202004e-14,0.0,-2.842170943040401e-14
2480.0,-5.684341886080802e-15,0.0,1.2710574864626039e-14,0.0,0.0,0.0,0.0,-2.842170943040401e-14
2482.0,-2.842170943040401e-15,-1.4210854715202004e-14,1.5567211377889583e-14,-1.4210854715202004e-14,1.4210854715202004e-14,-1.4210854715202004e-14,1.4210854715202004e-14,-1.4210854715202004e-14
2484.0,-5.684341886080802e-15,0.0,1.2710574864626039e-14,0.0,0.0,0.0,0.0,-2.842170943040401e-14
2486.0,-2.842170943040401e-15,-1.4210854715202004e-14,1.5567211377889583e-14,-1.4210854715202004e-14,1.4210854715202004e-14,-1.4210854715202004e-14,1.4210854715202004e-14,-1.4210854715202004e-14
2488.0,-1.1368683772161604e-14,-1.4210854715202004e-14,1.1889654083092801e-14,-1.4210854715202004e-14,0.0,-1.4210854715202004e-14,0.0,-2.842170943040401e-14
2490.0,2.842170943040401e-15,0.0,1.1889654083092801e-14,0.0,1.4210854715202004e-14,0.0,1.4210854715202004e-14,-1.4210854715202004e-14
2492.0,-1.1368683772161604e-14,-1.4210854715202004e-14,1.1889654083092801e-14,-1.4210854715202004e-14,0.0,-1.4210854715202004e-14,0.0,-2.842170943040401e-14
2494.0,2.842170943040401e-15,0.0,1.1889654083092801e-14,0.0,1.4210854715202004e-14,0.0,1.4210854715202004e-14,-1.4210854715202004e-14
2496.0,-1.1368683772161604e-14,-1.4210854715202004e-14,1.1889654083092801e-14,-1.4210854715202004e-14,0.0,-1.4210854715202004e-14,0.0,-2.842170943040401e-14
2498.0,-5.684341886080802e-15,0.0,1.2710574864626039e-14,0.0,0.0,0.0,0.0,-2.842170943040401e-14
2500.0,-2.842170943040401e-15,-1.4210854715202004e-14,1.5567211377889583e-14,-1.4210854715202004e-14,1.4210854715202004e-14,-1.4210854715202004e-14,1.4210854715202004e-14,-1.4210854715202004e-14
2502.0,-5.684341886080802e-15,0.0,1.2710574864626039e-14,0.0,0.0,0.0,0.0,-2.842170943040401e-14
2504.0,2.842170943040401e-15,0.0,1.1889654083092801e-14,0.0,1.4210854715202004e-14,0.0,1.4210854715202004e-14,-1.4210854715202004e-14
2506.0,-1.1368683772161604e-14,-1.4210854715202004e-14,1.1889654083092801e-14,-1.4210854715202004e-14,0.0,-1.4210854715202004e-14,0.0,-2.842170943040401e-14
2508.0,2.842170943040401e-15,0.0,1.1889654083092801e-14,0.0,1.4210854715202004e-14,0.0,1.4210854715202004e-14,-1.4210854715202004e-14
2510.0,-1.1368683772161604e-14,-1.4210854715202004e-14,1.1889654083092801e-14,-1.4210854715202004e-14,0.0,-1.4210854715202004e-14,0.0,-2.842170943040401e-14
2512.0,2.842170943040401e-15,0.0,1.1889654083092801e-14,0.0,1.4210854715202004e-14,0.0,1.4210854715202004e-14,-1.4210854715202004e-14
2514.0,-2.842170943040401e-15,-1.4210854715202004e-14,1.5567211377889583e-14,-1.4210854715202004e-14,1.4210854715202004e-14,-1.4210854715202004e-14,1.4210854715202004e-14,-1.4210854715202004e-14
2516.0,-5.684341886080802e-15,0.0,1.2710574864626039e-14,0.0,0.0,0.0,0.0,-2.842170943040401e-14
2518.0,-2.842170943040401e-15,-1.4210854715202004e-14,1.5567211377889583e-14,-1.4210854715202004e-14,1.4210854715202004e-14,-1.4210854715202004e-14,1.4210854715202004e-14,-1.4210854715202004e-14
2520.0,-1.1368683772161604e-14,-1.4210854715202004e-14,1.1889654083092801e-14,-1.4210854715202004e-14,0.0,-1.4210854715202004e-14,0.0,-2.842170943040401e-14
2522.0,2.842170943040401e-15,0.0,1.1889654083092801e-14,0.0,1.4210854715202004e-14,0.0,1.4210854715202004e-14,-1.4210854715202004e-14
2524.0,-1.1368683772161604e-14,-1.4210854715202004e-14,1.1889654083092801e-14,-1.4210854715202004e-14,0.0,-1.4210854715202004e-14,0.0,-2.842170943040401e-14
2526.0,2.842170943040401e-15,0.0,1.1889654083092801e-14,0.0,1.4210854715202004e-14,0.0,1.4210854715202004e-14,-1.4210854715202004e-14
2528.0,-1.1368683772161604e-14,-1.4210854715202004e-14,1.1889654083092801e-14,-1.4210854715202004e-14,0.0,-1.4210854715202004e-14,0.0,-2.842170943040401e-14
2530.0,-5.684341886080802e-15,0.0,1.2710574864626039e-14,0.0,0.0,0.0,0.0,-2.842170943040401e-14
2532.0,-2.842170943040401e-15,-1.4210854715202004e-14,1.5567211377889583e-14,-1.4210854715202004e-14,1.4210854715202004e-14,-1.4210854715202004e-14,1.4210854715202004e-14,-1.4210854715202004e-14
2534.0,-5.684341886080802e-15,0.0,1.2710574864626039e-14,0.0,0.0,0.0,0.0,-2.842170943040401e-14
2536.0,-2.842170943040401e-15,-1.4210854715202004e-14,1.5567211377889583e-14,-1.4210854715202004e-14,1.4210854715202004e-14,-1.4210854715202004e-14,1.4210854715202004e-14,-1.4210854715202004e-14
2538.0,-1.1368683772161604e-14,-1.4210854715202004e-14,1.1889654083092801e-14,-1.4210854715202004e-14,0.0,-1.4210854715202004e-14,0.0,-2.842170943040401e-14
2540.0,2.842170943040401e-15,0.0,1.1889654083092801e-14,0.0,1.4210854715202004e-14,0.0,1.4210854715202004e-14,-1.4210854715202004e-14
2542.0,-1.1368683772161604e-14,-1.4210854715202004e-14,1.1889654083092801e-14,-1.4210854715202004e-14,0.0,-1.4210854715202004e-14,0.0,-2.842170943040401e-14
2544.0,2.842170943040401e-15,0.0,1.1889654083092801e-14,0.0,1.4210854715202004e-14,0.0,1.4210854715202004e-14,-1.4210854715202004e-14
2546.0,-1.1368683772161604e-14,-1.4210854715202004e-14,1.1889654083092801e-14,-1.4210854715202004e-14,0.0,-1.4210854715202004e-14,0.0,-2.842170943040401e-14
2548.0,2.842170943040401e-15,0.0,1.1889654083092801e-14,0.0,1.4210854715202004e-14,0.0,1.4210854715202004e-14,-1.4210854715202004e-14
2550.0,-1.1368683772161604e-14,-1.4210854715202004e-14,1.1889654083092801e-14,-1.4210854715202004e-14,0.0,-1.4210854715202004e-14,0.0,-2.842170943040401e-14
2552.0,2.842170943040401e-15,0.0,1.1889654083092801e-14,0.0,1.4210854715202004e-14,0.0,1.4210854715202004e-14,-1.4210854715202004e-14
2554.0,-1.1368683772161604e-14,-1.4210854715202004e-14,1.1889654083092801e-14,-1.4210854715202004e-14,0.0,-1.4210854715202004e-14,0.0,-2.842170943040401e-14
2556.0,-5.684341886080802e-15,0.0,1.2710574864626039e-14,0.0,0.0,0.0,0.0,-2.842170943040401e-14
2558.0,-2.842170943040401e-15,-1.4210854715202004e-14,1.5567211377889583e-14,-1.4210854715202004e-14,1.4210854715202004e-14,-1.4210854715202004e-14,1.4210854715202004e-14,-1.4210854715202004e-14
2560.0,-5.684341886080802e-15,0.0,1.2710574864626039e-14,0.0,0.0,0.0,0.0,-2.842170943040401e-14
2562.0,-2.842170943040401e-15,-1.4210854715202004e-14,1.5567211377889583e-14,-1.4210854715202004e-14,1.4210854715202004e-14,-1.4210854715202004e-14,1.4210854715202004e-14,-1.4210854715202004e-14
2564.0,-1.1368683772161604e-14,-1.4210854715202004e-14,1.1889654083092801e-14,-1.4210854715202004e-14,0.0,-1.4210854715202004e-14,0.0,-2.842170943040401e-14
2566.0,2.842170943040401e-15,0.0,1.1889654083092801e-14,0.0,1.4210854715202004e-14,0.0,1.4210854715202004e-14,-1.4210854715202004e-14
2568.0,-1.1368683772161604e-14,-1.4210854715202004e-14,1.1889654083092801e-14,-1.4210854715202004e-14,0.0,-1.4210854715202004e-14,0.0,-2.842170943040401e-14
2570.0,2.842170943040401e-15,0.0,1.1889654083092801e-14,0.0,1.4210854715202004e-14,0.0,1.4210854715202004e-14,-1.4210854715202004e-14
2572.0,-1.1368683772161604e-14,-1.4210854715202004e-14,1.1889654083092801e-14,-1.4210854715202004e-14,0.0,-1.4210854715202004e-14,0.0,-2.842170943040401e-14
2574.0,-5.684341886080802e-15,0.0,1.2710574864626039e-14,0.0,0.0,0.0,0.0,-2.842170943040401e-14
2576.0,-2.842170943040401e-15,-1.4210854715202004e-14,1.5567211377889583e-14,-1.4210854715202004e-14,1.4210854715202004e-14,-1.4210854715202004e-14,1.4210854715202004e-14,-1.4210854715202004e-14
2578.0,-5.684341886080802e-15,0.0,1.2710574864626039e-14,0.0,0.0,0.0,0.0,-2.842170943040401e-14
2580.0,2.842170943040401e-15,0.0,1.1889654083092801e-14,0.0,1.4210854715202004e-14,0.0,1.4210854715202004e-14,-1.4210854715202004e-14
2582.0,-1.1368683772161604e-14,-1.4210854715202004e-14,1.1889654083092801e-14,-1.4210854715202004e-14,0.0,-1.4210854715202004e-14,0.0,-2.842170943040401e-14
2584.0,2.842170943040401e-15,0.0,1.1889654083092801e-14,0.0,1.4210854715202004e-14,0.0,1.4210854715202004e-14,-1.4210854715202004e-14
2586.0,-1.1368683772161604e-14,-1.4210854715202004e-14,1.1889654083092801e-14,-1.4210854715202004e-14,0.0,-1.4210854715202004e-14,0.0,-2.842170943040401e-14
2588.0,2.842170943040401e-15,0.0,1.1889654083092801e-14,0.0,1.4210854715202004e-14,0.0,1.4210854715202004e-14,-1.4210854715202004e-14
2590.0,-2.842170943040401e-15,-1.4210854715202004e-14,1.5567211377889583e-14,-1.4210854715202004e-14,1.4210854715202004e-14,-1.4210854715202004e-14,1.4210854715202004e-14,-1.4210854715202004e-14
2592.0,-5.684341886080802e-15,0.0,1.2710574864626039e-14,0.0,0.0,0.0,0.0,-2.842170943040401e-14
2594.0,-2.842170943040401e-15,-1.4210854715202004e-14,1.5567211377889583e-14,-1.4210854715202004e-14,1.4210854715202004e-14,-1.4210854715202004e-14,1.4210854715202004e-14,-1.4210854715202004e-14
2596.0,-5.684341886080802e-15,0.0,1.2710574864626039e-14,0.0,0.0,0.0,0.0,-2.842170943040401e-14
2598.0,2.842170943040401e-15,0.0,1.1889654083092801e-14,0.0,1.4210854715202004e-14,0.0,1.4210854715202004e-14,-1.4210854715202004e-14
2600.0,-1.1368683772161604e-14,-1.4210854715202004e-14,1.1889654083092801e-14,-1.4210854715202004e-14,0.0,-1.4210854715202004e-14,0.0,-2.842170943040401e-14
2602.0,2.842170943040401e-15,0.0,1.1889654083092801e-14,0.0,1.4210854715202004e-14,0.0,1.4210854715202004e-14,-1.4210854715202004e-14
2604.0,-1.1368683772161604e-14,-1.4210854715202004e-14,1.1889654083092801e-14,-1.4210854715202004e-14,0.0,-1.4210854715202004e-14,0.0,-2.842170943040401e-14
2606.0,-5.684341886080802e-15,0.0,1.2710574864626039e-14,0.0,0.0,0.0,0.0,-2.842170943040401e-14
2608.0,-2.842170943040401e-15,-1.4210854715202004e-14,1.5567211377889583e-14,-1.4210854715202004e-14,1.4210854715202004e-14,-1.4210854715202004e-14,1.4210854715202004e-14,-1.4210854715202004e-14
2610.0,-5.684341886080802e-15,0.0,1.2710574864626039e-14,0.0,0.0,0.0,0.0,-2.842170943040401e-14
2612.0,2.842170943040401e-15,0.0,1.1889654083092801e-14,0.0,1.4210854715202004e-14,0.0,1.4210854715202004e-14,-1.4210854715202004e-14
2614.0,-1.1368683772161604e-14,-1.4210854715202004e-14,1.1889654083092801e-14,-1.4210854715202004e-14,0.0,-1.4210854715202004e-14,0.0,-2.842170943040401e-14
2616.0,-5.684341886080802e-15,0.0,1.2710574864626039e-14,0.0,0.0,0.0,0.0,-2.842170943040401e-14
2618.0,-2.842170943040401e-15,-1.4210854715202004e-14,1.5567211377889583e-14,-1.4210854715202004e-14,1.4210854715202004e-14,-1.4210854715202004e-14,1.4210854715202004e-14,-1.4210854715202004e-14
2620.0,-5.684341886080802e-15,0.0,1.2710574864626039e-14,0.0,0.0,0.0,0.0,-2.842170943040401e-14
2622.0,2.842170943040401e-15,0.0,1.1889654083092801e-14,0.0,1.4210854715202004e-14,0.0,1.4210854715202004e-14,-1.4210854715202004e-14
2624.0,-1.1368683772161604e-14,-1.4210854715202004e-14,1.1889654083092801e-14,-1.4210854715202004e-14,0.0,-1.4210854715202004e-14,0.0,-2.842170943040401e-14
2626.0,2.842170943040401e-15,0.0,1.1889654083092801e-14,0.0,1.4210854715202004e-14,0.0,1.4210854715202004e-14,-1.4210854715202004e-14
2628.0,-1.1368683772161604e-14,-1.4210854715202004e-14,1.1889654083092801e-14,-1.4210854715202004e-14,0.0,-1.4210854715202004e-14,0.0,-2.842170943040401e-14
2630.0,2.842170943040401e-15,0.0,1.1889654083092801e-14,0.0,1.4210854715202004e-14,0.0,1.4210854715202004e-14,-1.4210854715202004e-14
2632.0,-2.842170943040401e-15,-1.4210854715202004e-14,1.5567211377889583e-14,-1.4210854715202004e-14,1.4210854715202004e-14,-1.4210854715202004e-14,1.4210854715202004e-14,-1.4210854715202004e-14
2634.0,-5.684341886080802e-15,0.0,1.2710574864626039e-14,0.0,0.0,0.0,0.0,-2.842170943040401e-14
2636.0,-2.842170943040401e-15,-1.4210854715202004e-14,1.5567211377889583e-14,-1.4210854715202004e-14,1.4210854715202004e-14,-1.4210854715202004e-14,1.4210854715202004e-14,-1.4210854715202004e-14
2638.0,-1.1368683772161604e-14,-1.4210854715202004e-14,1.1889654083092801e-14,-1.4210854715202004e-14,0.0,-1.4210854715202004e-14,0.0,-2.842170943040401e-14
2640.0,2.842170943040401e-15,0.0,1.1889654083092801e-14,0.0,1.4210854715202004e-14,0.0,1.4210854715202004e-14,-1.4210854715202004e-14
2642.0,-1.1368683772161604e-14,-1.4210854715202004e-14,1.1889654083092801e-14,-1.4210854715202004e-14,0.0,-1.4210854715202004e-14,0.0,-2.842170943040401e-14
2644.0,2.842170943040401e-15,0.0,1.1889654083092801e-14,0.0,1.4210854715202004e-14,0.0,1.4210854715202004e-14,-1.4210854715202004e-14
2646.0,-1.1368683772161604e-14,-1.4210854715202004e-14,1.1889654083092801e-14,-1.4210854715202004e-14,0.0,-1.4210854715202004e-14,0.0,-2.842170943040401e-14
2648.0,-5.684341886080802e-15,0.0,1.2710574864626039e-14,0.0,0.0,0.0,0.0,-2.842170943040401e-14
2650.0,-2.842170943040401e-15,-1.4210854715202004e-14,1.5567211377889583e-14,-1.4210854715202004e-14,1.4210854715202004e-14,-1.4210854715202004e-14,1.4210854715202004e-14,-1.4210854715202004e-14
2652.0,-5.684341886080802e-15,0.0,1.2710574864626039e-14,0.0,0.0,0.0,0.0,-2.842170943040401e-14
2654.0,-2.842170943040401e-15,-1.4210854715202004e-14,1.5567211377889583e-14,-1.4210854715202004e-14,1.4210854715202004e-14,-1.4210854715202004e-14,1.4210854715202004e-14,-1.4210854715202004e-14
2656.0,-1.1368683772161604e-14,-1.4210854715202004e-14,1.1889654083092801e-14,-1.4210854715202004e-14,0.0,-1.4210854715202004e-14,0.0,-2.842170943040401e-14
2658.0,2.842170943040401e-15,0.0,1.1889654083092801e-14,0.0,1.4210854715202004e-14,0.0,1.4210854715202004e-14,-1.4210854715202004e-14
2660.0,-1.1368683772161604e-14,-1.4210854715202004e-14,1.1889654083092801e-14,-1.4210854715202004e-14,0.0,-1.4210854715202004e-14,0.0,-2.842170943040401e-14
2662.0,-5.684341886080802e-15,0.0,1.2710574864626039e-14,0.0,0.0,0.0,0.0,-2.842170943040401e-14
2664.0,-2.842170943040401e-15,-1.4210854715202004e-14,1.5567211377889583e-14,-1.4210854715202004e-14,1.4210854715202004e-14,-1.4210854715202004e-14,1.4210854715202004e-14,-1.4210854715202004e-14
2666.0,-1.1368683772161604e-14,-1.4210854715202004e-14,1.1889654083092801e-14,-1.4210854715202004e-14,0.0,-1.4210854715202004e-14,0.0,-2.842170943040401e-14
2668.0,2.842170943040401e-15,0.0,1.1889654083092801e-14,0.0,1.4210854715202004e-14,0.0,1.4210854715202004e-14,-1.4210854715202004e-14
2670.0,-2.842170943040401e-15,-1.4210854715202004e-14,1.5567211377889583e-14,-1.4210854715202004e-14,1.4210854715202004e-14,-1.4210854715202004e-14,1.4210854715202004e-14,-1.4210854715202004e-14
2672.0,-5.684341886080802e-15,0.0,1.2710574864626039e-14,0.0,0.0,0.0,0.0,-2.842170943040401e-14
2674.0,-2.842170943040401e-15,-1.4210854715202004e-14,1.5567211377889583e-14,-1.4210854715202004e-14,1.4210854715202004e-14,-1.4210854715202004e-14,1.4210854715202004e-14,-1.4210854715202004e-14
2676.0,-1.1368683772161604e-14,-1.4210854715202004e-14,1.1889654083092801e-14,-1.4210854715202004e-14,0.0,-1.4210854715202004e-14,0.0,-2.842170943040401e-14
2678.0,-5.684341886080802e-15,0.0,1.2710574864626039e-14,0.0,0.0,0.0,0.0,-2.842170943040401e-14
2680.0,2.842170943040401e-15,0.0,1.1889654083092801e-14,0.0,1.4210854715202004e-14,0.0,1.4210854715202004e-14,-1.4210854715202004e-14
2682.0,-1.1368683772161604e-14,-1.4210854715202004e-14,1.1889654083092801e-14,-1.4210854715202004e-14,0.0,-1.4210854715202004e-14,0.0,-2.842170943040401e-14
2684.0,-1.1368683772161604e-14,-1.4210854715202004e-14,1.1889654083092801e-14,-1.4210854715202004e-14,0.0,-1.4210854715202004e-14,0.0,-2.842170943040401e-14
2686.0,2.842170943040401e-15,0.0,1.1889654083092801e-14,0.0,1.4210854715202004e-14,0.0,1.4210854715202004e-14,-1.4210854715202004e-14
2688.0,2.842170943040401e-15,0.0,1.1889654083092801e-14,0.0,1.4210854715202004e-14,0.0,1.4210854715202004e-14,-1.4210854715202004e-14
2690.0,-1.1368683772161604e-14,-1.4210854715202004e-14,1.1889654083092801e-14,-1.4210854715202004e-14,0.0,-1.4210854715202004e-14,0.0,-2.842170943040401e-14
2692.0,-1.1368683772161604e-14,-1.4210854715202004e-14,1.1889654083092801e-14,-1.4210854715202004e-14,0.0,-1.4210854715202004e-14,0.0,-2.842170943040401e-14
2694.0,-5.684341886080802e-15,0.0,1.2710574864626039e-14,0.0,0.0,0.0,0.0,-2.842170943040401e-14
2696.0,2.842170943040401e-15,0.0,1.1889654083092801e-14,0.0,1.4210854715202004e-14,0.0,1.4210854715202004e-14,-1.4210854715202004e-14
2698.0,2.842170943040401e-15,0.0,1.1889654083092801e-14,0.0,1.4210854715202004e-14,0.0,1.4210854715202004e-14,-1.4210854715202004e-14
2700.0,2.842170943040401e-15,0.0,1.1889654083092801e-14,0.0,1.4210854715202004e-14,0.0,1.4210854715202004e-14,-1.4210854715202004e-14
2702.0,2.842170943040401e-15,0.0,1.1889654083092801e-14,0.0,1.4210854715202004e-14,0.0,1.4210854715202004e-14,-1.4210854715202004e-14
2704.0,2.842170943040401e-15,0.0,1.1889654083092801e-14,0.0,1.4210854715202004e-14,0.0,1.4210854715202004e-14,-1.4210854715202004e-14
2706.0,2.842170943040401e-15,0.0,1.1889654083092801e-14,0.0,1.4210854715202004e-14,0.0,1.4210854715202004e-14,-1.4210854715202004e-14
2708.0,2.842170943040401e-15,0.0,1.1889654083092801e-14,0.0,1.4210854715202004e-14,0.0,1.4210854715202004e-14,-1.4210854715202004e-14
2710.0,2.842170943040401e-15,0.0,1.1889654083092801e-14,0.0,1.4210854715202004e-14,0.0,1.4210854715202004e-14,-1.4210854715202004e-14
2712.0,-1.1368683772161604e-14,-1.4210854715202004e-14,1.1889654083092801e-14,-1.4210854715202004e-14,0.0,-1.4210854715202004e-14,0.0,-2.842170943040401e-14
2714.0,2.842170943040401e-15,0.0,1.1889654083092801e-14,0.0,1.4210854715202004e-14,0.0,1.4210854715202004e-14,-1.4210854715202004e-14
2716.0,-1.1368683772161604e-14,-1.4210854715202004e-14,1.1889654083092801e-14,-1.4210854715202004e-14,0.0,-1.4210854715202004e-14,0.0,-2.842170943040401e-14
2718.0,-1.1368683772161604e-14,-1.4210854715202004e-14,1.1889654083092801e-14,-1.4210854715202004e-14,0.0,-1.4210854715202004e-14,0.0,-2.842170943040401e-14
2720.0,-0.04999999999999431,-0.04999999999999716,1.1889654488051999e-14,-0.04999999999999716,-0.04999999999998295,-0.04999999999999716,-0.04999999999998295,-0.05000000000001137
2722.0,-0.025000000000002843,-0.025000000000005684,1.1889654108402752e-14,-0.025000000000005684,-0.024999999999991473,-0.025000000000005684,-0.024999999999991473,-0.025000000000019895
2724.0,-1.1368683772161604e-14,-1.4210854715202004e-14,1.1889654083092801e-14,-1.4210854715202004e-14,0.0,-1.4210854715202004e-14,0.0,-2.842170943040401e-14
2726.0,2.842170943040401e-15,0.0,1.1889654083092801e-14,0.0,1.4210854715202004e-14,0.0,1.4210854715202004e-14,-1.4210854715202004e-14
2728.0,-0.050000000000008524,-0.05000000000001137,1.1889654488051999e-14,-0.05000000000001137,-0.04999999999999716,-0.05000000000001137,-0.04999999999999716,-0.05000000000002558
2730.0,-1.1368683772161604e-14,-1.4210854715202004e-14,1.1889654083092801e-14,-1.4210854715202004e-14,0.0,-1.4210854715202004e-14,0.0,-2.842170943040401e-14
2732.0,-1.1368683772161604e-14,-1.4210854715202004e-14,1.1889654083092801e-14,-1.4210854715202004e-14,0.0,-1.4210854715202004e-14,0.0,-2.842170943040401e-14
2734.0,-1.1368683772161604e-14,-1.4210854715202004e-14,1.1889654083092801e-14,-1.4210854715202004e-14,0.0,-1.4210854715202004e-14,0.0,-2.842170943040401e-14
2736.0,-1.1368683772161604e-14,-1.4210854715202004e-14,1.1889654083092801e-14,-1.4210854715202004e-14,0.0,-1.4210854715202004e-14,0.0,-2.842170943040401e-14
2738.0,-1.1368683772161604e-14,-1.4210854715202004e-14,1.1889654083092801e-14,-1.4210854715202004e-14,0.0,-1.4210854715202004e-14,0.0,-2.842170943040401e-14
2740.0,2.842170943040401e-15,0.0,1.1889654083092801e-14,0.0,1.4210854715202004e-14,0.0,1.4210854715202004e-14,-1.4210854715202004e-14
2742.0,-0.050000000000008524,-0.05000000000001137,1.1889654488051999e-14,-0.05000000000001137,-0.04999999999999716,-0.05000000000001137,-0.04999999999999716,-0.05000000000002558
2744.0,-0.04999999999999431,-0.04999999999999716,1.1889654488051999e-14,-0.04999999999999716,-0.04999999999998295,-0.04999999999999716,-0.04999999999998295,-0.05000000000001137
2746.0,2.842170943040401e-15,0.0,1.1889654083092801e-14,0.0,1.4210854715202004e-14,0.0,1.4210854715202004e-14,-1.4210854715202004e-14
2748.0,-0.050000000000008524,-0.05000000000001137,1.1889654488051999e-14,-0.05000000000001137,-0.04999999999999716,-0.05000000000001137,-0.04999999999999716,-0.05000000000002558
2750.0,-0.050000000000008524,-0.05000000000001137,1.1889654488051999e-14,-0.05000000000001137,-0.04999999999999716,-0.05000000000001137,-0.04999999999999716,-0.05000000000002558
2752.0,-1.1368683772161604e-14,-1.4210854715202004e-14,1.1889654083092801e-14,-1.4210854715202004e-14,0.0,-1.4210854715202004e-14,0.0,-2.842170943040401e-14
2754.0,2.842170943040401e-15,0.0,1.1889654083092801e-14,0.0,1.4210854715202004e-14,0.0,1.4210854715202004e-14,-1.4210854715202004e-14
2756.0,-0.020000000000010232,-2.842170943040401e-14,0.027386127875252856,-0.05000000000001137,0.0,-1.4210854715202004e-14,-0.04999999999999716,-2.842170943040401e-14
2758.0,2.842170943040401e-15,0.0,1.1889654083092801e-14,0.0,1.4210854715202004e-14,0.0,1.4210854715202004e-14,-1.4210854715202004e-14
2760.0,-0.01999999999999602,-1.4210854715202004e-14,0.027386127875252856,-0.04999999999999716,1.4210854715202004e-14,0.0,-0.04999999999998295,-1.4210854715202004e-14
2762.0,-1.1368683772161604e-14,-1.4210854715202004e-14,1.1889654083092801e-14,-1.4210854715202004e-14,0.0,-1.4210854715202004e-14,0.0,-2.842170943040401e-14
2764.0,2.842170943040401e-15,0.0,1.1889654083092801e-14,0.0,1.4210854715202004e-14,0.0,1.4210854715202004e-14,-1.4210854715202004e-14
2766.0,-1.1368683772161604e-14,-1.4210854715202004e-14,1.1889654083092801e-14,-1.4210854715202004e-14,0.0,-1.4210854715202004e-14,0.0,-2.842170943040401e-14
2768.0,2.842170943040401e-15,0.0,1.1889654083092801e-14,0.0,1.4210854715202004e-14,0.0,1.4210854715202004e-14,-1.4210854715202004e-14
2770.0,-1.1368683772161604e-14,-1.4210854715202004e-14,1.1889654083092801e-14,-1.4210854715202004e-14,0.0,-1.4210854715202004e-14,0.0,-2.842170943040401e-14
2772.0,-0.04999999999999431,-0.04999999999999716,1.1889654488051999e-14,-0.04999999999999716,-0.04999999999998295,-0.04999999999999716,-0.04999999999998295,-0.05000000000001137
2774.0,-0.050000000000008524,-0.05000000000001137,1.1889654488051999e-14,-0.05000000000001137,-0.04999999999999716,-0.05000000000001137,-0.04999999999999716,-0.05000000000002558
2776.0,2.842170943040401e-15,0.0,1.1889654083092801e-14,0.0,1.4210854715202004e-14,0.0,1.4210854715202004e-14,-1.4210854715202004e-14
2778.0,-1.1368683772161604e-14,-1.4210854715202004e-14,1.1889654083092801e-14,-1.4210854715202004e-14,0.0,-1.4210854715202004e-14,0.0,-2.842170943040401e-14
2780.0,-1.1368683772161604e-14,-1.4210854715202004e-14,1.1889654083092801e-14,-1.4210854715202004e-14,0.0,-1.4210854715202004e-14,0.0,-2.842170943040401e-14
2782.0,2.842170943040401e-15,0.0,1.1889654083092801e-14,0.0,1.4210854715202004e-14,0.0,1.4210854715202004e-14,-1.4210854715202004e-14
2784.0,2.842170943040401e-15,0.0,1.1889654083092801e-14,0.0,1.4210854715202004e-14,0.0,1.4210854715202004e-14,-1.4210854715202004e-14
2786.0,-0.020000000000010232,-2.842170943040401e-14,0.027386127875252856,-0.05000000000001137,0.0,-1.4210854715202004e-14,-0.04999999999999716,-2.842170943040401e-14
2788.0,-1.1368683772161604e-14,-1.4210854715202004e-14,1.1889654083092801e-14,-1.4210854715202004e-14,0.0,-1.4210854715202004e-14,0.0,-2.842170943040401e-14
2790.0,-0.04999999999999431,-0.04999999999999716,1.1889654488051999e-14,-0.04999999999999716,-0.04999999999998295,-0.04999999999999716,-0.04999999999998295,-0.05000000000001137
2792.0,2.842170943040401e-15,0.0,1.1889654083092801e-14,0.0,1.4210854715202004e-14,0.0,1.4210854715202004e-14,-1.4210854715202004e-14
2794.0,2.842170943040401e-15,0.0,1.1889654083092801e-14,0.0,1.4210854715202004e-14,0.0,1.4210854715202004e-14,-1.4210854715202004e-14
2796.0,2.842170943040401e-15,0.0,1.1889654083092801e-14,0.0,1.4210854715202004e-14,0.0,1.4210854715202004e-14,-1.4210854715202004e-14
2798.0,-1.1368683772161604e-14,-1.4210854715202004e-14,1.1889654083092801e-14,-1.4210854715202004e-14,0.0,-1.4210854715202004e-14,0.0,-2.842170943040401e-14
2800.0,-1.1368683772161604e-14,-1.4210854715202004e-14,1.1889654083092801e-14,-1.4210854715202004e-14,0.0,-1.4210854715202004e-14,0.0,-2.842170943040401e-14
2802.0,-1.1368683772161604e-14,-1.4210854715202004e-14,1.1889654083092801e-14,-1.4210854715202004e-14,0.0,-1.4210854715202004e-14,0.0,-2.842170943040401e-14
2804.0,-1.1368683772161604e-14,-1.4210854715202004e-14,1.1889654083092801e-14,-1.4210854715202004e-14,0.0,-1.4210854715202004e-14,0.0,-2.842170943040401e-14
2806.0,-0.01999999999999602,-1.4210854715202004e-14,0.027386127875252856,-0.04999999999999716,1.4210854715202004e-14,0.0,-0.04999999999998295,-1.4210854715202004e-14
2808.0,2.842170943040401e-15,0.0,1.1889654083092801e-14,0.0,1.4210854715202004e-14,0.0,1.4210854715202004e-14,-1.4210854715202004e-14
2810.0,2.842170943040401e-15,0.0,1.1889654083092801e-14,0.0,1.4210854715202004e-14,0.0,1.4210854715202004e-14,-1.4210854715202004e-14
2812.0,2.842170943040401e-15,0.0,1.1889654083092801e-14,0.0,1.4210854715202004e-14,0.0,1.4210854715202004e-14,-1.4210854715202004e-14
2814.0,2.842170943040401e-15,0.0,1.1889654083092801e-14,0.0,1.4210854715202004e-14,0.0,1.4210854715202004e-14,-1.4210854715202004e-14
2816.0,2.842170943040401e-15,0.0,1.1889654083092801e-14,0.0,1.4210854715202004e-14,0.0,1.4210854715202004e-14,-1.4210854715202004e-14
2818.0,2.842170943040401e-15,0.0,1.1889654083092801e-14,0.0,1.4210854715202004e-14,0.0,1.4210854715202004e-14,-1.4210854715202004e-14
2820.0,2.842170943040401e-15,0.0,1.1889654083092801e-14,0.0,1.4210854715202004e-14,0.0,1.4210854715202004e-14,-1.4210854715202004e-14
2822.0,2.842170943040401e-15,0.0,1.1889654083092801e-14,0.0,1.4210854715202004e-14,0.0,1.4210854715202004e-14,-1.4210854715202004e-14
2824.0,2.842170943040401e-15,0.0,1.1889654083092801e-14,0.0,1.4210854715202004e-14,0.0,1.4210854715202004e-14,-1.4210854715202004e-14
2826.0,2.842170943040401e-15,0.0,1.1889654083092801e-14,0.0,1.4210854715202004e-14,0.0,1.4210854715202004e-14,-1.4210854715202004e-14
2828.0,2.842170943040401e-15,0.0,1.1889654083092801e-14,0.0,1.4210854715202004e-14,0.0,1.4210854715202004e-14,-1.4210854715202004e-14
2830.0,2.842170943040401e-15,0.0,1.1889654083092801e-14,0.0,1.4210854715202004e-14,0.0,1.4210854715202004e-14,-1.4210854715202004e-14
2832.0,2.842170943040401e-15,0.0,1.1889654083092801e-14,0.0,1.4210854715202004e-14,0.0,1.4210854715202004e-14,-1.4210854715202004e-14
2834.0,2.842170943040401e-15,0.0,1.1889654083092801e-14,0.0,1.4210854715202004e-14,0.0,1.4210854715202004e-14,-1.4210854715202004e-14
2836.0,2.842170943040401e-15,0.0,1.1889654083092801e-14,0.0,1.4210854715202004e-14,0.0,1.4210854715202004e-14,-1.4210854715202004e-14
2838.0,2.842170943040401e-15,0.0,1.1889654083092801e-14,0.0,1.4210854715202004e-14,0.0,1.4210854715202004e-14,-1.4210854715202004e-14
2840.0,2.842170943040401e-15,0.0,1.1889654083092801e-14,0.0,1.4210854715202004e-14,0.0,1.4210854715202004e-14,-1.4210854715202004e-14
2842.0,2.842170943040401e-15,0.0,1.1889654083092801e-14,0.0,1.4210854715202004e-14,0.0,1.4210854715202004e-14,-1.4210854715202004e-14
2844.0,-0.00999999999999659,-1.4210854715202004e-14,0.013693063937624482,-0.025000000000005684,1.4210854715202004e-14,0.0,-0.024999999999977263,-1.4210854715202004e-14
2846.0,-0.01999999999999602,-1.4210854715202004e-14,0.027386127875252856,-0.04999999999999716,1.4210854715202004e-14,0.0,-0.04999999999998295,-1.4210854715202004e-14
2848.0,-1.1368683772161604e-14,-1.4210854715202004e-14,1.1889654083092801e-14,-1.4210854715202004e-14,0.0,-1.4210854715202004e-14,0.0,-2.842170943040401e-14
2850.0,-1.1368683772161604e-14,-1.4210854715202004e-14,1.1889654083092801e-14,-1.4210854715202004e-14,0.0,-1.4210854715202004e-14,0.0,-2.842170943040401e-14
2852.0,-1.1368683772161604e-14,-1.4210854715202004e-14,1.1889654083092801e-14,-1.4210854715202004e-14,0.0,-1.4210854715202004e-14,0.0,-2.842170943040401e-14
2854.0,-0.020000000000010232,-2.842170943040401e-14,0.027386127875252856,-0.05000000000001137,0.0,-1.4210854715202004e-14,-0.04999999999999716,-2.842170943040401e-14
2856.0,-0.025000000000002843,-0.025000000000005684,1.1889654108402752e-14,-0.025000000000005684,-0.024999999999991473,-0.025000000000005684,-0.024999999999991473,-0.025000000000019895
2858.0,2.842170943040401e-15,0.0,1.1889654083092801e-14,0.0,1.4210854715202004e-14,0.0,1.4210854715202004e-14,-1.4210854715202004e-14
2860.0,2.842170943040401e-15,0.0,1.1889654083092801e-14,0.0,1.4210854715202004e-14,0.0,1.4210854715202004e-14,-1.4210854715202004e-14
2862.0,-0.00999999999999659,-1.4210854715202004e-14,0.013693063937624482,-0.025000000000005684,1.4210854715202004e-14,0.0,-0.024999999999977263,-1.4210854715202004e-14
2864.0,-0.010000000000002274,-1.4210854715202004e-14,0.01369306393762578,-0.025000000000005684,1.4210854715202004e-14,-1.4210854715202004e-14,-0.024999999999991473,-1.4210854715202004e-14
2866.0,-1.1368683772161604e-14,-1.4210854715202004e-14,1.1889654083092801e-14,-1.4210854715202004e-14,0.0,-1.4210854715202004e-14,0.0,-2.842170943040401e-14
2868.0,-1.1368683772161604e-14,-1.4210854715202004e-14,1.1889654083092801e-14,-1.4210854715202004e-14,0.0,-1.4210854715202004e-14,0.0,-2.842170943040401e-14
2870.0,-1.1368683772161604e-14,-1.4210854715202004e-14,1.1889654083092801e-14,-1.4210854715202004e-14,0.0,-1.4210854715202004e-14,0.0,-2.842170943040401e-14
2872.0,-0.020000000000010232,-2.842170943040401e-14,0.027386127875252856,-0.05000000000001137,0.0,-1.4210854715202004e-14,-0.04999999999999716,-2.842170943040401e-14
2874.0,-0.0100000000000108,-2.842170943040401e-14,0.013693063937624482,-0.025000000000005684,0.0,-1.4210854715202004e-14,-0.025000000000005684,-2.842170943040401e-14
2876.0,-0.0350000000000108,-0.025000000000034106,0.013693063937623184,-0.05000000000001137,-0.025000000000005684,-0.025000000000005684,-0.04999999999999716,-0.025000000000034106
2878.0,2.842170943040401e-15,0.0,1.1889654083092801e-14,0.0,1.4210854715202004e-14,0.0,1.4210854715202004e-14,-1.4210854715202004e-14
2880.0,2.842170943040401e-15,0.0,1.1889654083092801e-14,0.0,1.4210854715202004e-14,0.0,1.4210854715202004e-14,-1.4210854715202004e-14
2882.0,-0.00999999999999659,-1.4210854715202004e-14,0.013693063937624482,-0.025000000000005684,1.4210854715202004e-14,0.0,-0.024999999999977263,-1.4210854715202004e-14
2884.0,-1.1368683772161604e-14,-1.4210854715202004e-14,1.1889654083092801e-14,-1.4210854715202004e-14,0.0,-1.4210854715202004e-14,0.0,-2.842170943040401e-14
2886.0,-1.1368683772161604e-14,-1.4210854715202004e-14,1.1889654083092801e-14,-1.4210854715202004e-14,0.0,-1.4210854715202004e-14,0.0,-2.842170943040401e-14
2888.0,-0.0100000000000108,-2.842170943040401e-14,0.013693063937624482,-0.025000000000005684,0.0,-1.4210854715202004e-14,-0.025000000000005684,-2.842170943040401e-14
2890.0,2.842170943040401e-15,0.0,1.1889654083092801e-14,0.0,1.4210854715202004e-14,0.0,1.4210854715202004e-14,-1.4210854715202004e-14
2892.0,2.842170943040401e-15,0.0,1.1889654083092801e-14,0.0,1.4210854715202004e-14,0.0,1.4210854715202004e-14,-1.4210854715202004e-14
2894.0,-0.00999999999999659,-1.4210854715202004e-14,0.013693063937624482,-0.025000000000005684,1.4210854715202004e-14,0.0,-0.024999999999977263,-1.4210854715202004e-14
2896.0,-1.1368683772161604e-14,-1.4210854715202004e-14,1.1889654083092801e-14,-1.4210854715202004e-14,0.0,-1.4210854715202004e-14,0.0,-2.842170943040401e-14
2898.0,-1.1368683772161604e-14,-1.4210854715202004e-14,1.1889654083092801e-14,-1.4210854715202004e-14,0.0,-1.4210854715202004e-14,0.0,-2.842170943040401e-14
2900.0,-0.0100000000000108,-2.842170943040401e-14,0.013693063937624482,-0.025000000000005684,0.0,-1.4210854715202004e-14,-0.025000000000005684,-2.842170943040401e-14
2902.0,2.842170943040401e-15,0.0,1.1889654083092801e-14,0.0,1.4210854715202004e-14,0.0,1.4210854715202004e-14,-1.4210854715202004e-14
2904.0,2.842170943040401e-15,0.0,1.1889654083092801e-14,0.0,1.4210854715202004e-14,0.0,1.4210854715202004e-14,-1.4210854715202004e-14
2906.0,-0.010000000000002274,-1.4210854715202004e-14,0.01369306393762578,-0.025000000000005684,1.4210854715202004e-14,-1.4210854715202004e-14,-0.024999999999991473,-1.4210854715202004e-14
2908.0,-1.1368683772161604e-14,-1.4210854715202004e-14,1.1889654083092801e-14,-1.4210854715202004e-14,0.0,-1.4210854715202004e-14,0.0,-2.842170943040401e-14
2910.0,-0.010000000000005116,-2.842170943040401e-14,0.013693063937623184,-0.025000000000005684,0.0,0.0,-0.024999999999991473,-2.842170943040401e-14
2912.0,-0.00999999999999659,-1.4210854715202004e-14,0.013693063937624482,-0.025000000000005684,1.4210854715202004e-14,0.0,-0.024999999999977263,-1.4210854715202004e-14
2914.0,-1.1368683772161604e-14,-1.4210854715202004e-14,1.1889654083092801e-14,-1.4210854715202004e-14,0.0,-1.4210854715202004e-14,0.0,-2.842170943040401e-14
2916.0,-1.1368683772161604e-14,-1.4210854715202004e-14,1.1889654083092801e-14,-1.4210854715202004e-14,0.0,-1.4210854715202004e-14,0.0,-2.842170943040401e-14
2918.0,-0.010000000000005116,-2.842170943040401e-14,0.013693063937623184,-0.025000000000005684,0.0,0.0,-0.024999999999991473,-2.842170943040401e-14
2920.0,2.842170943040401e-15,0.0,1.1889654083092801e-14,0.0,1.4210854715202004e-14,0.0,1.4210854715202004e-14,-1.4210854715202004e-14
2922.0,-0.010000000000002274,-1.4210854715202004e-14,0.01369306393762578,-0.025000000000005684,1.4210854715202004e-14,-1.4210854715202004e-14,-0.024999999999991473,-1.4210854715202004e-14
2924.0,-1.1368683772161604e-14,-1.4210854715202004e-14,1.1889654083092801e-14,-1.4210854715202004e-14,0.0,-1.4210854715202004e-14,0.0,-2.842170943040401e-14
2926.0,-0.010000000000005116,-2.842170943040401e-14,0.013693063937623184,-0.025000000000005684,0.0,0.0,-0.024999999999991473,-2.842170943040401e-14
2928.0,2.842170943040401e-15,0.0,1.1889654083092801e-14,0.0,1.4210854715202004e-14,0.0,1.4210854715202004e-14,-1.4210854715202004e-14
2930.0,-0.00999999999999659,-1.4210854715202004e-14,0.013693063937624482,-0.025000000000005684,1.4210854715202004e-14,0.0,-0.024999999999977263,-1.4210854715202004e-14
2932.0,-1.1368683772161604e-14,-1.4210854715202004e-14,1.1889654083092801e-14,-1.4210854715202004e-14,0.0,-1.4210854715202004e-14,0.0,-2.842170943040401e-14
2934.0,-0.0100000000000108,-2.842170943040401e-14,0.013693063937624482,-0.025000000000005684,0.0,-1.4210854715202004e-14,-0.025000000000005684,-2.842170943040401e-14
2936.0,2.842170943040401e-15,0.0,1.1889654083092801e-14,0.0,1.4210854715202004e-14,0.0,1.4210854715202004e-14,-1.4210854715202004e-14
2938.0,2.842170943040401e-15,0.0,1.1889654083092801e-14,0.0,1.4210854715202004e-14,0.0,1.4210854715202004e-14,-1.4210854715202004e-14
2940.0,-0.010000000000002274,-1.4210854715202004e-14,0.01369306393762578,-0.025000000000005684,1.4210854715202004e-14,-1.4210854715202004e-14,-0.024999999999991473,-1.4210854715202004e-14
2942.0,-1.1368683772161604e-14,-1.4210854715202004e-14,1.1889654083092801e-14,-1.4210854715202004e-14,0.0,-1.4210854715202004e-14,0.0,-2.842170943040401e-14
2944.0,-0.0100000000000108,-2.842170943040401e-14,0.013693063937624482,-0.025000000000005684,0.0,-1.4210854715202004e-14,-0.025000000000005684,-2.842170943040401e-14
2946.0,2.842170943040401e-15,0.0,1.1889654083092801e-14,0.0,1.4210854715202004e-14,0.0,1.4210854715202004e-14,-1.4210854715202004e-14
2948.0,-0.00999999999999659,-1.4210854715202004e-14,0.013693063937624482,-0.025000000000005684,1.4210854715202004e-14,0.0,-0.024999999999977263,-1.4210854715202004e-14
2950.0,0.009999999999988064,0.0,0.013693063937632267,0.024999999999977263,0.0,-1.4210854715202004e-14,0.025000000000005684,-2.842170943040401e-14
2952.0,-1.1368683772161604e-14,-1.4210854715202004e-14,1.1889654083092801e-14,-1.4210854715202004e-14,0.0,-1.4210854715202004e-14,0.0,-2.842170943040401e-14
2954.0,-0.0100000000000108,-2.842170943040401e-14,0.013693063937624482,-0.025000000000005684,0.0,-1.4210854715202004e-14,-0.025000000000005684,-2.842170943040401e-14
2956.0,2.842170943040401e-15,0.0,1.1889654083092801e-14,0.0,1.4210854715202004e-14,0.0,1.4210854715202004e-14,-1.4210854715202004e-14
2958.0,-0.00999999999999659,-1.4210854715202004e-14,0.013693063937624482,-0.025000000000005684,1.4210854715202004e-14,0.0,-0.024999999999977263,-1.4210854715202004e-14
2960.0,-1.1368683772161604e-14,-1.4210854715202004e-14,1.1889654083092801e-14,-1.4210854715202004e-14,0.0,-1.4210854715202004e-14,0.0,-2.842170943040401e-14
2962.0,-0.0100000000000108,-2.842170943040401e-14,0.013693063937624482,-0.025000000000005684,0.0,-1.4210854715202004e-14,-0.025000000000005684,-2.842170943040401e-14
2964.0,2.842170943040401e-15,0.0,1.1889654083092801e-14,0.0,1.4210854715202004e-14,0.0,1.4210854715202004e-14,-1.4210854715202004e-14
2966.0,2.842170943040401e-15,0.0,1.1889654083092801e-14,0.0,1.4210854715202004e-14,0.0,1.4210854715202004e-14,-1.4210854715202004e-14
2968.0,0.0,-1.4210854715202004e-14,0.01249999999999929,-0.012500000000002842,0.012500000000017053,0.012499999999988631,-0.012499999999988631,-1.4210854715202004e-14
2970.0,-1.1368683772161604e-14,-1.4210854715202004e-14,1.1889654083092801e-14,-1.4210854715202004e-14,0.0,-1.4210854715202004e-14,0.0,-2.842170943040401e-14
2972.0,2.842170943040401e-15,0.0,1.1889654083092801e-14,0.0,1.4210854715202004e-14,0.0,1.4210854715202004e-14,-1.4210854715202004e-14
2974.0,-0.00999999999999659,-1.4210854715202004e-14,0.013693063937624482,-0.025000000000005684,1.4210854715202004e-14,0.0,-0.024999999999977263,-1.4210854715202004e-14
2976.0,-1.1368683772161604e-14,-1.4210854715202004e-14,1.1889654083092801e-14,-1.4210854715202004e-14,0.0,-1.4210854715202004e-14,0.0,-2.842170943040401e-14
2978.0,-5.684341886080802e-15,0.0,1.2710574864626039e-14,0.0,0.0,0.0,0.0,-2.842170943040401e-14
2980.0,2.842170943040401e-15,0.0,1.1889654083092801e-14,0.0,1.4210854715202004e-14,0.0,1.4210854715202004e-14,-1.4210854715202004e-14
2982.0,-0.010000000000002274,-1.4210854715202004e-14,0.01369306393762578,-0.025000000000005684,1.4210854715202004e-14,-1.4210854715202004e-14,-0.024999999999991473,-1.4210854715202004e-14
2984.0,-0.010000000000005116,-2.842170943040401e-14,0.013693063937623184,-0.025000000000005684,0.0,0.0,-0.024999999999991473,-2.842170943040401e-14
2986.0,-0.00999999999999659,-1.4210854715202004e-14,0.013693063937624482,-0.025000000000005684,1.4210854715202004e-14,0.0,-0.024999999999977263,-1.4210854715202004e-14
2988.0,-1.1368683772161604e-14,-1.4210854715202004e-14,1.1889654083092801e-14,-1.4210854715202004e-14,0.0,-1.4210854715202004e-14,0.0,-2.842170943040401e-14
2990.0,-5.684341886080802e-15,0.0,1.2710574864626039e-14,0.0,0.0,0.0,0.0,-2.842170943040401e-14
2992.0,2.842170943040401e-15,0.0,1.1889654083092801e-14,0.0,1.4210854715202004e-14,0.0,1.4210854715202004e-14,-1.4210854715202004e-14
2994.0,-0.010000000000002274,-1.4210854715202004e-14,0.01369306393762578,-0.025000000000005684,1.4210854715202004e-14,-1.4210854715202004e-14,-0.024999999999991473,-1.4210854715202004e-14
2996.0,-0.0100000000000108,-2.842170943040401e-14,0.013693063937624482,-0.025000000000005684,0.0,-1.4210854715202004e-14,-0.025000000000005684,-2.842170943040401e-14
2998.0,2.842170943040401e-15,0.0,1.1889654083092801e-14,0.0,1.4210854715202004e-14,0.0,1.4210854715202004e-14,-1.4210854715202004e-14
3000.0,-0.00999999999999659,-1.4210854715202004e-14,0.013693063937624482,-0.025000000000005684,1.4210854715202004e-14,0.0,-0.024999999999977263,-1.4210854715202004e-14
3002.0,-1.1368683772161604e-14,-1.4210854715202004e-14,1.1889654083092801e-14,-1.4210854715202004e-14,0.0,-1.4210854715202004e-14,0.0,-2.842170943040401e-14
3004.0,-0.010000000000005116,-2.842170943040401e-14,0.013693063937623184,-0.025000000000005684,0.0,0.0,-0.024999999999991473,-2.842170943040401e-14
3006.0,2.842170943040401e-15,0.0,1.1889654083092801e-14,0.0,1.4210854715202004e-14,0.0,1.4210854715202004e-14,-1.4210854715202004e-14
3008.0,-1.1368683772161604e-14,-1.4210854715202004e-14,1.1889654083092801e-14,-1.4210854715202004e-14,0.0,-1.4210854715202004e-14,0.0,-2.842170943040401e-14
3010.0,-0.0100000000000108,-2.842170943040401e-14,0.013693063937624482,-0.025000000000005684,0.0,-1.4210854715202004e-14,-0.025000000000005684,-2.842170943040401e-14
3012.0,2.842170943040401e-15,0.0,1.1889654083092801e-14,0.0,1.4210854715202004e-14,0.0,1.4210854715202004e-14,-1.4210854715202004e-14
3014.0,2.842170943040401e-15,0.0,1.1889654083092801e-14,0.0,1.4210854715202004e-14,0.0,1.4210854715202004e-14,-1.4210854715202004e-14
3016.0,-2.842170943040401e-15,-1.4210854715202004e-14,1.5567211377889583e-14,-1.4210854715202004e-14,1.4210854715202004e-14,-1.4210854715202004e-14,1.4210854715202004e-14,-1.4210854715202004e-14
3018.0,-1.1368683772161604e-14,-1.4210854715202004e-14,1.1889654083092801e-14,-1.4210854715202004e-14,0.0,-1.4210854715202004e-14,0.0,-2.842170943040401e-14
3020.0,-0.006666666666663446,-1.4210854715202004e-14,0.009128709291748359,-0.01666666666666572,1.4210854715202004e-14,0.0,-0.01666666666665151,-1.4210854715202004e-14
3022.0,-1.1368683772161604e-14,-1.4210854715202004e-14,1.1889654083092801e-14,-1.4210854715202004e-14,0.0,-1.4210854715202004e-14,0.0,-2.842170943040401e-14
3024.0,-0.010000000000005116,-2.842170943040401e-14,0.013693063937623184,-0.025000000000005684,0.0,0.0,-0.024999999999991473,-2.842170943040401e-14
3026.0,-0.00999999999999659,-1.4210854715202004e-14,0.013693063937624482,-0.025000000000005684,1.4210854715202004e-14,0.0,-0.024999999999977263,-1.4210854715202004e-14
3028.0,-1.1368683772161604e-14,-1.4210854715202004e-14,1.1889654083092801e-14,-1.4210854715202004e-14,0.0,-1.4210854715202004e-14,0.0,-2.842170943040401e-14
3030.0,-0.009999999999999431,0.0,0.013693063937628374,-0.025000000000005684,0.0,0.0,-0.024999999999991473,0.0
3032.0,-0.013333333333329733,0.0,0.01825741858351358,-0.03333333333334565,0.0,0.0,-0.03333333333333144,2.842170943040401e-14
3034.0,-0.013333333333324048,0.0,0.01825741858351877,-0.03333333333334565,0.0,1.4210854715202004e-14,-0.03333333333333144,4.263256414560601e-14
3036.0,1.7053025658242404e-14,0.0,2.5421149729252075e-14,0.0,0.0,2.842170943040401e-14,0.0,5.684341886080802e-14
3038.0,-0.003333333333321775,0.0,0.004564354645899475,-0.008333333333339965,0.0,2.842170943040401e-14,-0.008333333333354176,5.684341886080802e-14
3040.0,-0.009999999999990905,0.0,0.013693063937655618,-0.025000000000005684,0.0,2.842170943040401e-14,-0.025000000000034106,5.684341886080802e-14
3042.0,-0.009999999999990905,0.0,0.013693063937655618,-0.025000000000005684,0.0,2.842170943040401e-14,-0.025000000000034106,5.684341886080802e-14
3044.0,1.1368683772161604e-14,0.0,3.240573463185507e-14,0.0,0.0,2.842170943040401e-14,-2.842170943040401e-14,5.684341886080802e-14
3046.0,1.1368683772161604e-14,0.0,3.240573463185507e-14,0.0,0.0,2.842170943040401e-14,-2.842170943040401e-14,5.684341886080802e-14
3048.0,1.1368683772161604e-14,0.0,3.240573463185507e-14,0.0,0.0,2.842170943040401e-14,-2.842170943040401e-14,5.684341886080802e-14
3050.0,-0.009999999999990905,0.0,0.013693063937655618,-0.025000000000005684,0.0,2.842170943040401e-14,-0.025000000000034106,5.684341886080802e-14
3052.0,1.1368683772161604e-14,0.0,3.240573463185507e-14,0.0,0.0,2.842170943040401e-14,-2.842170943040401e-14,5.684341886080802e-14
3054.0,1.1368683772161604e-14,0.0,3.240573463185507e-14,0.0,0.0,2.842170943040401e-14,-2.842170943040401e-14,5.684341886080802e-14
3056.0,-0.009999999999990905,0.0,0.013693063937655618,-0.025000000000005684,0.0,2.842170943040401e-14,-0.025000000000034106,5.684341886080802e-14
3058.0,1.1368683772161604e-14,0.0,3.240573463185507e-14,0.0,0.0,2.842170943040401e-14,-2.842170943040401e-14,5.684341886080802e-14
3060.0,-0.009999999999990905,0.0,0.013693063937655618,-0.025000000000005684,0.0,2.842170943040401e-14,-0.025000000000034106,5.684341886080802e-14
3062.0,-0.009999999999990905,0.0,0.013693063937655618,-0.025000000000005684,0.0,2.842170943040401e-14,-0.025000000000034106,5.684341886080802e-14
3064.0,1.1368683772161604e-14,0.0,3.240573463185507e-14,0.0,0.0,2.842170943040401e-14,-2.842170943040401e-14,5.684341886080802e-14
3066.0,0.01500000000001478,0.025000000000005684,0.013693063937655618,0.0,0.025000000000005684,0.025000000000034106,-2.842170943040401e-14,0.025000000000062528
3068.0,1.1368683772161604e-14,0.0,3.240573463185507e-14,0.0,0.0,2.842170943040401e-14,-2.842170943040401e-14,5.684341886080802e-14
3070.0,0.01500000000001478,0.025000000000005684,0.013693063937655618,0.0,0.025000000000005684,0.025000000000034106,-2.842170943040401e-14,0.025000000000062528
3072.0,0.0100000000000108,0.01666666666666572,0.0091287092917756,0.0,0.01666666666666572,0.01666666666669414,-2.842170943040401e-14,0.016666666666722563
3074.0,1.1368683772161604e-14,0.0,3.240573463185507e-14,0.0,0.0,2.842170943040401e-14,-2.842170943040401e-14,5.684341886080802e-14
3076.0,1.1368683772161604e-14,0.0,3.240573463185507e-14,0.0,0.0,2.842170943040401e-14,-2.842170943040401e-14,5.684341886080802e-14
3078.0,-0.009999999999990905,0.0,0.013693063937655618,-0.025000000000005684,0.0,2.842170943040401e-14,-0.025000000000034106,5.684341886080802e-14
3080.0,-0.009999999999990905,0.0,0.013693063937655618,-0.025000000000005684,0.0,2.842170943040401e-14,-0.025000000000034106,5.684341886080802e-14
3082.0,1.1368683772161604e-14,0.0,3.240573463185507e-14,0.0,0.0,2.842170943040401e-14,-2.842170943040401e-14,5.684341886080802e-14
3084.0,-0.009999999999990905,0.0,0.013693063937655618,-0.025000000000005684,0.0,2.842170943040401e-14,-0.025000000000034106,5.684341886080802e-14
3086.0,-0.009999999999990905,0.0,0.013693063937655618,-0.025000000000005684,0.0,2.842170943040401e-14,-0.025000000000034106,5.684341886080802e-14
3088.0,1.1368683772161604e-14,0.0,3.240573463185507e-14,0.0,0.0,2.842170943040401e-14,-2.842170943040401e-14,5.684341886080802e-14
3090.0,-0.009999999999990905,0.0,0.013693063937655618,-0.025000000000005684,0.0,2.842170943040401e-14,-0.025000000000034106,5.684341886080802e-14
3092.0,1.1368683772161604e-14,0.0,3.240573463185507e-14,0.0,0.0,2.842170943040401e-14,-2.842170943040401e-14,5.684341886080802e-14
3094.0,1.1368683772161604e-14,0.0,3.240573463185507e-14,0.0,0.0,2.842170943040401e-14,-2.842170943040401e-14,5.684341886080802e-14
3096.0,1.1368683772161604e-14,0.0,3.240573463185507e-14,0.0,0.0,2.842170943040401e-14,-2.842170943040401e-14,5.684341886080802e-14
3098.0,1.1368683772161604e-14,0.0,3.240573463185507e-14,0.0,0.0,2.842170943040401e-14,-2.842170943040401e-14,5.684341886080802e-14
3100.0,1.1368683772161604e-14,0.0,3.240573463185507e-14,0.0,0.0,2.842170943040401e-14,-2.842170943040401e-14,5.684341886080802e-14
3102.0,1.1368683772161604e-14,0.0,3.240573463185507e-14,0.0,0.0,2.842170943040401e-14,-2.842170943040401e-14,5.684341886080802e-14
3104.0,1.1368683772161604e-14,0.0,3.240573463185507e-14,0.0,0.0,2.842170943040401e-14,-2.842170943040401e-14,5.684341886080802e-14
3106.0,0.01500000000001478,0.025000000000005684,0.013693063937655618,0.0,0.025000000000005684,0.025000000000034106,-2.842170943040401e-14,0.025000000000062528
3108.0,-0.0033333333333246174,0.0,0.004564354645903368,-0.008333333333339965,0.0,2.842170943040401e-14,-0.008333333333368387,5.684341886080802e-14
3110.0,-0.009999999999990905,0.0,0.013693063937655618,-0.025000000000005684,0.0,2.842170943040401e-14,-0.025000000000034106,5.684341886080802e-14
3112.0,1.1368683772161604e-14,0.0,3.240573463185507e-14,0.0,0.0,2.842170943040401e-14,-2.842170943040401e-14,5.684341886080802e-14
3114.0,1.1368683772161604e-14,0.0,3.240573463185507e-14,0.0,0.0,2.842170943040401e-14,-2.842170943040401e-14,5.684341886080802e-14
3116.0,1.1368683772161604e-14,0.0,3.240573463185507e-14,0.0,0.0,2.842170943040401e-14,-2.842170943040401e-14,5.684341886080802e-14
3118.0,1.1368683772161604e-14,0.0,3.240573463185507e-14,0.0,0.0,2.842170943040401e-14,-2.842170943040401e-14,5.684341886080802e-14
3120.0,1.1368683772161604e-14,0.0,3.240573463185507e-14,0.0,0.0,2.842170943040401e-14,-2.842170943040401e-14,5.684341886080802e-14
3122.0,-0.009999999999990905,0.0,0.013693063937655618,-0.025000000000005684,0.0,2.842170943040401e-14,-0.025000000000034106,5.684341886080802e-14
3124.0,1.1368683772161604e-14,0.0,3.240573463185507e-14,0.0,0.0,2.842170943040401e-14,-2.842170943040401e-14,5.684341886080802e-14
3126.0,-0.009999999999990905,0.0,0.013693063937655618,-0.025000000000005684,0.0,2.842170943040401e-14,-0.025000000000034106,5.684341886080802e-14
3128.0,1.1368683772161604e-14,0.0,3.240573463185507e-14,0.0,0.0,2.842170943040401e-14,-2.842170943040401e-14,5.684341886080802e-14
3130.0,1.1368683772161604e-14,0.0,3.240573463185507e-14,0.0,0.0,2.842170943040401e-14,-2.842170943040401e-14,5.684341886080802e-14
3132.0,-0.009999999999990905,0.0,0.013693063937655618,-0.025000000000005684,0.0,2.842170943040401e-14,-0.025000000000034106,5.684341886080802e-14
3134.0,1.1368683772161604e-14,0.0,3.240573463185507e-14,0.0,0.0,2.842170943040401e-14,-2.842170943040401e-14,5.684341886080802e-14
3136.0,0.03000000000001819,0.05000000000001137,0.027386127875287884,0.0,0.05000000000001137,0.05000000000003979,-2.842170943040401e-14,0.05000000000006821
3138.0,1.1368683772161604e-14,0.0,3.240573463185507e-14,0.0,0.0,2.842170943040401e-14,-2.842170943040401e-14,5.684341886080802e-14
3140.0,-0.009999999999990905,0.0,0.013693063937655618,-0.025000000000005684,0.0,2.842170943040401e-14,-0.025000000000034106,5.684341886080802e-14
3142.0,-0.0033333333333246174,0.0,0.004564354645903368,-0.008333333333339965,0.0,2.842170943040401e-14,-0.008333333333368387,5.684341886080802e-14
3144.0,-0.009999999999990905,0.0,0.013693063937655618,-0.025000000000005684,0.0,2.842170943040401e-14,-0.025000000000034106,5.684341886080802e-14
3146.0,-0.009999999999990905,0.0,0.013693063937655618,-0.025000000000005684,0.0,2.842170943040401e-14,-0.025000000000034106,5.684341886080802e-14
3148.0,1.1368683772161604e-14,0.0,3.240573463185507e-14,0.0,0.0,2.842170943040401e-14,-2.842170943040401e-14,5.684341886080802e-14
3150.0,1.1368683772161604e-14,0.0,3.240573463185507e-14,0.0,0.0,2.842170943040401e-14,-2.842170943040401e-14,5.684341886080802e-14
3152.0,1.1368683772161604e-14,0.0,3.240573463185507e-14,0.0,0.0,2.842170943040401e-14,-2.842170943040401e-14,5.684341886080802e-14
3154.0,1.1368683772161604e-14,0.0,3.240573463185507e-14,0.0,0.0,2.842170943040401e-14,-2.842170943040401e-14,5.684341886080802e-14
3156.0,1.1368683772161604e-14,0.0,3.240573463185507e-14,0.0,0.0,2.842170943040401e-14,-2.842170943040401e-14,5.684341886080802e-14
3158.0,-0.009999999999990905,0.0,0.013693063937655618,-0.025000000000005684,0.0,2.842170943040401e-14,-0.025000000000034106,5.684341886080802e-14
3160.0,0.01500000000001478,0.025000000000005684,0.013693063937655618,0.0,0.025000000000005684,0.025000000000034106,-2.842170943040401e-14,0.025000000000062528
3162.0,1.1368683772161604e-14,0.0,3.240573463185507e-14,0.0,0.0,2.842170943040401e-14,-2.842170943040401e-14,5.684341886080802e-14
3164.0,-0.009999999999990905,0.0,0.013693063937655618,-0.025000000000005684,0.0,2.842170943040401e-14,-0.025000000000034106,5.684341886080802e-14
3166.0,1.1368683772161604e-14,0.0,3.240573463185507e-14,0.0,0.0,2.842170943040401e-14,-2.842170943040401e-14,5.684341886080802e-14
3168.0,1.1368683772161604e-14,0.0,3.240573463185507e-14,0.0,0.0,2.842170943040401e-14,-2.842170943040401e-14,5.684341886080802e-14
3170.0,-0.009999999999990905,0.0,0.013693063937655618,-0.025000000000005684,0.0,2.842170943040401e-14,-0.025000000000034106,5.684341886080802e-14
3172.0,-0.009999999999990905,0.0,0.013693063937655618,-0.025000000000005684,0.0,2.842170943040401e-14,-0.025000000000034106,5.684341886080802e-14
3174.0,1.1368683772161604e-14,0.0,3.240573463185507e-14,0.0,0.0,2.842170943040401e-14,-2.842170943040401e-14,5.684341886080802e-14
3176.0,1.1368683772161604e-14,0.0,3.240573463185507e-14,0.0,0.0,2.842170943040401e-14,-2.842170943040401e-14,5.684341886080802e-14
3178.0,-0.009999999999990905,0.0,0.013693063937655618,-0.025000000000005684,0.0,2.842170943040401e-14,-0.025000000000034106,5.684341886080802e-14
3180.0,1.1368683772161604e-14,0.0,3.240573463185507e-14,0.0,0.0,2.842170943040401e-14,-2.842170943040401e-14,5.684341886080802e-14
3182.0,-0.009999999999990905,0.0,0.013693063937655618,-0.025000000000005684,0.0,2.842170943040401e-14,-0.025000000000034106,5.684341886080802e-14
3184.0,1.1368683772161604e-14,0.0,3.240573463185507e-14,0.0,0.0,2.842170943040401e-14,-2.842170943040401e-14,5.684341886080802e-14
3186.0,0.01500000000001478,0.025000000000005684,0.013693063937655618,0.0,0.025000000000005684,0.025000000000034106,-2.842170943040401e-14,0.025000000000062528
3188.0,-0.009999999999990905,0.0,0.013693063937655618,-0.025000000000005684,0.0,2.842170943040401e-14,-0.025000000000034106,5.684341886080802e-14
3190.0,-0.009999999999990905,0.0,0.013693063937655618,-0.025000000000005684,0.0,2.842170943040401e-14,-0.025000000000034106,5.684341886080802e-14
3192.0,1.1368683772161604e-14,0.0,3.240573463185507e-14,0.0,0.0,2.842170943040401e-14,-2.842170943040401e-14,5.684341886080802e-14
3194.0,1.1368683772161604e-14,0.0,3.240573463185507e-14,0.0,0.0,2.842170943040401e-14,-2.842170943040401e-14,5.684341886080802e-14
3196.0,-0.009999999999990905,0.0,0.013693063937655618,-0.025000000000005684,0.0,2.842170943040401e-14,-0.025000000000034106,5.684341886080802e-14
3198.0,-0.009999999999990905,0.0,0.013693063937655618,-0.025000000000005684,0.0,2.842170943040401e-14,-0.025000000000034106,5.684341886080802e-14
3200.0,1.1368683772161604e-14,0.0,3.240573463185507e-14,0.0,0.0,2.842170943040401e-14,-2.842170943040401e-14,5.684341886080802e-14
3202.0,1.1368683772161604e-14,0.0,3.240573463185507e-14,0.0,0.0,2.842170943040401e-14,-2.842170943040401e-14,5.684341886080802e-14
3204.0,-0.006666666666660603,0.0,0.009128709291783384,-0.01666666666667993,0.0,2.842170943040401e-14,-0.016666666666708352,5.684341886080802e-14
3206.0,1.1368683772161604e-14,0.0,3.240573463185507e-14,0.0,0.0,2.842170943040401e-14,-2.842170943040401e-14,5.684341886080802e-14
3208.0,-0.01999999999999318,0.0,0.027386127875287884,-0.05000000000001137,0.0,2.842170943040401e-14,-0.05000000000003979,5.684341886080802e-14
3210.0,-0.003333333333318933,0.0,0.004564354645895584,-0.008333333333325754,0.0,2.842170943040401e-14,-0.008333333333354176,5.684341886080802e-14
3212.0,-0.009999999999990905,0.0,0.013693063937655618,-0.025000000000005684,0.0,2.842170943040401e-14,-0.025000000000034106,5.684341886080802e-14
3214.0,-0.009999999999990905,0.0,0.013693063937655618,-0.025000000000005684,0.0,2.842170943040401e-14,-0.025000000000034106,5.684341886080802e-14
3216.0,1.1368683772161604e-14,0.0,3.240573463185507e-14,0.0,0.0,2.842170943040401e-14,-2.842170943040401e-14,5.684341886080802e-14
3218.0,1.1368683772161604e-14,0.0,3.240573463185507e-14,0.0,0.0,2.842170943040401e-14,-2.842170943040401e-14,5.684341886080802e-14
3220.0,1.1368683772161604e-14,0.0,3.240573463185507e-14,0.0,0.0,2.842170943040401e-14,-2.842170943040401e-14,5.684341886080802e-14
3222.0,-0.009999999999990905,0.0,0.013693063937655618,-0.025000000000005684,0.0,2.842170943040401e-14,-0.025000000000034106,5.684341886080802e-14
3224.0,0.01500000000001478,0.025000000000005684,0.013693063937655618,0.0,0.025000000000005684,0.025000000000034106,-2.842170943040401e-14,0.025000000000062528
3226.0,1.1368683772161604e-14,0.0,3.240573463185507e-14,0.0,0.0,2.842170943040401e-14,-2.842170943040401e-14,5.684341886080802e-14
3228.0,1.1368683772161604e-14,0.0,3.240573463185507e-14,0.0,0.0,2.842170943040401e-14,-2.842170943040401e-14,5.684341886080802e-14
3230.0,-0.006666666666660603,0.0,0.009128709291783384,-0.01666666666667993,0.0,2.842170943040401e-14,-0.016666666666708352,5.684341886080802e-14
3232.0,1.1368683772161604e-14,0.0,3.240573463185507e-14,0.0,0.0,2.842170943040401e-14,-2.842170943040401e-14,5.684341886080802e-14
3234.0,0.01500000000001478,0.025000000000005684,0.013693063937655618,0.0,0.025000000000005684,0.025000000000034106,-2.842170943040401e-14,0.025000000000062528
3236.0,1.1368683772161604e-14,0.0,3.240573463185507e-14,0.0,0.0,2.842170943040401e-14,-2.842170943040401e-14,5.684341886080802e-14
3238.0,-0.009999999999990905,0.0,0.013693063937655618,-0.025000000000005684,0.0,2.842170943040401e-14,-0.025000000000034106,5.684341886080802e-14
3240.0,1.1368683772161604e-14,0.0,3.240573463185507e-14,0.0,0.0,2.842170943040401e-14,-2.842170943040401e-14,5.684341886080802e-14
3242.0,-0.009999999999990905,0.0,0.013693063937655618,-0.025000000000005684,0.0,2.842170943040401e-14,-0.025000000000034106,5.684341886080802e-14
3244.0,1.1368683772161604e-14,0.0,3.240573463185507e-14,0.0,0.0,2.842170943040401e-14,-2.842170943040401e-14,5.684341886080802e-14
3246.0,-0.009999999999990905,0.0,0.013693063937655618,-0.025000000000005684,0.0,2.842170943040401e-14,-0.025000000000034106,5.684341886080802e-14
3248.0,1.1368683772161604e-14,0.0,3.240573463185507e-14,0.0,0.0,2.842170943040401e-14,-2.842170943040401e-14,5.684341886080802e-14
3250.0,-0.009999999999990905,0.0,0.013693063937655618,-0.025000000000005684,0.0,2.842170943040401e-14,-0.025000000000034106,5.684341886080802e-14
3252.0,0.03000000000001819,0.05000000000001137,0.027386127875287884,0.0,0.05000000000001137,0.05000000000003979,-2.842170943040401e-14,0.05000000000006821
3254.0,1.1368683772161604e-14,0.0,3.240573463185507e-14,0.0,0.0,2.842170943040401e-14,-2.842170943040401e-14,5.684341886080802e-14
3256.0,-0.009999999999990905,0.0,0.013693063937655618,-0.025000000000005684,0.0,2.842170943040401e-14,-0.025000000000034106,5.684341886080802e-14
3258.0,0.03000000000001819,0.05000000000001137,0.027386127875287884,0.0,0.05000000000001137,0.05000000000003979,-2.842170943040401e-14,0.05000000000006821
3260.0,1.1368683772161604e-14,0.0,3.240573463185507e-14,0.0,0.0,2.842170943040401e-14,-2.842170943040401e-14,5.684341886080802e-14
3262.0,1.1368683772161604e-14,0.0,3.240573463185507e-14,0.0,0.0,2.842170943040401e-14,-2.842170943040401e-14,5.684341886080802e-14
3264.0,-0.01999999999999318,0.0,0.027386127875287884,-0.05000000000001137,0.0,2.842170943040401e-14,-0.05000000000003979,5.684341886080802e-14
3266.0,-0.01999999999999318,0.0,0.027386127875287884,-0.05000000000001137,0.0,2.842170943040401e-14,-0.05000000000003979,5.684341886080802e-14
3268.0,1.1368683772161604e-14,0.0,3.240573463185507e-14,0.0,0.0,2.842170943040401e-14,-2.842170943040401e-14,5.684341886080802e-14
3270.0,0.03000000000001819,0.05000000000001137,0.027386127875287884,0.0,0.05000000000001137,0.05000000000003979,-2.842170943040401e-14,0.05000000000006821
3272.0,-0.01999999999999318,0.0,0.027386127875287884,-0.05000000000001137,0.0,2.842170943040401e-14,-0.05000000000003979,5.684341886080802e-14
3274.0,0.03000000000001819,0.05000000000001137,0.027386127875287884,0.0,0.05000000000001137,0.05000000000003979,-2.842170943040401e-14,0.05000000000006821
3276.0,-0.01999999999999318,0.0,0.027386127875287884,-0.05000000000001137,0.0,2.842170943040401e-14,-0.05000000000003979,5.684341886080802e-14
3278.0,0.005000000000012506,0.025000000000005684,0.027386127875287884,-0.025000000000005684,0.025000000000005684,0.025000000000034106,-0.025000000000034106,0.025000000000062528
3280.0,-0.01999999999999318,0.0,0.027386127875287884,-0.05000000000001137,0.0,2.842170943040401e-14,-0.05000000000003979,5.684341886080802e-14
3282.0,0.03000000000001819,0.05000000000001137,0.027386127875287884,0.0,0.05000000000001137,0.05000000000003979,-2.842170943040401e-14,0.05000000000006821
3284.0,0.03000000000001819,0.05000000000001137,0.027386127875287884,0.0,0.05000000000001137,0.05000000000003979,-2.842170943040401e-14,0.05000000000006821
3286.0,-0.01999999999999318,0.0,0.027386127875287884,-0.05000000000001137,0.0,2.842170943040401e-14,-0.05000000000003979,5.684341886080802e-14
3288.0,1.1368683772161604e-14,0.0,3.240573463185507e-14,0.0,0.0,2.842170943040401e-14,-2.842170943040401e-14,5.684341886080802e-14
3290.0,0.03000000000001819,0.05000000000001137,0.027386127875287884,0.0,0.05000000000001137,0.05000000000003979,-2.842170943040401e-14,0.05000000000006821
3292.0,-0.01999999999999318,0.0,0.027386127875287884,-0.05000000000001137,0.0,2.842170943040401e-14,-0.05000000000003979,5.684341886080802e-14
3294.0,1.1368683772161604e-14,0.0,3.240573463185507e-14,0.0,0.0,2.842170943040401e-14,-2.842170943040401e-14,5.684341886080802e-14
3296.0,1.1368683772161604e-14,0.0,3.240573463185507e-14,0.0,0.0,2.842170943040401e-14,-2.842170943040401e-14,5.684341886080802e-14
3298.0,1.1368683772161604e-14,0.0,3.240573463185507e-14,0.0,0.0,2.842170943040401e-14,-2.842170943040401e-14,5.684341886080802e-14
3300.0,1.1368683772161604e-14,0.0,3.240573463185507e-14,0.0,0.0,2.842170943040401e-14,-2.842170943040401e-14,5.684341886080802e-14
3302.0,1.1368683772161604e-14,0.0,3.240573463185507e-14,0.0,0.0,2.842170943040401e-14,-2.842170943040401e-14,5.684341886080802e-14
3304.0,1.1368683772161604e-14,0.0,3.240573463185507e-14,0.0,0.0,2.842170943040401e-14,-2.842170943040401e-14,5.684341886080802e-14
3306.0,0.020000000000015915,5.684341886080802e-14,0.02738612787524118,0.05000000000001137,0.0,2.842170943040401e-14,0.04999999999998295,5.684341886080802e-14
3308.0,-0.029999999999995454,-0.049999999999954525,0.02738612787524118,0.0,-0.05000000000001137,-0.04999999999998295,-2.842170943040401e-14,-0.049999999999954525
3310.0,0.020000000000015915,5.684341886080802e-14,0.02738612787524118,0.05000000000001137,0.0,2.842170943040401e-14,0.04999999999998295,5.684341886080802e-14
3312.0,1.1368683772161604e-14,0.0,3.240573463185507e-14,0.0,0.0,2.842170943040401e-14,-2.842170943040401e-14,5.684341886080802e-14
3314.0,0.020000000000015915,5.684341886080802e-14,0.02738612787524118,0.05000000000001137,0.0,2.842170943040401e-14,0.04999999999998295,5.684341886080802e-14
3316.0,0.020000000000015915,5.684341886080802e-14,0.02738612787524118,0.05000000000001137,0.0,2.842170943040401e-14,0.04999999999998295,5.684341886080802e-14
3318.0,-0.029999999999995454,-0.049999999999954525,0.02738612787524118,0.0,-0.05000000000001137,-0.04999999999998295,-2.842170943040401e-14,-0.049999999999954525
3320.0,1.1368683772161604e-14,0.0,3.240573463185507e-14,0.0,0.0,2.842170943040401e-14,-2.842170943040401e-14,5.684341886080802e-14
3322.0,0.020000000000015915,5.684341886080802e-14,0.02738612787524118,0.05000000000001137,0.0,2.842170943040401e-14,0.04999999999998295,5.684341886080802e-14
3324.0,0.020000000000015915,5.684341886080802e-14,0.02738612787524118,0.05000000000001137,0.0,2.842170943040401e-14,0.04999999999998295,5.684341886080802e-14
3326.0,0.020000000000015915,5.684341886080802e-14,0.02738612787524118,0.05000000000001137,0.0,2.842170943040401e-14,0.04999999999998295,5.684341886080802e-14
3328.0,0.020000000000015915,5.684341886080802e-14,0.02738612787524118,0.05000000000001137,0.0,2.842170943040401e-14,0.04999999999998295,5.684341886080802e-14
3330.0,0.020000000000015915,5.684341886080802e-14,0.02738612787524118,0.05000000000001137,0.0,2.842170943040401e-14,0.04999999999998295,5.684341886080802e-14
3332.0,-0.029999999999995454,-0.049999999999954525,0.02738612787524118,0.0,-0.05000000000001137,-0.04999999999998295,-2.842170943040401e-14,-0.049999999999954525
3334.0,-0.029999999999995454,-0.049999999999954525,0.02738612787524118,0.0,-0.05000000000001137,-0.04999999999998295,-2.842170943040401e-14,-0.049999999999954525
3336.0,0.020000000000015915,5.684341886080802e-14,0.02738612787524118,0.05000000000001137,0.0,2.842170943040401e-14,0.04999999999998295,5.684341886080802e-14
3338.0,0.020000000000015915,5.684341886080802e-14,0.02738612787524118,0.05000000000001137,0.0,2.842170943040401e-14,0.04999999999998295,5.684341886080802e-14
3340.0,0.020000000000015915,5.684341886080802e-14,0.02738612787524118,0.05000000000001137,0.0,2.842170943040401e-14,0.04999999999998295,5.684341886080802e-14
3342.0,0.020000000000015915,5.684341886080802e-14,0.02738612787524118,0.05000000000001137,0.0,2.842170943040401e-14,0.04999999999998295,5.684341886080802e-14
3344.0,0.020000000000015915,5.684341886080802e-14,0.02738612787524118,0.05000000000001137,0.0,2.842170943040401e-14,0.04999999999998295,5.684341886080802e-14
3346.0,0.020000000000015915,5.684341886080802e-14,0.02738612787524118,0.05000000000001137,0.0,2.842170943040401e-14,0.04999999999998295,5.684341886080802e-14
3348.0,0.020000000000015915,5.684341886080802e-14,0.02738612787524118,0.05000000000001137,0.0,2.842170943040401e-14,0.04999999999998295,5.684341886080802e-14
3350.0,0.020000000000015915,5.684341886080802e-14,0.02738612787524118,0.05000000000001137,0.0,2.842170943040401e-14,0.04999999999998295,5.684341886080802e-14
3352.0,0.020000000000015915,5.684341886080802e-14,0.02738612787524118,0.05000000000001137,0.0,2.842170943040401e-14,0.04999999999998295,5.684341886080802e-14
3354.0,0.020000000000015915,5.684341886080802e-14,0.02738612787524118,0.05000000000001137,0.0,2.842170943040401e-14,0.04999999999998295,5.684341886080802e-14
3356.0,-0.009999999999990905,-0.049999999999954525,0.05477225575050571,0.05000000000001137,-0.05000000000001137,-0.04999999999998295,0.04999999999998295,-0.049999999999954525
3358.0,-0.009999999999990905,-0.049999999999954525,0.05477225575050571,0.05000000000001137,-0.05000000000001137,-0.04999999999998295,0.04999999999998295,-0.049999999999954525
3360.0,-0.009999999999990905,-0.049999999999954525,0.05477225575050571,0.05000000000001137,-0.05000000000001137,-0.04999999999998295,0.04999999999998295,-0.049999999999954525
3362.0,-0.009999999999990905,-0.049999999999954525,0.05477225575050571,0.05000000000001137,-0.05000000000001137,-0.04999999999998295,0.04999999999998295,-0.049999999999954525
3364.0,-0.029999999999995454,-0.049999999999954525,0.02738612787524118,0.0,-0.05000000000001137,-0.04999999999998295,-2.842170943040401e-14,-0.049999999999954525
3366.0,-0.004999999999989768,-0.02499999999994884,0.02738612787524118,0.025000000000005684,-0.025000000000005684,-0.024999999999977263,0.024999999999977263,-0.02499999999994884
3368.0,0.020000000000015915,5.684341886080802e-14,0.02738612787524118,0.05000000000001137,0.0,2.842170943040401e-14,0.04999999999998295,5.684341886080802e-14
3370.0,-0.009999999999990905,-0.049999999999954525,0.05477225575050571,0.05000000000001137,-0.05000000000001137,-0.04999999999998295,0.04999999999998295,-0.049999999999954525
3372.0,-0.009999999999990905,-0.049999999999954525,0.05477225575050571,0.05000000000001137,-0.05000000000001137,-0.04999999999998295,0.04999999999998295,-0.049999999999954525
3374.0,-0.009999999999990905,-0.049999999999954525,0.05477225575050571,0.05000000000001137,-0.05000000000001137,-0.04999999999998295,0.04999999999998295,-0.049999999999954525
3376.0,-0.014999999999992042,-0.049999999999954525,0.04873397172403112,0.025000000000005684,-0.05000000000001137,-0.04999999999998295,0.04999999999998295,-0.049999999999954525
3378.0,-0.029999999999995454,-0.049999999999954525,0.02738612787524118,0.0,-0.05000000000001137,-0.04999999999998295,-2.842170943040401e-14,-0.049999999999954525
3380.0,0.005000000000012506,-0.02499999999994884,0.04107919181287344,0.05000000000001137,-0.025000000000005684,-0.024999999999977263,0.04999999999998295,-0.02499999999994884
3382.0,-0.009999999999990905,-0.049999999999954525,0.05477225575050571,0.05000000000001137,-0.05000000000001137,-0.04999999999998295,0.04999999999998295,-0.049999999999954525
3384.0,-0.009999999999990905,-0.049999999999954525,0.05477225575050571,0.05000000000001137,-0.05000000000001137,-0.04999999999998295,0.04999999999998295,-0.049999999999954525
3386.0,-0.01999999999999318,-0.049999999999954525,0.04107919181287344,0.025000000000005684,-0.05000000000001137,-0.04999999999998295,0.024999999999977263,-0.049999999999954525
3388.0,0.005000000000012506,-0.02499999999994884,0.04107919181287344,0.05000000000001137,-0.025000000000005684,-0.024999999999977263,0.04999999999998295,-0.02499999999994884
3390.0,-0.009999999999990905,-0.049999999999954525,0.05477225575050571,0.05000000000001137,-0.05000000000001137,-0.04999999999998295,0.04999999999998295,-0.049999999999954525
3392.0,-0.01999999999999318,-0.049999999999954525,0.04107919181287344,0.025000000000005684,-0.05000000000001137,-0.04999999999998295,0.024999999999977263,-0.049999999999954525
3394.0,-0.009999999999990905,-0.049999999999954525,0.05477225575050571,0.05000000000001137,-0.05000000000001137,-0.04999999999998295,0.04999999999998295,-0.049999999999954525
3396.0,-0.009999999999990905,-0.049999999999954525,0.05477225575050571,0.05000000000001137,-0.05000000000001137,-0.04999999999998295,0.04999999999998295,-0.049999999999954525
3398.0,-0.009999999999990905,-0.049999999999954525,0.05477225575050571,0.05000000000001137,-0.05000000000001137,-0.04999999999998295,0.04999999999998295,-0.049999999999954525
3400.0,0.005000000000012506,-0.02499999999994884,0.04107919181287344,0.05000000000001137,-0.025000000000005684,-0.024999999999977263,0.04999999999998295,-0.02499999999994884
3402.0,-0.009999999999990905,-0.049999999999954525,0.05477225575050571,0.05000000000001137,-0.05000000000001137,-0.04999999999998295,0.04999999999998295,-0.049999999999954525
3404.0,-0.009999999999990905,-0.049999999999954525,0.05477225575050571,0.05000000000001137,-0.05000000000001137,-0.04999999999998295,0.04999999999998295,-0.049999999999954525
3406.0,-0.009999999999990905,-0.049999999999954525,0.05477225575050571,0.05000000000001137,-0.05000000000001137,-0.04999999999998295,0.04999999999998295,-0.049999999999954525
3408.0,-0.009999999999990905,-0.049999999999954525,0.05477225575050571,0.05000000000001137,-0.05000000000001137,-0.04999999999998295,0.04999999999998295,-0.049999999999954525
3410.0,-0.009999999999990905,-0.049999999999954525,0.05477225575050571,0.05000000000001137,-0.05000000000001137,-0.04999999999998295,0.04999999999998295,-0.049999999999954525
3412.0,-0.009999999999990905,-0.049999999999954525,0.05477225575050571,0.05000000000001137,-0.05000000000001137,-0.04999999999998295,0.04999999999998295,-0.049999999999954525
3414.0,-0.009999999999990905,-0.049999999999954525,0.05477225575050571,0.05000000000001137,-0.05000000000001137,-0.04999999999998295,0.04999999999998295,-0.049999999999954525
3416.0,-0.009999999999990905,-0.049999999999954525,0.05477225575050571,0.05000000000001137,-0.05000000000001137,-0.04999999999998295,0.04999999999998295,-0.049999999999954525
3418.0,-0.009999999999990905,-0.049999999999954525,0.05477225575050571,0.05000000000001137,-0.05000000000001137,-0.04999999999998295,0.04999999999998295,-0.049999999999954525
3420.0,-0.009999999999990905,-0.049999999999954525,0.05477225575050571,0.05000000000001137,-0.05000000000001137,-0.04999999999998295,0.04999999999998295,-0.049999999999954525
3422.0,-0.009999999999990905,-0.049999999999954525,0.05477225575050571,0.05000000000001137,-0.05000000000001137,-0.04999999999998295,0.04999999999998295,-0.049999999999954525
3424.0,-0.009999999999990905,-0.049999999999954525,0.05477225575050571,0.05000000000001137,-0.05000000000001137,-0.04999999999998295,0.04999999999998295,-0.049999999999954525
3426.0,1.1368683772161604e-14,-0.049999999999954525,0.06846531968813797,0.07500000000001705,-0.05000000000001137,-0.04999999999998295,0.07499999999998863,-0.049999999999954525
3428.0,-0.009999999999990905,-0.049999999999954525,0.05477225575050571,0.05000000000001137,-0.05000000000001137,-0.04999999999998295,0.04999999999998295,-0.049999999999954525
3430.0,-0.009999999999990905,-0.049999999999954525,0.05477225575050571,0.05000000000001137,-0.05000000000001137,-0.04999999999998295,0.04999999999998295,-0.049999999999954525
3432.0,1.1368683772161604e-14,-0.049999999999954525,0.06846531968813797,0.07500000000001705,-0.05000000000001137,-0.04999999999998295,0.07499999999998863,-0.049999999999954525
3434.0,-0.009999999999990905,-0.049999999999954525,0.05477225575050571,0.05000000000001137,-0.05000000000001137,-0.04999999999998295,0.04999999999998295,-0.049999999999954525
3436.0,1.1368683772161604e-14,-0.049999999999954525,0.06846531968813797,0.07500000000001705,-0.05000000000001137,-0.04999999999998295,0.07499999999998863,-0.049999999999954525
3438.0,-0.009999999999990905,-0.049999999999954525,0.05477225575050571,0.05000000000001137,-0.05000000000001137,-0.04999999999998295,0.04999999999998295,-0.049999999999954525
3440.0,-0.024999999999994315,-0.07499999999996021,0.06846531968813797,0.05000000000001137,-0.07500000000001705,-0.07499999999998863,0.04999999999998295,-0.07499999999996021
3442.0,-0.009999999999990905,-0.049999999999954525,0.05477225575050571,0.05000000000001137,-0.05000000000001137,-0.04999999999998295,0.04999999999998295,-0.049999999999954525
3444.0,-0.009999999999990905,-0.049999999999954525,0.05477225575050571,0.05000000000001137,-0.05000000000001137,-0.04999999999998295,0.04999999999998295,-0.049999999999954525
3446.0,1.1368683772161604e-14,-0.049999999999954525,0.06846531968813797,0.07500000000001705,-0.05000000000001137,-0.04999999999998295,0.07499999999998863,-0.049999999999954525
3448.0,-0.009999999999990905,-0.049999999999954525,0.05477225575050571,0.05000000000001137,-0.05000000000001137,-0.04999999999998295,0.04999999999998295,-0.049999999999954525
3450.0,1.1368683772161604e-14,-0.049999999999954525,0.06846531968813797,0.07500000000001705,-0.05000000000001137,-0.04999999999998295,0.07499999999998863,-0.049999999999954525
3452.0,-0.009999999999990905,-0.049999999999954525,0.05477225575050571,0.05000000000001137,-0.05000000000001137,-0.04999999999998295,0.04999999999998295,-0.049999999999954525
3454.0,1.1368683772161604e-14,-0.049999999999954525,0.06846531968813797,0.07500000000001705,-0.05000000000001137,-0.04999999999998295,0.07499999999998863,-0.049999999999954525
3456.0,1.1368683772161604e-14,-0.049999999999954525,0.06846531968813797,0.07500000000001705,-0.05000000000001137,-0.04999999999998295,0.07499999999998863,-0.049999999999954525
3458.0,-0.009999999999990905,-0.049999999999954525,0.05477225575050571,0.05000000000001137,-0.05000000000001137,-0.04999999999998295,0.04999999999998295,-0.049999999999954525
3460.0,-0.009999999999990905,-0.049999999999954525,0.05477225575050571,0.05000000000001137,-0.05000000000001137,-0.04999999999998295,0.04999999999998295,-0.049999999999954525
3462.0,-0.014999999999992042,-0.07499999999996021,0.08215838362577026,0.07500000000001705,-0.07500000000001705,-0.07499999999998863,0.07499999999998863,-0.07499999999996021
3464.0,1.1368683772161604e-14,-0.049999999999954525,0.06846531968813797,0.07500000000001705,-0.05000000000001137,-0.04999999999998295,0.07499999999998863,-0.049999999999954525
3466.0,-0.009999999999990905,-0.049999999999954525,0.05477225575050571,0.05000000000001137,-0.05000000000001137,-0.04999999999998295,0.04999999999998295,-0.049999999999954525
3468.0,1.1368683772161604e-14,-0.049999999999954525,0.06846531968813797,0.07500000000001705,-0.05000000000001137,-0.04999999999998295,0.07499999999998863,-0.049999999999954525
3470.0,1.1368683772161604e-14,-0.049999999999954525,0.06846531968813797,0.07500000000001705,-0.05000000000001137,-0.04999999999998295,0.07499999999998863,-0.049999999999954525
3472.0,1.1368683772161604e-14,-0.049999999999954525,0.06846531968813797,0.07500000000001705,-0.05000000000001137,-0.04999999999998295,0.07499999999998863,-0.049999999999954525
3474.0,-0.009999999999990905,-0.049999999999954525,0.05477225575050571,0.05000000000001137,-0.05000000000001137,-0.04999999999998295,0.04999999999998295,-0.049999999999954525
3476.0,-0.009999999999990905,-0.049999999999954525,0.05477225575050571,0.05000000000001137,-0.05000000000001137,-0.04999999999998295,0.04999999999998295,-0.049999999999954525
3478.0,0.01500000000001478,-0.02499999999994884,0.05477225575050571,0.07500000000001705,-0.025000000000005684,-0.024999999999977263,0.07499999999998863,-0.02499999999994884
3480.0,0.040000000000020464,5.684341886080802e-14,0.05477225575050571,0.10000000000002274,0.0,2.842170943040401e-14,0.09999999999999432,5.684341886080802e-14
3482.0,0.040000000000020464,5.684341886080802e-14,0.05477225575050571,0.10000000000002274,0.0,2.842170943040401e-14,0.09999999999999432,5.684341886080802e-14
3484.0,0.010000000000013642,-0.049999999999954525,0.08215838362577026,0.10000000000002274,-0.05000000000001137,-0.04999999999998295,0.09999999999999432,-0.049999999999954525
3486.0,-0.009999999999990905,-0.049999999999954525,0.05477225575050571,0.05000000000001137,-0.05000000000001137,-0.04999999999998295,0.04999999999998295,-0.049999999999954525
3488.0,-0.009999999999990905,-0.049999999999954525,0.05477225575050571,0.05000000000001137,-0.05000000000001137,-0.04999999999998295,0.04999999999998295,-0.049999999999954525
3490.0,-0.009999999999990905,-0.049999999999954525,0.05477225575050571,0.05000000000001137,-0.05000000000001137,-0.04999999999998295,0.04999999999998295,-0.049999999999954525
3492.0,-0.009999999999990905,-0.049999999999954525,0.05477225575050571,0.05000000000001137,-0.05000000000001137,-0.04999999999998295,0.04999999999998295,-0.049999999999954525
3494.0,-0.009999999999990905,-0.049999999999954525,0.05477225575050571,0.05000000000001137,-0.05000000000001137,-0.04999999999998295,0.04999999999998295,-0.049999999999954525
3496.0,-0.009999999999990905,-0.049999999999954525,0.05477225575050571,0.05000000000001137,-0.05000000000001137,-0.04999999999998295,0.04999999999998295,-0.049999999999954525
3498.0,0.040000000000020464,5.684341886080802e-14,0.05477225575050571,0.10000000000002274,0.0,2.842170943040401e-14,0.09999999999999432,5.684341886080802e-14
3500.0,0.020000000000010232,-0.012500000000017053,0.056319401630330675,0.08750000000000568,-0.012500000000017053,-0.024999999999977263,0.07499999999998863,-0.02499999999994884
3502.0,-0.009999999999990905,-0.049999999999954525,0.05477225575050571,0.05000000000001137,-0.05000000000001137,-0.04999999999998295,0.04999999999998295,-0.049999999999954525
3504.0,-0.009999999999990905,-0.049999999999954525,0.05477225575050571,0.05000000000001137,-0.05000000000001137,-0.04999999999998295,0.04999999999998295,-0.049999999999954525
3506.0,-0.009999999999990905,-0.049999999999954525,0.05477225575050571,0.05000000000001137,-0.05000000000001137,-0.04999999999998295,0.04999999999998295,-0.049999999999954525
3508.0,-0.009999999999990905,-0.049999999999954525,0.05477225575050571,0.05000000000001137,-0.05000000000001137,-0.04999999999998295,0.04999999999998295,-0.049999999999954525
3510.0,0.020000000000015915,5.684341886080802e-14,0.02738612787524118,0.05000000000001137,0.0,2.842170943040401e-14,0.04999999999998295,5.684341886080802e-14
3512.0,0.020000000000015915,5.684341886080802e-14,0.02738612787524118,0.05000000000001137,0.0,2.842170943040401e-14,0.04999999999998295,5.684341886080802e-14
3514.0,0.040000000000020464,5.684341886080802e-14,0.05477225575050571,0.10000000000002274,0.0,2.842170943040401e-14,0.09999999999999432,5.684341886080802e-14
3516.0,-0.009999999999990905,-0.049999999999954525,0.05477225575050571,0.05000000000001137,-0.05000000000001137,-0.04999999999998295,0.04999999999998295,-0.049999999999954525
3518.0,-0.009999999999990905,-0.049999999999954525,0.05477225575050571,0.05000000000001137,-0.05000000000001137,-0.04999999999998295,0.04999999999998295,-0.049999999999954525
3520.0,-0.009999999999990905,-0.049999999999954525,0.05477225575050571,0.05000000000001137,-0.05000000000001137,-0.04999999999998295,0.04999999999998295,-0.049999999999954525
3522.0,-0.009999999999990905,-0.049999999999954525,0.05477225575050571,0.05000000000001137,-0.05000000000001137,-0.04999999999998295,0.04999999999998295,-0.049999999999954525
3524.0,-0.009999999999990905,-0.049999999999954525,0.05477225575050571,0.05000000000001137,-0.05000000000001137,-0.04999999999998295,0.04999999999998295,-0.049999999999954525
3526.0,-0.009999999999990905,-0.049999999999954525,0.05477225575050571,0.05000000000001137,-0.05000000000001137,-0.04999999999998295,0.04999999999998295,-0.049999999999954525
3528.0,0.03000000000001819,5.684341886080802e-14,0.04107919181287344,0.07500000000001705,0.0,2.842170943040401e-14,0.07499999999998863,5.684341886080802e-14
3530.0,0.005000000000012506,-0.02499999999994884,0.04107919181287344,0.05000000000001137,-0.025000000000005684,-0.024999999999977263,0.04999999999998295,-0.02499999999994884
3532.0,-0.009999999999990905,-0.049999999999954525,0.05477225575050571,0.05000000000001137,-0.05000000000001137,-0.04999999999998295,0.04999999999998295,-0.049999999999954525
3534.0,-0.009999999999990905,-0.049999999999954525,0.05477225575050571,0.05000000000001137,-0.05000000000001137,-0.04999999999998295,0.04999999999998295,-0.049999999999954525
3536.0,-0.009999999999990905,-0.049999999999954525,0.05477225575050571,0.05000000000001137,-0.05000000000001137,-0.04999999999998295,0.04999999999998295,-0.049999999999954525
3538.0,-0.009999999999990905,-0.049999999999954525,0.05477225575050571,0.05000000000001137,-0.05000000000001137,-0.04999999999998295,0.04999999999998295,-0.049999999999954525
3540.0,-0.009999999999990905,-0.049999999999954525,0.05477225575050571,0.05000000000001137,-0.05000000000001137,-0.04999999999998295,0.04999999999998295,-0.049999999999954525
3542.0,-0.009999999999990905,-0.049999999999954525,0.05477225575050571,0.05000000000001137,-0.05000000000001137,-0.04999999999998295,0.04999999999998295,-0.049999999999954525
3544.0,-0.009999999999990905,-0.049999999999954525,0.05477225575050571,0.05000000000001137,-0.05000000000001137,-0.04999999999998295,0.04999999999998295,-0.049999999999954525
3546.0,-0.009999999999990905,-0.049999999999954525,0.05477225575050571,0.05000000000001137,-0.05000000000001137,-0.04999999999998295,0.04999999999998295,-0.049999999999954525
3548.0,0.010000000000007957,-0.012500000000017053,0.04275657844120081,0.0625,-0.012500000000017053,-0.024999999999977263,0.04999999999998295,-0.02499999999994884
3550.0,0.005000000000012506,-0.02499999999994884,0.04107919181287344,0.05000000000001137,-0.025000000000005684,-0.024999999999977263,0.04999999999998295,-0.02499999999994884
3552.0,0.005000000000012506,-0.02499999999994884,0.04107919181287344,0.05000000000001137,-0.025000000000005684,-0.024999999999977263,0.04999999999998295,-0.02499999999994884
3554.0,-0.009999999999990905,-0.049999999999954525,0.05477225575050571,0.05000000000001137,-0.05000000000001137,-0.04999999999998295,0.04999999999998295,-0.049999999999954525
3556.0,0.005000000000012506,-0.02499999999994884,0.04107919181287344,0.05000000000001137,-0.025000000000005684,-0.024999999999977263,0.04999999999998295,-0.02499999999994884
3558.0,0.005000000000012506,-0.02499999999994884,0.04107919181287344,0.05000000000001137,-0.025000000000005684,-0.024999999999977263,0.04999999999998295,-0.02499999999994884
3560.0,-0.009999999999990905,-0.049999999999954525,0.05477225575050571,0.05000000000001137,-0.05000000000001137,-0.04999999999998295,0.04999999999998295,-0.049999999999954525
3562.0,0.005000000000012506,-0.02499999999994884,0.04107919181287344,0.05000000000001137,-0.025000000000005684,-0.024999999999977263,0.04999999999998295,-0.02499999999994884
3564.0,0.005000000000012506,-0.02499999999994884,0.04107919181287344,0.05000000000001137,-0.025000000000005684,-0.024999999999977263,0.04999999999998295,-0.02499999999994884
3566.0,-0.009999999999990905,-0.049999999999954525,0.05477225575050571,0.05000000000001137,-0.05000000000001137,-0.04999999999998295,0.04999999999998295,-0.049999999999954525
3568.0,-0.009999999999990905,-0.049999999999954525,0.05477225575050571,0.05000000000001137,-0.05000000000001137,-0.04999999999998295,0.04999999999998295,-0.049999999999954525
3570.0,5.684341886080802e-15,-0.012500000000017053,0.029315098498875834,0.037499999999994316,-0.012500000000017053,-0.024999999999977263,0.024999999999977263,-0.02499999999994884
3572.0,0.005000000000012506,-0.02499999999994884,0.04107919181287344,0.05000000000001137,-0.025000000000005684,-0.024999999999977263,0.04999999999998295,-0.02499999999994884
3574.0,-0.009999999999990905,-0.049999999999954525,0.05477225575050571,0.05000000000001137,-0.05000000000001137,-0.04999999999998295,0.04999999999998295,-0.049999999999954525
3576.0,-0.009999999999990905,-0.049999999999954525,0.05477225575050571,0.05000000000001137,-0.05000000000001137,-0.04999999999998295,0.04999999999998295,-0.049999999999954525
3578.0,-0.009999999999990905,-0.049999999999954525,0.05477225575050571,0.05000000000001137,-0.05000000000001137,-0.04999999999998295,0.04999999999998295,-0.049999999999954525
3580.0,5.684341886080802e-15,-0.012500000000017053,0.029315098498875834,0.037499999999994316,-0.012500000000017053,-0.024999999999977263,0.024999999999977263,-0.02499999999994884
3582.0,-0.009999999999990905,-0.049999999999954525,0.05477225575050571,0.05000000000001137,-0.05000000000001137,-0.04999999999998295,0.04999999999998295,-0.049999999999954525
3584.0,-0.009999999999990905,-0.049999999999954525,0.05477225575050571,0.05000000000001137,-0.05000000000001137,-0.04999999999998295,0.04999999999998295,-0.049999999999954525
3586.0,0.005000000000012506,-0.02499999999994884,0.04107919181287344,0.05000000000001137,-0.025000000000005684,-0.024999999999977263,0.04999999999998295,-0.02499999999994884
3588.0,0.005000000000012506,-0.02499999999994884,0.04107919181287344,0.05000000000001137,-0.025000000000005684,-0.024999999999977263,0.04999999999998295,-0.02499999999994884
3590.0,-0.009999999999990905,-0.049999999999954525,0.05477225575050571,0.05000000000001137,-0.05000000000001137,-0.04999999999998295,0.04999999999998295,-0.049999999999954525
3592.0,0.005000000000012506,-0.02499999999994884,0.04107919181287344,0.05000000000001137,-0.025000000000005684,-0.024999999999977263,0.04999999999998295,-0.02499999999994884
3594.0,-0.009999999999990905,-0.049999999999954525,0.05477225575050571,0.05000000000001137,-0.05000000000001137,-0.04999999999998295,0.04999999999998295,-0.049999999999954525
3596.0,-0.009999999999990905,-0.049999999999954525,0.05477225575050571,0.05000000000001137,-0.05000000000001137,-0.04999999999998295,0.04999999999998295,-0.049999999999954525
3598.0,5.684341886080802e-15,-0.012500000000017053,0.029315098498875834,0.037499999999994316,-0.012500000000017053,-0.024999999999977263,0.024999999999977263,-0.02499999999994884
3600.0,-0.009999999999990905,-0.049999999999954525,0.05477225575050571,0.05000000000001137,-0.05000000000001137,-0.04999999999998295,0.04999999999998295,-0.049999999999954525
3602.0,0.005000000000012506,-0.02499999999994884,0.04107919181287344,0.05000000000001137,-0.025000000000005684,-0.024999999999977263,0.04999999999998295,-0.02499999999994884
3604.0,-0.009999999999990905,-0.049999999999954525,0.05477225575050571,0.05000000000001137,-0.05000000000001137,-0.04999999999998295,0.04999999999998295,-0.049999999999954525
3606.0,5.684341886080802e-15,-0.012500000000017053,0.029315098498875834,0.037499999999994316,-0.012500000000017053,-0.024999999999977263,0.024999999999977263,-0.02499999999994884
3608.0,-0.009999999999990905,-0.049999999999954525,0.05477225575050571,0.05000000000001137,-0.05000000000001137,-0.04999999999998295,0.04999999999998295,-0.049999999999954525
3610.0,-0.014999999999986358,-0.037499999999994316,0.04275657844120579,0.03750000000002274,-0.037499999999994316,-0.04999999999998295,0.024999999999977263,-0.049999999999954525
3612.0,0.005000000000012506,-0.02499999999994884,0.04107919181287344,0.05000000000001137,-0.025000000000005684,-0.024999999999977263,0.04999999999998295,-0.02499999999994884
3614.0,-0.009999999999990905,-0.049999999999954525,0.05477225575050571,0.05000000000001137,-0.05000000000001137,-0.04999999999998295,0.04999999999998295,-0.049999999999954525
3616.0,5.684341886080802e-15,-0.012500000000017053,0.029315098498875834,0.037499999999994316,-0.012500000000017053,-0.024999999999977263,0.024999999999977263,-0.02499999999994884
3618.0,-0.009999999999990905,-0.049999999999954525,0.05477225575050571,0.05000000000001137,-0.05000000000001137,-0.04999999999998295,0.04999999999998295,-0.049999999999954525
3620.0,-0.014999999999986358,-0.037499999999994316,0.04275657844120579,0.03750000000002274,-0.037499999999994316,-0.04999999999998295,0.024999999999977263,-0.049999999999954525
3622.0,0.005000000000012506,-0.02499999999994884,0.04107919181287344,0.05000000000001137,-0.025000000000005684,-0.024999999999977263,0.04999999999998295,-0.02499999999994884
3624.0,-0.009999999999990905,-0.049999999999954525,0.05477225575050571,0.05000000000001137,-0.05000000000001137,-0.04999999999998295,0.04999999999998295,-0.049999999999954525
3626.0,0.012500000000005684,0.0,0.029315098498881892,0.05000000000001137,0.0,-0.012499999999988631,0.037499999999965894,-0.01249999999996021
3628.0,-0.009999999999990905,-0.049999999999954525,0.05477225575050571,0.05000000000001137,-0.05000000000001137,-0.04999999999998295,0.04999999999998295,-0.049999999999954525
3630.0,-0.01999999999999318,-0.049999999999954525,0.04107919181287344,0.025000000000005684,-0.05000000000001137,-0.04999999999998295,0.024999999999977263,-0.049999999999954525
3632.0,0.020000000000015915,5.684341886080802e-14,0.02738612787524118,0.05000000000001137,0.0,2.842170943040401e-14,0.04999999999998295,5.684341886080802e-14
3634.0,-0.014999999999986358,-0.037499999999994316,0.04275657844120579,0.03750000000002274,-0.037499999999994316,-0.04999999999998295,0.024999999999977263,-0.049999999999954525
3636.0,0.020000000000015915,5.684341886080802e-14,0.02738612787524118,0.05000000000001137,0.0,2.842170943040401e-14,0.04999999999998295,5.684341886080802e-14
3638.0,0.005000000000012506,-0.02499999999994884,0.04107919181287344,0.05000000000001137,-0.025000000000005684,-0.024999999999977263,0.04999999999998295,-0.02499999999994884
3640.0,-0.009999999999990905,-0.049999999999954525,0.05477225575050571,0.05000000000001137,-0.05000000000001137,-0.04999999999998295,0.04999999999998295,-0.049999999999954525
3642.0,-0.009999999999990905,-0.049999999999954525,0.05477225575050571,0.05000000000001137,-0.05000000000001137,-0.04999999999998295,0.04999999999998295,-0.049999999999954525
3644.0,0.005000000000012506,-0.02499999999994884,0.04107919181287344,0.05000000000001137,-0.025000000000005684,-0.024999999999977263,0.04999999999998295,-0.02499999999994884
3646.0,-0.005000000000001137,-0.02499999999994884,0.03913118960623252,0.037499999999994316,-0.03750000000002274,-0.037499999999994316,0.037499999999965894,-0.02499999999994884
3648.0,-0.009999999999990905,-0.049999999999954525,0.05477225575050571,0.05000000000001137,-0.05000000000001137,-0.04999999999998295,0.04999999999998295,-0.049999999999954525
3650.0,-0.00999999999998522,-0.02499999999994884,0.03893102875598511,0.025000000000005684,-0.05000000000001137,-0.037499999999965894,0.037499999999994316,-0.02499999999994884
3652.0,-0.009999999999990905,0.0,0.028504385627477452,0.0,-0.05000000000001137,-0.024999999999977263,0.024999999999977263,5.684341886080802e-14
3654.0,-0.009999999999990905,0.0,0.028504385627477452,0.0,-0.05000000000001137,-0.024999999999977263,0.024999999999977263,5.684341886080802e-14
3656.0,-0.009999999999990905,-0.049999999999954525,0.05477225575050571,0.05000000000001137,-0.05000000000001137,-0.04999999999998295,0.04999999999998295,-0.049999999999954525
3658.0,-0.009999999999990905,0.0,0.028504385627477452,0.0,-0.05000000000001137,-0.024999999999977263,0.024999999999977263,5.684341886080802e-14
3660.0,-0.029999999999995454,-0.049999999999954525,0.02738612787524118,0.0,-0.05000000000001137,-0.04999999999998295,-2.842170943040401e-14,-0.049999999999954525
3662.0,-0.029999999999995454,-0.049999999999954525,0.02738612787524118,0.0,-0.05000000000001137,-0.04999999999998295,-2.842170943040401e-14,-0.049999999999954525
3664.0,-0.009999999999990905,-0.049999999999954525,0.05477225575050571,0.05000000000001137,-0.05000000000001137,-0.04999999999998295,0.04999999999998295,-0.049999999999954525
3666.0,-0.009999999999990905,-0.049999999999954525,0.05477225575050571,0.05000000000001137,-0.05000000000001137,-0.04999999999998295,0.04999999999998295,-0.049999999999954525
3668.0,-0.009999999999990905,-0.049999999999954525,0.05477225575050571,0.05000000000001137,-0.05000000000001137,-0.04999999999998295,0.04999999999998295,-0.049999999999954525
3670.0,-0.009999999999990905,-0.049999999999954525,0.05477225575050571,0.05000000000001137,-0.05000000000001137,-0.04999999999998295,0.04999999999998295,-0.049999999999954525
3672.0,-0.009999999999990905,-0.049999999999954525,0.05477225575050571,0.05000000000001137,-0.05000000000001137,-0.04999999999998295,0.04999999999998295,-0.049999999999954525
3674.0,-0.01999999999999318,-0.049999999999954525,0.04107919181287344,0.025000000000005684,-0.05000000000001137,-0.04999999999998295,0.024999999999977263,-0.049999999999954525
3676.0,-0.029999999999995454,-0.049999999999954525,0.02738612787524118,0.0,-0.05000000000001137,-0.04999999999998295,-2.842170943040401e-14,-0.049999999999954525
3678.0,-0.029999999999995454,-0.049999999999954525,0.02738612787524118,0.0,-0.05000000000001137,-0.04999999999998295,-2.842170943040401e-14,-0.049999999999954525
3680.0,-0.029999999999995454,-0.049999999999954525,0.02738612787524118,0.0,-0.05000000000001137,-0.04999999999998295,-2.842170943040401e-14,-0.049999999999954525
3682.0,-0.029999999999995454,-0.049999999999954525,0.02738612787524118,0.0,-0.05000000000001137,-0.04999999999998295,-2.842170943040401e-14,-0.049999999999954525
3684.0,-0.029999999999995454,-0.049999999999954525,0.02738612787524118,0.0,-0.05000000000001137,-0.04999999999998295,-2.842170943040401e-14,-0.049999999999954525
3686.0,-0.029999999999995454,-0.049999999999954525,0.02738612787524118,0.0,-0.05000000000001137,-0.04999999999998295,-2.842170943040401e-14,-0.049999999999954525
3688.0,-0.060000000000002274,-0.0999999999999659,0.05477225575050571,0.0,-0.10000000000002274,-0.09999999999999432,-2.842170943040401e-14,-0.0999999999999659
3690.0,-0.060000000000002274,-0.0999999999999659,0.05477225575050571,0.0,-0.10000000000002274,-0.09999999999999432,-2.842170943040401e-14,-0.0999999999999659
3692.0,-0.04999999999999431,-0.07499999999996021,0.05229125165837293,0.0,-0.10000000000002274,-0.08749999999997726,0.012499999999988631,-0.07499999999996021
3694.0,-0.05,-0.049999999999954525,0.03952847075210025,-0.025000000000005684,-0.10000000000002274,-0.07499999999998863,-2.842170943040401e-14,-0.049999999999954525
3696.0,-0.060000000000002274,-0.05000000000001137,0.028504385627477452,-0.05000000000001137,-0.10000000000002274,-0.07499999999998863,-0.025000000000034106,-0.049999999999954525
3698.0,-0.060000000000002274,-0.05000000000001137,0.028504385627477452,-0.05000000000001137,-0.10000000000002274,-0.07499999999998863,-0.025000000000034106,-0.049999999999954525
3700.0,-0.05,-0.049999999999954525,0.027950849718734662,-0.037499999999994316,-0.08750000000000568,-0.0625,-0.012500000000045475,-0.049999999999954525
3702.0,-0.039999999999997725,-0.049999999999954525,0.028504385627467484,-0.025000000000005684,-0.07500000000001705,-0.04999999999998295,-2.842170943040401e-14,-0.049999999999954525
3704.0,-0.039999999999997725,-0.049999999999954525,0.028504385627467484,-0.025000000000005684,-0.07500000000001705,-0.04999999999998295,-2.842170943040401e-14,-0.049999999999954525
3706.0,-0.03500000000000227,-0.049999999999954525,0.02709935423583434,-0.012500000000017053,-0.06250000000002842,-0.04999999999998295,-2.842170943040401e-14,-0.049999999999954525
3708.0,-0.029999999999995454,-0.049999999999954525,0.02738612787524118,0.0,-0.05000000000001137,-0.04999999999998295,-2.842170943040401e-14,-0.049999999999954525
3710.0,-0.029999999999995454,-0.049999999999954525,0.02738612787524118,0.0,-0.05000000000001137,-0.04999999999998295,-2.842170943040401e-14,-0.049999999999954525
3712.0,-0.029999999999995454,-0.049999999999954525,0.02738612787524118,0.0,-0.05000000000001137,-0.04999999999998295,-2.842170943040401e-14,-0.049999999999954525
3714.0,-0.029999999999995454,-0.049999999999954525,0.02738612787524118,0.0,-0.05000000000001137,-0.04999999999998295,-2.842170943040401e-14,-0.049999999999954525
3716.0,-0.08000000000000682,-0.0999999999999659,0.02738612787524118,-0.05000000000001137,-0.10000000000002274,-0.09999999999999432,-0.05000000000003979,-0.0999999999999659
3718.0,-0.08000000000000682,-0.0999999999999659,0.02738612787524118,-0.05000000000001137,-0.10000000000002274,-0.09999999999999432,-0.05000000000003979,-0.0999999999999659
3720.0,-0.05,-0.049999999999954525,0.027950849718734662,-0.037499999999994316,-0.08750000000000568,-0.0625,-0.012500000000045475,-0.049999999999954525
3722.0,-0.029999999999995454,-0.049999999999954525,0.02738612787524118,0.0,-0.05000000000001137,-0.04999999999998295,-2.842170943040401e-14,-0.049999999999954525
3724.0,-0.06999999999999887,-0.07499999999996021,0.025920551691651153,-0.05000000000001137,-0.10000000000002274,-0.08749999999997726,-0.03750000000002274,-0.07499999999996021
3726.0,-0.039999999999997725,-0.049999999999954525,0.028504385627467484,-0.025000000000005684,-0.07500000000001705,-0.04999999999998295,-2.842170943040401e-14,-0.049999999999954525
3728.0,-0.05999999999999659,-0.07499999999996021,0.02709935423583303,-0.037499999999994316,-0.08750000000000568,-0.07499999999998863,-0.025000000000034106,-0.07499999999996021
3730.0,-0.039999999999997725,-0.049999999999954525,0.013693063937608916,-0.025000000000005684,-0.05000000000001137,-0.04999999999998295,-0.025000000000034106,-0.049999999999954525
3732.0,-0.08000000000000682,-0.0999999999999659,0.02738612787524118,-0.05000000000001137,-0.10000000000002274,-0.09999999999999432,-0.05000000000003979,-0.0999999999999659
3734.0,-0.08000000000000682,-0.0999999999999659,0.02738612787524118,-0.05000000000001137,-0.10000000000002274,-0.09999999999999432,-0.05000000000003979,-0.0999999999999659
3736.0,-0.05,-0.049999999999954525,0.027950849718734662,-0.037499999999994316,-0.08750000000000568,-0.0625,-0.012500000000045475,-0.049999999999954525
3738.0,-0.034999999999990906,-0.049999999999954525,0.02709935423583303,-0.012499999999988631,-0.0625,-0.04999999999998295,-2.842170943040401e-14,-0.049999999999954525
3740.0,-0.08000000000000682,-0.0999999999999659,0.02738612787524118,-0.05000000000001137,-0.10000000000002274,-0.09999999999999432,-0.05000000000003979,-0.0999999999999659
3742.0,-0.05,-0.049999999999954525,0.027950849718734662,-0.037499999999994316,-0.08750000000000568,-0.0625,-0.012500000000045475,-0.049999999999954525
3744.0,-0.039999999999997725,-0.049999999999954525,0.013693063937608916,-0.025000000000005684,-0.05000000000001137,-0.04999999999998295,-0.025000000000034106,-0.049999999999954525
3746.0,-0.08000000000000682,-0.0999999999999659,0.02738612787524118,-0.05000000000001137,-0.10000000000002274,-0.09999999999999432,-0.05000000000003979,-0.0999999999999659
3748.0,-0.04500000000000455,-0.049999999999954525,0.014252192813727508,-0.03750000000002274,-0.06250000000002842,-0.04999999999998295,-0.025000000000034106,-0.049999999999954525
3750.0,-0.08000000000000682,-0.0999999999999659,0.02738612787524118,-0.05000000000001137,-0.10000000000002274,-0.09999999999999432,-0.05000000000003979,-0.0999999999999659
3752.0,-0.05,-0.049999999999954525,0.027950849718734662,-0.037499999999994316,-0.08750000000000568,-0.0625,-0.012500000000045475,-0.049999999999954525
3754.0,-0.06500000000000342,-0.07499999999996021,0.013693063937608914,-0.05000000000001137,-0.07500000000001705,-0.07499999999998863,-0.05000000000003979,-0.07499999999996021
3756.0,-0.06999999999999887,-0.07499999999996021,0.025920551691651153,-0.05000000000001137,-0.10000000000002274,-0.08749999999997726,-0.03750000000002274,-0.07499999999996021
3758.0,-0.03500000000000227,-0.049999999999954525,0.02709935423583434,-0.012500000000017053,-0.06250000000002842,-0.04999999999998295,-2.842170943040401e-14,-0.049999999999954525
3760.0,-0.06500000000000342,-0.07499999999996021,0.013693063937608914,-0.05000000000001137,-0.07500000000001705,-0.07499999999998863,-0.05000000000003979,-0.07499999999996021
3762.0,-0.039999999999997725,-0.049999999999954525,0.028504385627467484,-0.025000000000005684,-0.07500000000001705,-0.04999999999998295,-2.842170943040401e-14,-0.049999999999954525
3764.0,-0.07000000000001023,-0.07499999999996021,0.014252192813727508,-0.06250000000002842,-0.0875000000000341,-0.07499999999998863,-0.05000000000003979,-0.07499999999996021
3766.0,-0.06999999999999887,-0.07499999999996021,0.025920551691651153,-0.05000000000001137,-0.10000000000002274,-0.08749999999997726,-0.03750000000002274,-0.07499999999996021
3768.0,-0.07000000000001023,-0.07499999999996021,0.014252192813727508,-0.06250000000002842,-0.0875000000000341,-0.07499999999998863,-0.05000000000003979,-0.07499999999996021
3770.0,-0.08000000000000682,-0.0999999999999659,0.02738612787524118,-0.05000000000001137,-0.10000000000002274,-0.09999999999999432,-0.05000000000003979,-0.0999999999999659
3772.0,-0.05500000000000682,-0.05000000000003979,0.006846531968834294,-0.06250000000002842,-0.06250000000002842,-0.04999999999998295,-0.05000000000003979,-0.049999999999954525
3774.0,-0.08000000000000682,-0.0999999999999659,0.02738612787524118,-0.05000000000001137,-0.10000000000002274,-0.09999999999999432,-0.05000000000003979,-0.0999999999999659
3776.0,-0.060000000000002274,-0.05000000000003979,0.013693063937642646,-0.07500000000001705,-0.07500000000001705,-0.04999999999998295,-0.05000000000003979,-0.049999999999954525
3778.0,-0.08000000000000682,-0.0999999999999659,0.02738612787524118,-0.05000000000001137,-0.10000000000002274,-0.09999999999999432,-0.05000000000003979,-0.0999999999999659
3780.0,-0.060000000000002274,-0.05000000000003979,0.013693063937642646,-0.07500000000001705,-0.07500000000001705,-0.04999999999998295,-0.05000000000003979,-0.049999999999954525
3782.0,-0.08000000000000682,-0.0999999999999659,0.02738612787524118,-0.05000000000001137,-0.10000000000002274,-0.09999999999999432,-0.05000000000003979,-0.0999999999999659
3784.0,-0.060000000000002274,-0.05000000000003979,0.013693063937642646,-0.07500000000001705,-0.07500000000001705,-0.04999999999998295,-0.05000000000003979,-0.049999999999954525
3786.0,-0.08000000000000682,-0.0999999999999659,0.02738612787524118,-0.05000000000001137,-0.10000000000002274,-0.09999999999999432,-0.05000000000003979,-0.0999999999999659
3788.0,-0.060000000000002274,-0.05000000000003979,0.013693063937642646,-0.07500000000001705,-0.07500000000001705,-0.04999999999998295,-0.05000000000003979,-0.049999999999954525
3790.0,-0.08000000000000682,-0.0999999999999659,0.02738612787524118,-0.05000000000001137,-0.10000000000002274,-0.09999999999999432,-0.05000000000003979,-0.0999999999999659
3792.0,-0.07000000000001023,-0.07499999999996021,0.014252192813727508,-0.06250000000002842,-0.0875000000000341,-0.07499999999998863,-0.05000000000003979,-0.07499999999996021
3794.0,-0.07000000000001023,-0.07499999999996021,0.014252192813727508,-0.06250000000002842,-0.0875000000000341,-0.07499999999998863,-0.05000000000003979,-0.07499999999996021
3796.0,-0.06999999999999887,-0.07499999999996021,0.014252192813722524,-0.0625,-0.08750000000000568,-0.07499999999998863,-0.05000000000003979,-0.07499999999996021
3798.0,-0.07000000000001023,-0.07499999999996021,0.014252192813727508,-0.06250000000002842,-0.0875000000000341,-0.07499999999998863,-0.05000000000003979,-0.07499999999996021
3800.0,-0.06999999999999887,-0.07499999999996021,0.014252192813722524,-0.0625,-0.08750000000000568,-0.07499999999998863,-0.05000000000003979,-0.07499999999996021
3802.0,-0.08000000000000682,-0.0999999999999659,0.02738612787524118,-0.05000000000001137,-0.10000000000002274,-0.09999999999999432,-0.05000000000003979,-0.0999999999999659
3804.0,-0.060000000000002274,-0.05000000000003979,0.013693063937642646,-0.07500000000001705,-0.07500000000001705,-0.04999999999998295,-0.05000000000003979,-0.049999999999954525
3806.0,-0.0900000000000091,-0.0999999999999659,0.013693063937608914,-0.07500000000001705,-0.10000000000002274,-0.09999999999999432,-0.07500000000004547,-0.0999999999999659
3808.0,-0.07000000000001023,-0.07499999999996021,0.014252192813727508,-0.06250000000002842,-0.0875000000000341,-0.07499999999998863,-0.05000000000003979,-0.07499999999996021
3810.0,-0.06999999999999887,-0.07499999999996021,0.014252192813722524,-0.0625,-0.08750000000000568,-0.07499999999998863,-0.05000000000003979,-0.07499999999996021
3812.0,-0.08500000000001365,-0.0999999999999659,0.02709935423583434,-0.06250000000002842,-0.11250000000003979,-0.09999999999999432,-0.05000000000003979,-0.0999999999999659
3814.0,-0.08000000000000114,-0.07500000000004547,0.006846531968818728,-0.08750000000000568,-0.08750000000000568,-0.07499999999998863,-0.07500000000004547,-0.07499999999996021
3816.0,-0.0900000000000091,-0.0999999999999659,0.013693063937608914,-0.07500000000001705,-0.10000000000002274,-0.09999999999999432,-0.07500000000004547,-0.0999999999999659
3818.0,-0.07000000000001023,-0.07499999999996021,0.014252192813727508,-0.06250000000002842,-0.0875000000000341,-0.07499999999998863,-0.05000000000003979,-0.07499999999996021
3820.0,-0.06999999999999887,-0.07499999999996021,0.014252192813722524,-0.0625,-0.08750000000000568,-0.07499999999998863,-0.05000000000003979,-0.07499999999996021
3822.0,-0.08500000000001365,-0.0999999999999659,0.02709935423583434,-0.06250000000002842,-0.11250000000003979,-0.09999999999999432,-0.05000000000003979,-0.0999999999999659
3824.0,-0.08000000000000114,-0.07500000000004547,0.006846531968818728,-0.08750000000000568,-0.08750000000000568,-0.07499999999998863,-0.07500000000004547,-0.07499999999996021
3826.0,-0.0900000000000091,-0.0999999999999659,0.013693063937608914,-0.07500000000001705,-0.10000000000002274,-0.09999999999999432,-0.07500000000004547,-0.0999999999999659
3828.0,-0.07500000000000569,-0.07499999999998863,0.017677669529657658,-0.07500000000001705,-0.10000000000002274,-0.07499999999998863,-0.05000000000003979,-0.07499999999996021
3830.0,-0.0900000000000091,-0.0999999999999659,0.013693063937608914,-0.07500000000001705,-0.10000000000002274,-0.09999999999999432,-0.07500000000004547,-0.0999999999999659
3832.0,-0.05500000000000682,-0.05000000000003979,0.006846531968834294,-0.06250000000002842,-0.06250000000002842,-0.04999999999998295,-0.05000000000003979,-0.049999999999954525
3834.0,-0.08500000000001365,-0.0999999999999659,0.02709935423583434,-0.06250000000002842,-0.11250000000003979,-0.09999999999999432,-0.05000000000003979,-0.0999999999999659
3836.0,-0.08000000000000114,-0.07500000000004547,0.006846531968818728,-0.08750000000000568,-0.08750000000000568,-0.07499999999998863,-0.07500000000004547,-0.07499999999996021
3838.0,-0.0900000000000091,-0.0999999999999659,0.013693063937608914,-0.07500000000001705,-0.10000000000002274,-0.09999999999999432,-0.07500000000004547,-0.0999999999999659
3840.0,-0.07000000000001023,-0.07499999999996021,0.014252192813727508,-0.06250000000002842,-0.0875000000000341,-0.07499999999998863,-0.05000000000003979,-0.07499999999996021
3842.0,-0.08000000000000114,-0.07500000000004547,0.006846531968818728,-0.08750000000000568,-0.08750000000000568,-0.07499999999998863,-0.07500000000004547,-0.07499999999996021
3844.0,-0.0900000000000091,-0.0999999999999659,0.013693063937608914,-0.07500000000001705,-0.10000000000002274,-0.09999999999999432,-0.07500000000004547,-0.0999999999999659
3846.0,-0.0800000000000125,-0.07500000000004547,0.006846531968834294,-0.0875000000000341,-0.0875000000000341,-0.07499999999998863,-0.07500000000004547,-0.07499999999996021
3848.0,-0.07000000000001023,-0.07499999999996021,0.014252192813727508,-0.06250000000002842,-0.0875000000000341,-0.07499999999998863,-0.05000000000003979,-0.07499999999996021
3850.0,-0.09500000000000455,-0.0999999999999659,0.014252192813722524,-0.08750000000000568,-0.11250000000001137,-0.09999999999999432,-0.07500000000004547,-0.0999999999999659
3852.0,-0.0900000000000091,-0.0999999999999659,0.013693063937608914,-0.07500000000001705,-0.10000000000002274,-0.09999999999999432,-0.07500000000004547,-0.0999999999999659
3854.0,-0.09500000000001592,-0.0999999999999659,0.014252192813727508,-0.0875000000000341,-0.11250000000003979,-0.09999999999999432,-0.07500000000004547,-0.0999999999999659
3856.0,-0.09500000000000455,-0.0999999999999659,0.014252192813722524,-0.08750000000000568,-0.11250000000001137,-0.09999999999999432,-0.07500000000004547,-0.0999999999999659
3858.0,-0.0900000000000091,-0.0999999999999659,0.013693063937608914,-0.07500000000001705,-0.10000000000002274,-0.09999999999999432,-0.07500000000004547,-0.0999999999999659
3860.0,-0.07000000000001023,-0.07499999999996021,0.014252192813727508,-0.06250000000002842,-0.0875000000000341,-0.07499999999998863,-0.05000000000003979,-0.07499999999996021
3862.0,-0.08000000000000114,-0.07500000000004547,0.006846531968818728,-0.08750000000000568,-0.08750000000000568,-0.07499999999998863,-0.07500000000004547,-0.07499999999996021
3864.0,-0.0900000000000091,-0.0999999999999659,0.013693063937608914,-0.07500000000001705,-0.10000000000002274,-0.09999999999999432,-0.07500000000004547,-0.0999999999999659
3866.0,-0.07000000000001023,-0.07499999999996021,0.014252192813727508,-0.06250000000002842,-0.0875000000000341,-0.07499999999998863,-0.05000000000003979,-0.07499999999996021
3868.0,-0.08000000000000114,-0.07500000000004547,0.006846531968818728,-0.08750000000000568,-0.08750000000000568,-0.07499999999998863,-0.07500000000004547,-0.07499999999996021
3870.0,-0.0900000000000091,-0.0999999999999659,0.013693063937608914,-0.07500000000001705,-0.10000000000002274,-0.09999999999999432,-0.07500000000004547,-0.0999999999999659
3872.0,-0.07000000000001023,-0.07499999999996021,0.014252192813727508,-0.06250000000002842,-0.0875000000000341,-0.07499999999998863,-0.05000000000003979,-0.07499999999996021
3874.0,-0.08000000000000114,-0.07500000000004547,0.006846531968818728,-0.08750000000000568,-0.08750000000000568,-0.07499999999998863,-0.07500000000004547,-0.07499999999996021
3876.0,-0.10000000000001137,-0.10000000000002274,3.240573478043448e-14,-0.10000000000002274,-0.10000000000002274,-0.09999999999999432,-0.10000000000005116,-0.0999999999999659
3878.0,-0.0800000000000125,-0.07500000000004547,0.006846531968834294,-0.0875000000000341,-0.0875000000000341,-0.07499999999998863,-0.07500000000004547,-0.07499999999996021
3880.0,-0.09500000000000455,-0.0999999999999659,0.014252192813722524,-0.08750000000000568,-0.11250000000001137,-0.09999999999999432,-0.07500000000004547,-0.0999999999999659
3882.0,-0.10000000000001137,-0.10000000000002274,3.240573478043448e-14,-0.10000000000002274,-0.10000000000002274,-0.09999999999999432,-0.10000000000005116,-0.0999999999999659
3884.0,-0.09500000000001592,-0.0999999999999659,0.014252192813727508,-0.0875000000000341,-0.11250000000003979,-0.09999999999999432,-0.07500000000004547,-0.0999999999999659
3886.0,-0.09500000000000455,-0.0999999999999659,0.014252192813722524,-0.08750000000000568,-0.11250000000001137,-0.09999999999999432,-0.07500000000004547,-0.0999999999999659
3888.0,-0.09000000000000341,-0.0875000000000341,0.010458250331700404,-0.10000000000002274,-0.10000000000002274,-0.08749999999997726,-0.0875000000000341,-0.07499999999996021
3890.0,-0.09500000000001592,-0.0999999999999659,0.014252192813727508,-0.0875000000000341,-0.11250000000003979,-0.09999999999999432,-0.07500000000004547,-0.0999999999999659
3892.0,-0.07500000000000569,-0.07499999999998863,0.017677669529657658,-0.07500000000001705,-0.10000000000002274,-0.07499999999998863,-0.05000000000003979,-0.07499999999996021
3894.0,-0.08000000000000114,-0.07500000000004547,0.006846531968818728,-0.08750000000000568,-0.08750000000000568,-0.07499999999998863,-0.07500000000004547,-0.07499999999996021
3896.0,-0.10500000000001819,-0.10000000000005116,0.006846531968834294,-0.11250000000003979,-0.11250000000003979,-0.09999999999999432,-0.10000000000005116,-0.0999999999999659
3898.0,-0.09500000000001592,-0.0999999999999659,0.014252192813727508,-0.0875000000000341,-0.11250000000003979,-0.09999999999999432,-0.07500000000004547,-0.0999999999999659
3900.0,-0.09500000000000455,-0.0999999999999659,0.014252192813722524,-0.08750000000000568,-0.11250000000001137,-0.09999999999999432,-0.07500000000004547,-0.0999999999999659
3902.0,-0.10000000000001137,-0.10000000000002274,3.240573478043448e-14,-0.10000000000002274,-0.10000000000002274,-0.09999999999999432,-0.10000000000005116,-0.0999999999999659
3904.0,-0.09500000000001592,-0.0999999999999659,0.014252192813727508,-0.0875000000000341,-0.11250000000003979,-0.09999999999999432,-0.07500000000004547,-0.0999999999999659
3906.0,-0.0800000000000125,-0.07500000000004547,0.006846531968834294,-0.0875000000000341,-0.0875000000000341,-0.07499999999998863,-0.07500000000004547,-0.07499999999996021
3908.0,-0.09500000000000455,-0.0999999999999659,0.014252192813722524,-0.08750000000000568,-0.11250000000001137,-0.09999999999999432,-0.07500000000004547,-0.0999999999999659
3910.0,-0.10000000000001137,-0.10000000000002274,3.240573478043448e-14,-0.10000000000002274,-0.10000000000002274,-0.09999999999999432,-0.10000000000005116,-0.0999999999999659
3912.0,-0.09500000000001592,-0.0999999999999659,0.014252192813727508,-0.0875000000000341,-0.11250000000003979,-0.09999999999999432,-0.07500000000004547,-0.0999999999999659
3914.0,-0.08500000000000796,-0.07500000000004547,0.013693063937642646,-0.10000000000002274,-0.10000000000002274,-0.07499999999998863,-0.07500000000004547,-0.07499999999996021
3916.0,-0.09500000000000455,-0.0999999999999659,0.014252192813722524,-0.08750000000000568,-0.11250000000001137,-0.09999999999999432,-0.07500000000004547,-0.0999999999999659
3918.0,-0.10000000000001137,-0.10000000000002274,3.240573478043448e-14,-0.10000000000002274,-0.10000000000002274,-0.09999999999999432,-0.10000000000005116,-0.0999999999999659
3920.0,-0.09500000000001592,-0.0999999999999659,0.014252192813727508,-0.0875000000000341,-0.11250000000003979,-0.09999999999999432,-0.07500000000004547,-0.0999999999999659
3922.0,-0.10500000000000682,-0.10000000000005116,0.006846531968818728,-0.11250000000001137,-0.11250000000001137,-0.09999999999999432,-0.10000000000005116,-0.0999999999999659
3924.0,-0.08000000000000114,-0.07500000000004547,0.006846531968818728,-0.08750000000000568,-0.08750000000000568,-0.07499999999998863,-0.07500000000004547,-0.07499999999996021
3926.0,-0.10500000000001819,-0.10000000000005116,0.006846531968834294,-0.11250000000003979,-0.11250000000003979,-0.09999999999999432,-0.10000000000005116,-0.0999999999999659
3928.0,-0.09500000000001592,-0.0999999999999659,0.014252192813727508,-0.0875000000000341,-0.11250000000003979,-0.09999999999999432,-0.07500000000004547,-0.0999999999999659
3930.0,-0.10500000000000682,-0.10000000000005116,0.006846531968818728,-0.11250000000001137,-0.11250000000001137,-0.09999999999999432,-0.10000000000005116,-0.0999999999999659
3932.0,-0.08000000000000114,-0.07500000000004547,0.006846531968818728,-0.08750000000000568,-0.08750000000000568,-0.07499999999998863,-0.07500000000004547,-0.07499999999996021
3934.0,-0.10500000000001819,-0.10000000000005116,0.006846531968834294,-0.11250000000003979,-0.11250000000003979,-0.09999999999999432,-0.10000000000005116,-0.0999999999999659
3936.0,-0.09500000000001592,-0.0999999999999659,0.014252192813727508,-0.0875000000000341,-0.11250000000003979,-0.09999999999999432,-0.07500000000004547,-0.0999999999999659
3938.0,-0.08500000000000796,-0.07500000000004547,0.013693063937642646,-0.10000000000002274,-0.10000000000002274,-0.07499999999998863,-0.07500000000004547,-0.07499999999996021
3940.0,-0.09500000000000455,-0.0999999999999659,0.014252192813722524,-0.08750000000000568,-0.11250000000001137,-0.09999999999999432,-0.07500000000004547,-0.0999999999999659
3942.0,-0.10000000000001137,-0.10000000000002274,3.240573478043448e-14,-0.10000000000002274,-0.10000000000002274,-0.09999999999999432,-0.10000000000005116,-0.0999999999999659
3944.0,-0.10500000000001819,-0.10000000000005116,0.006846531968834294,-0.11250000000003979,-0.11250000000003979,-0.09999999999999432,-0.10000000000005116,-0.0999999999999659
3946.0,-0.08500000000000796,-0.07500000000004547,0.013693063937642646,-0.10000000000002274,-0.10000000000002274,-0.07499999999998863,-0.07500000000004547,-0.07499999999996021
3948.0,-0.09500000000000455,-0.0999999999999659,0.014252192813722524,-0.08750000000000568,-0.11250000000001137,-0.09999999999999432,-0.07500000000004547,-0.0999999999999659
3950.0,-0.10000000000001137,-0.10000000000002274,3.240573478043448e-14,-0.10000000000002274,-0.10000000000002274,-0.09999999999999432,-0.10000000000005116,-0.0999999999999659
3952.0,-0.10500000000001819,-0.10000000000005116,0.006846531968834294,-0.11250000000003979,-0.11250000000003979,-0.09999999999999432,-0.10000000000005116,-0.0999999999999659
3954.0,-0.09500000000001592,-0.0999999999999659,0.014252192813727508,-0.0875000000000341,-0.11250000000003979,-0.09999999999999432,-0.07500000000004547,-0.0999999999999659
3956.0,-0.10500000000000682,-0.10000000000005116,0.006846531968818728,-0.11250000000001137,-0.11250000000001137,-0.09999999999999432,-0.10000000000005116,-0.0999999999999659
3958.0,-0.09500000000000455,-0.0999999999999659,0.014252192813722524,-0.08750000000000568,-0.11250000000001137,-0.09999999999999432,-0.07500000000004547,-0.0999999999999659
3960.0,-0.10500000000001819,-0.10000000000005116,0.006846531968834294,-0.11250000000003979,-0.11250000000003979,-0.09999999999999432,-0.10000000000005116,-0.0999999999999659
3962.0,-0.11000000000001364,-0.10000000000005116,0.013693063937642646,-0.12500000000002842,-0.12500000000002842,-0.09999999999999432,-0.10000000000005116,-0.0999999999999659
3964.0,-0.10000000000001137,-0.10000000000002274,3.240573478043448e-14,-0.10000000000002274,-0.10000000000002274,-0.09999999999999432,-0.10000000000005116,-0.0999999999999659
3966.0,-0.10500000000001819,-0.10000000000005116,0.006846531968834294,-0.11250000000003979,-0.11250000000003979,-0.09999999999999432,-0.10000000000005116,-0.0999999999999659
3968.0,-0.10000000000001137,-0.09999999999999432,0.017677669529657658,-0.10000000000002274,-0.12500000000002842,-0.09999999999999432,-0.07500000000004547,-0.0999999999999659
3970.0,-0.10500000000000682,-0.10000000000005116,0.006846531968818728,-0.11250000000001137,-0.11250000000001137,-0.09999999999999432,-0.10000000000005116,-0.0999999999999659
3972.0,-0.09500000000000455,-0.0999999999999659,0.014252192813722524,-0.08750000000000568,-0.11250000000001137,-0.09999999999999432,-0.07500000000004547,-0.0999999999999659
3974.0,-0.10500000000001819,-0.10000000000005116,0.006846531968834294,-0.11250000000003979,-0.11250000000003979,-0.09999999999999432,-0.10000000000005116,-0.0999999999999659
3976.0,-0.10500000000001819,-0.10000000000005116,0.006846531968834294,-0.11250000000003979,-0.11250000000003979,-0.09999999999999432,-0.10000000000005116,-0.0999999999999659
3978.0,-0.08500000000000796,-0.07500000000004547,0.013693063937642646,-0.10000000000002274,-0.10000000000002274,-0.07499999999998863,-0.07500000000004547,-0.07499999999996021
3980.0,-0.10500000000000682,-0.10000000000005116,0.006846531968818728,-0.11250000000001137,-0.11250000000001137,-0.09999999999999432,-0.10000000000005116,-0.0999999999999659
3982.0,-0.08000000000000114,-0.07500000000004547,0.006846531968818728,-0.08750000000000568,-0.08750000000000568,-0.07499999999998863,-0.07500000000004547,-0.07499999999996021
3984.0,-0.10500000000001819,-0.10000000000005116,0.006846531968834294,-0.11250000000003979,-0.11250000000003979,-0.09999999999999432,-0.10000000000005116,-0.0999999999999659
3986.0,-0.10500000000001819,-0.10000000000005116,0.006846531968834294,-0.11250000000003979,-0.11250000000003979,-0.09999999999999432,-0.10000000000005116,-0.0999999999999659
3988.0,-0.10000000000001137,-0.09999999999999432,0.017677669529657658,-0.10000000000002274,-0.12500000000002842,-0.09999999999999432,-0.07500000000004547,-0.0999999999999659
3990.0,-0.10500000000000682,-0.10000000000005116,0.006846531968818728,-0.11250000000001137,-0.11250000000001137,-0.09999999999999432,-0.10000000000005116,-0.0999999999999659
3992.0,-0.09500000000000455,-0.0999999999999659,0.014252192813722524,-0.08750000000000568,-0.11250000000001137,-0.09999999999999432,-0.07500000000004547,-0.0999999999999659
3994.0,-0.10500000000001819,-0.10000000000005116,0.006846531968834294,-0.11250000000003979,-0.11250000000003979,-0.09999999999999432,-0.10000000000005116,-0.0999999999999659
3996.0,-0.10500000000001819,-0.10000000000005116,0.006846531968834294,-0.11250000000003979,-0.11250000000003979,-0.09999999999999432,-0.10000000000005116,-0.0999999999999659
3998.0,-0.11000000000001364,-0.10000000000005116,0.013693063937642646,-0.12500000000002842,-0.12500000000002842,-0.09999999999999432,-0.10000000000005116,-0.0999999999999659
4000.0,-0.10500000000000682,-0.10000000000005116,0.006846531968818728,-0.11250000000001137,-0.11250000000001137,-0.09999999999999432,-0.10000000000005116,-0.0999999999999659
4002.0,-0.10500000000000682,-0.10000000000005116,0.006846531968818728,-0.11250000000001137,-0.11250000000001137,-0.09999999999999432,-0.10000000000005116,-0.0999999999999659
4004.0,-0.08999999999999772,-0.08750000000000568,0.0055901699437316795,-0.08750000000000568,-0.08750000000000568,-0.08749999999997726,-0.0875000000000341,-0.0999999999999659
4006.0,-0.10500000000001819,-0.10000000000005116,0.006846531968834294,-0.11250000000003979,-0.11250000000003979,-0.09999999999999432,-0.10000000000005116,-0.0999999999999659
4008.0,-0.10500000000001819,-0.10000000000005116,0.006846531968834294,-0.11250000000003979,-0.11250000000003979,-0.09999999999999432,-0.10000000000005116,-0.0999999999999659
4010.0,-0.10500000000001819,-0.10000000000005116,0.006846531968834294,-0.11250000000003979,-0.11250000000003979,-0.09999999999999432,-0.10000000000005116,-0.0999999999999659
4012.0,-0.09500000000001592,-0.0999999999999659,0.006846531968797972,-0.10000000000002274,-0.10000000000002274,-0.08750000000000568,-0.08750000000006253,-0.0999999999999659
4014.0,-0.10500000000000682,-0.10000000000005116,0.006846531968818728,-0.11250000000001137,-0.11250000000001137,-0.09999999999999432,-0.10000000000005116,-0.0999999999999659
4016.0,-0.10500000000000682,-0.10000000000005116,0.006846531968818728,-0.11250000000001137,-0.11250000000001137,-0.09999999999999432,-0.10000000000005116,-0.0999999999999659
4018.0,-0.08999999999999772,-0.08750000000000568,0.0055901699437316795,-0.08750000000000568,-0.08750000000000568,-0.08749999999997726,-0.0875000000000341,-0.0999999999999659
4020.0,-0.10500000000001819,-0.10000000000005116,0.006846531968834294,-0.11250000000003979,-0.11250000000003979,-0.09999999999999432,-0.10000000000005116,-0.0999999999999659
4022.0,-0.10500000000001819,-0.10000000000005116,0.006846531968834294,-0.11250000000003979,-0.11250000000003979,-0.09999999999999432,-0.10000000000005116,-0.0999999999999659
4024.0,-0.11000000000001364,-0.10000000000005116,0.013693063937642646,-0.12500000000002842,-0.12500000000002842,-0.09999999999999432,-0.10000000000005116,-0.0999999999999659
4026.0,-0.10500000000000682,-0.10000000000005116,0.006846531968818728,-0.11250000000001137,-0.11250000000001137,-0.09999999999999432,-0.10000000000005116,-0.0999999999999659
4028.0,-0.10500000000000682,-0.10000000000005116,0.006846531968818728,-0.11250000000001137,-0.11250000000001137,-0.09999999999999432,-0.10000000000005116,-0.0999999999999659
4030.0,-0.10500000000000682,-0.10000000000005116,0.006846531968818728,-0.11250000000001137,-0.11250000000001137,-0.09999999999999432,-0.10000000000005116,-0.0999999999999659
4032.0,-0.10500000000001819,-0.10000000000005116,0.006846531968834294,-0.11250000000003979,-0.11250000000003979,-0.09999999999999432,-0.10000000000005116,-0.0999999999999659
4034.0,-0.10500000000001819,-0.10000000000005116,0.006846531968834294,-0.11250000000003979,-0.11250000000003979,-0.09999999999999432,-0.10000000000005116,-0.0999999999999659
4036.0,-0.10500000000001819,-0.10000000000005116,0.006846531968834294,-0.11250000000003979,-0.11250000000003979,-0.09999999999999432,-0.10000000000005116,-0.0999999999999659
4038.0,-0.11000000000001364,-0.10000000000005116,0.013693063937642646,-0.12500000000002842,-0.12500000000002842,-0.09999999999999432,-0.10000000000005116,-0.0999999999999659
4040.0,-0.10500000000000682,-0.10000000000005116,0.006846531968818728,-0.11250000000001137,-0.11250000000001137,-0.09999999999999432,-0.10000000000005116,-0.0999999999999659
4042.0,-0.10500000000000682,-0.10000000000005116,0.006846531968818728,-0.11250000000001137,-0.11250000000001137,-0.09999999999999432,-0.10000000000005116,-0.0999999999999659
4044.0,-0.10500000000000682,-0.10000000000005116,0.006846531968818728,-0.11250000000001137,-0.11250000000001137,-0.09999999999999432,-0.10000000000005116,-0.0999999999999659
4046.0,-0.10500000000001819,-0.10000000000005116,0.006846531968834294,-0.11250000000003979,-0.11250000000003979,-0.09999999999999432,-0.10000000000005116,-0.0999999999999659
4048.0,-0.10500000000001819,-0.10000000000005116,0.006846531968834294,-0.11250000000003979,-0.11250000000003979,-0.09999999999999432,-0.10000000000005116,-0.0999999999999659
4050.0,-0.10500000000001819,-0.10000000000005116,0.006846531968834294,-0.11250000000003979,-0.11250000000003979,-0.09999999999999432,-0.10000000000005116,-0.0999999999999659
4052.0,-0.11000000000001364,-0.10000000000005116,0.013693063937642646,-0.12500000000002842,-0.12500000000002842,-0.09999999999999432,-0.10000000000005116,-0.0999999999999659
4054.0,-0.10500000000000682,-0.10000000000005116,0.006846531968818728,-0.11250000000001137,-0.11250000000001137,-0.09999999999999432,-0.10000000000005116,-0.0999999999999659
4056.0,-0.10500000000000682,-0.10000000000005116,0.006846531968818728,-0.11250000000001137,-0.11250000000001137,-0.09999999999999432,-0.10000000000005116,-0.0999999999999659
4058.0,-0.10666666666667197,-0.10000000000005116,0.009128709291754845,-0.11666666666667425,-0.11666666666667425,-0.09999999999999432,-0.10000000000005116,-0.0999999999999659
4060.0,-0.11000000000001364,-0.10000000000005116,0.013693063937642646,-0.12500000000002842,-0.12500000000002842,-0.09999999999999432,-0.10000000000005116,-0.0999999999999659
4062.0,-0.10500000000000682,-0.10000000000005116,0.006846531968818728,-0.11250000000001137,-0.11250000000001137,-0.09999999999999432,-0.10000000000005116,-0.0999999999999659
4064.0,-0.10500000000000682,-0.10000000000005116,0.006846531968818728,-0.11250000000001137,-0.11250000000001137,-0.09999999999999432,-0.10000000000005116,-0.0999999999999659
4066.0,-0.10500000000000682,-0.10000000000005116,0.006846531968818728,-0.11250000000001137,-0.11250000000001137,-0.09999999999999432,-0.10000000000005116,-0.0999999999999659
4068.0,-0.10500000000001819,-0.10000000000005116,0.006846531968834294,-0.11250000000003979,-0.11250000000003979,-0.09999999999999432,-0.10000000000005116,-0.0999999999999659
4070.0,-0.10500000000001819,-0.10000000000005116,0.006846531968834294,-0.11250000000003979,-0.11250000000003979,-0.09999999999999432,-0.10000000000005116,-0.0999999999999659
4072.0,-0.10500000000001819,-0.10000000000005116,0.006846531968834294,-0.11250000000003979,-0.11250000000003979,-0.09999999999999432,-0.10000000000005116,-0.0999999999999659
4074.0,-0.10500000000001819,-0.10000000000005116,0.006846531968834294,-0.11250000000003979,-0.11250000000003979,-0.09999999999999432,-0.10000000000005116,-0.0999999999999659
4076.0,-0.11000000000001364,-0.10000000000005116,0.013693063937642646,-0.12500000000002842,-0.12500000000002842,-0.09999999999999432,-0.10000000000005116,-0.0999999999999659
4078.0,-0.10500000000000682,-0.10000000000005116,0.006846531968818728,-0.11250000000001137,-0.11250000000001137,-0.09999999999999432,-0.10000000000005116,-0.0999999999999659
4080.0,-0.10500000000000682,-0.10000000000005116,0.006846531968818728,-0.11250000000001137,-0.11250000000001137,-0.09999999999999432,-0.10000000000005116,-0.0999999999999659
4082.0,-0.10500000000000682,-0.10000000000005116,0.006846531968818728,-0.11250000000001137,-0.11250000000001137,-0.09999999999999432,-0.10000000000005116,-0.0999999999999659
4084.0,-0.10500000000001819,-0.10000000000005116,0.006846531968834294,-0.11250000000003979,-0.11250000000003979,-0.09999999999999432,-0.10000000000005116,-0.0999999999999659
4086.0,-0.10500000000001819,-0.10000000000005116,0.006846531968834294,-0.11250000000003979,-0.11250000000003979,-0.09999999999999432,-0.10000000000005116,-0.0999999999999659
4088.0,-0.10500000000001819,-0.10000000000005116,0.006846531968834294,-0.11250000000003979,-0.11250000000003979,-0.09999999999999432,-0.10000000000005116,-0.0999999999999659
4090.0,-0.11000000000001364,-0.10000000000005116,0.013693063937642646,-0.12500000000002842,-0.12500000000002842,-0.09999999999999432,-0.10000000000005116,-0.0999999999999659
4092.0,-0.10500000000000682,-0.10000000000005116,0.006846531968818728,-0.11250000000001137,-0.11250000000001137,-0.09999999999999432,-0.10000000000005116,-0.0999999999999659
4094.0,-0.10500000000000682,-0.10000000000005116,0.006846531968818728,-0.11250000000001137,-0.11250000000001137,-0.09999999999999432,-0.10000000000005116,-0.0999999999999659
4096.0,-0.11500000000002046,-0.11250000000003979,0.016298006013038664,-0.13750000000004547,-0.11250000000003979,-0.09999999999999432,-0.12500000000005684,-0.0999999999999659
4098.0,-0.10500000000001819,-0.10000000000005116,0.006846531968834294,-0.11250000000003979,-0.11250000000003979,-0.09999999999999432,-0.10000000000005116,-0.0999999999999659
4100.0,-0.11000000000001364,-0.10000000000005116,0.013693063937642646,-0.12500000000002842,-0.12500000000002842,-0.09999999999999432,-0.10000000000005116,-0.0999999999999659
4102.0,-0.10500000000000682,-0.10000000000005116,0.006846531968818728,-0.11250000000001137,-0.11250000000001137,-0.09999999999999432,-0.10000000000005116,-0.0999999999999659
4104.0,-0.10500000000001819,-0.10000000000005116,0.006846531968834294,-0.11250000000003979,-0.11250000000003979,-0.09999999999999432,-0.10000000000005116,-0.0999999999999659
4106.0,-0.11000000000001364,-0.10000000000005116,0.013693063937642646,-0.12500000000002842,-0.12500000000002842,-0.09999999999999432,-0.10000000000005116,-0.0999999999999659
4108.0,-0.1150000000000091,-0.11250000000001137,0.016298006013029945,-0.13750000000001705,-0.11250000000001137,-0.09999999999999432,-0.12500000000005684,-0.0999999999999659
4110.0,-0.11500000000002046,-0.11250000000003979,0.016298006013038664,-0.13750000000004547,-0.11250000000003979,-0.09999999999999432,-0.12500000000005684,-0.0999999999999659
4112.0,-0.11000000000001364,-0.10000000000005116,0.013693063937642646,-0.12500000000002842,-0.12500000000002842,-0.09999999999999432,-0.10000000000005116,-0.0999999999999659
4114.0,-0.10500000000000682,-0.10000000000005116,0.006846531968818728,-0.11250000000001137,-0.11250000000001137,-0.09999999999999432,-0.10000000000005116,-0.0999999999999659
4116.0,-0.11000000000001364,-0.10000000000005116,0.013693063937642646,-0.12500000000002842,-0.12500000000002842,-0.09999999999999432,-0.10000000000005116,-0.0999999999999659
4118.0,-0.1200000000000216,-0.12499999999997158,0.006846531968797972,-0.12500000000002842,-0.12500000000002842,-0.11250000000001137,-0.11250000000006821,-0.12499999999997158
4120.0,-0.10500000000001819,-0.10000000000005116,0.006846531968834294,-0.11250000000003979,-0.11250000000003979,-0.09999999999999432,-0.10000000000005116,-0.0999999999999659
4122.0,-0.11000000000001364,-0.10000000000005116,0.013693063937642646,-0.12500000000002842,-0.12500000000002842,-0.09999999999999432,-0.10000000000005116,-0.0999999999999659
4124.0,-0.11000000000001364,-0.10000000000005116,0.013693063937642646,-0.12500000000002842,-0.12500000000002842,-0.09999999999999432,-0.10000000000005116,-0.0999999999999659
4126.0,-0.1200000000000216,-0.12499999999997158,0.006846531968797972,-0.12500000000002842,-0.12500000000002842,-0.11250000000001137,-0.11250000000006821,-0.12499999999997158
4128.0,-0.11000000000001364,-0.10000000000005116,0.013693063937642646,-0.12500000000002842,-0.12500000000002842,-0.09999999999999432,-0.10000000000005116,-0.0999999999999659
4130.0,-0.11500000000002046,-0.11250000000003979,0.016298006013038664,-0.13750000000004547,-0.11250000000003979,-0.09999999999999432,-0.12500000000005684,-0.0999999999999659
4132.0,-0.11000000000001364,-0.10000000000005116,0.013693063937642646,-0.12500000000002842,-0.12500000000002842,-0.09999999999999432,-0.10000000000005116,-0.0999999999999659
4134.0,-0.11000000000001364,-0.10000000000005116,0.013693063937642646,-0.12500000000002842,-0.12500000000002842,-0.09999999999999432,-0.10000000000005116,-0.0999999999999659
4136.0,-0.11000000000001364,-0.10000000000005116,0.013693063937642646,-0.12500000000002842,-0.12500000000002842,-0.09999999999999432,-0.10000000000005116,-0.0999999999999659
4138.0,-0.11000000000001364,-0.10000000000005116,0.013693063937642646,-0.12500000000002842,-0.12500000000002842,-0.09999999999999432,-0.10000000000005116,-0.0999999999999659
4140.0,-0.14000000000002047,-0.14999999999997726,0.013693063937621888,-0.1500000000000341,-0.1500000000000341,-0.125,-0.12500000000005684,-0.14999999999997726
4142.0,-0.13500000000001933,-0.12500000000005684,0.013693063937642646,-0.1500000000000341,-0.1500000000000341,-0.125,-0.12500000000005684,-0.12499999999997158
4144.0,-0.11000000000001364,-0.10000000000005116,0.013693063937642646,-0.12500000000002842,-0.12500000000002842,-0.09999999999999432,-0.10000000000005116,-0.0999999999999659
4146.0,-0.1200000000000216,-0.11666666666664582,0.012638125740106284,-0.1333333333333826,-0.1333333333333826,-0.10833333333332007,-0.10833333333337691,-0.11666666666664582
4148.0,-0.11000000000001364,-0.10000000000005116,0.013693063937642646,-0.12500000000002842,-0.12500000000002842,-0.09999999999999432,-0.10000000000005116,-0.0999999999999659
4150.0,-0.11000000000001364,-0.10000000000005116,0.013693063937642646,-0.12500000000002842,-0.12500000000002842,-0.09999999999999432,-0.10000000000005116,-0.0999999999999659
4152.0,-0.11000000000001364,-0.10000000000005116,0.013693063937642646,-0.12500000000002842,-0.12500000000002842,-0.09999999999999432,-0.10000000000005116,-0.0999999999999659
4154.0,-0.11000000000001364,-0.10000000000005116,0.013693063937642646,-0.12500000000002842,-0.12500000000002842,-0.09999999999999432,-0.10000000000005116,-0.0999999999999659
4156.0,-0.11000000000001364,-0.10000000000005116,0.013693063937642646,-0.12500000000002842,-0.12500000000002842,-0.09999999999999432,-0.10000000000005116,-0.0999999999999659
4158.0,-0.11000000000001364,-0.10000000000005116,0.013693063937642646,-0.12500000000002842,-0.12500000000002842,-0.09999999999999432,-0.10000000000005116,-0.0999999999999659
4160.0,-0.11000000000001364,-0.10000000000005116,0.013693063937642646,-0.12500000000002842,-0.12500000000002842,-0.09999999999999432,-0.10000000000005116,-0.0999999999999659
4162.0,-0.1450000000000216,-0.1500000000000341,0.020916500663378728,-0.1750000000000398,-0.1500000000000341,-0.125,-0.15000000000006253,-0.12499999999997158
4164.0,-0.11000000000001364,-0.10000000000005116,0.013693063937642646,-0.12500000000002842,-0.12500000000002842,-0.09999999999999432,-0.10000000000005116,-0.0999999999999659
4166.0,-0.11000000000001364,-0.10000000000005116,0.013693063937642646,-0.12500000000002842,-0.12500000000002842,-0.09999999999999432,-0.10000000000005116,-0.0999999999999659
4168.0,-0.11000000000001364,-0.10000000000005116,0.013693063937642646,-0.12500000000002842,-0.12500000000002842,-0.09999999999999432,-0.10000000000005116,-0.0999999999999659
4170.0,-0.11000000000001364,-0.10000000000005116,0.013693063937642646,-0.12500000000002842,-0.12500000000002842,-0.09999999999999432,-0.10000000000005116,-0.0999999999999659
4172.0,-0.11000000000001364,-0.10000000000005116,0.013693063937642646,-0.12500000000002842,-0.12500000000002842,-0.09999999999999432,-0.10000000000005116,-0.0999999999999659
4174.0,-0.1200000000000216,-0.12499999999997158,0.006846531968797972,-0.12500000000002842,-0.12500000000002842,-0.11250000000001137,-0.11250000000006821,-0.12499999999997158
4176.0,-0.11000000000001364,-0.10000000000005116,0.013693063937642646,-0.12500000000002842,-0.12500000000002842,-0.09999999999999432,-0.10000000000005116,-0.0999999999999659
4178.0,-0.12000000000001591,-0.12500000000002842,0.020916500663378725,-0.1500000000000341,-0.12500000000002842,-0.09999999999999432,-0.12500000000005684,-0.0999999999999659
4180.0,-0.11000000000001364,-0.10000000000005116,0.013693063937642646,-0.12500000000002842,-0.12500000000002842,-0.09999999999999432,-0.10000000000005116,-0.0999999999999659
4182.0,-0.11000000000001364,-0.10000000000005116,0.013693063937642646,-0.12500000000002842,-0.12500000000002842,-0.09999999999999432,-0.10000000000005116,-0.0999999999999659
4184.0,-0.11000000000001364,-0.10000000000005116,0.013693063937642646,-0.12500000000002842,-0.12500000000002842,-0.09999999999999432,-0.10000000000005116,-0.0999999999999659
4186.0,-0.11000000000001364,-0.10000000000005116,0.013693063937642646,-0.12500000000002842,-0.12500000000002842,-0.09999999999999432,-0.10000000000005116,-0.0999999999999659
4188.0,-0.11000000000001364,-0.10000000000005116,0.013693063937642646,-0.12500000000002842,-0.12500000000002842,-0.09999999999999432,-0.10000000000005116,-0.0999999999999659
4190.0,-0.11000000000001364,-0.10000000000005116,0.013693063937642646,-0.12500000000002842,-0.12500000000002842,-0.09999999999999432,-0.10000000000005116,-0.0999999999999659
4192.0,-0.11000000000001364,-0.10000000000005116,0.013693063937642646,-0.12500000000002842,-0.12500000000002842,-0.09999999999999432,-0.10000000000005116,-0.0999999999999659
4194.0,-0.11000000000001364,-0.10000000000005116,0.013693063937642646,-0.12500000000002842,-0.12500000000002842,-0.09999999999999432,-0.10000000000005116,-0.0999999999999659
4196.0,-0.11000000000001364,-0.10000000000005116,0.013693063937642646,-0.12500000000002842,-0.12500000000002842,-0.09999999999999432,-0.10000000000005116,-0.0999999999999659
4198.0,-0.11000000000001364,-0.10000000000005116,0.013693063937642646,-0.12500000000002842,-0.12500000000002842,-0.09999999999999432,-0.10000000000005116,-0.0999999999999659
4200.0,-0.1150000000000091,-0.11250000000001137,0.016298006013029945,-0.13750000000001705,-0.11250000000001137,-0.09999999999999432,-0.12500000000005684,-0.0999999999999659
4202.0,-0.11000000000001364,-0.10000000000005116,0.013693063937642646,-0.12500000000002842,-0.12500000000002842,-0.09999999999999432,-0.10000000000005116,-0.0999999999999659
4204.0,-0.11000000000001364,-0.10000000000005116,0.013693063937642646,-0.12500000000002842,-0.12500000000002842,-0.09999999999999432,-0.10000000000005116,-0.0999999999999659
4206.0,-0.1300000000000125,-0.12500000000005684,0.006846531968818728,-0.13750000000001705,-0.13750000000001705,-0.125,-0.12500000000005684,-0.12499999999997158
4208.0,-0.11000000000001364,-0.10000000000005116,0.013693063937642646,-0.12500000000002842,-0.12500000000002842,-0.09999999999999432,-0.10000000000005116,-0.0999999999999659
4210.0,-0.11000000000001364,-0.10000000000005116,0.013693063937642646,-0.12500000000002842,-0.12500000000002842,-0.09999999999999432,-0.10000000000005116,-0.0999999999999659
4212.0,-0.10500000000000682,-0.10000000000005116,0.006846531968818728,-0.11250000000001137,-0.11250000000001137,-0.09999999999999432,-0.10000000000005116,-0.0999999999999659
4214.0,-0.11000000000001364,-0.10000000000005116,0.013693063937642646,-0.12500000000002842,-0.12500000000002842,-0.09999999999999432,-0.10000000000005116,-0.0999999999999659
4216.0,-0.11000000000001364,-0.10000000000005116,0.013693063937642646,-0.12500000000002842,-0.12500000000002842,-0.09999999999999432,-0.10000000000005116,-0.0999999999999659
4218.0,-0.11000000000001364,-0.10000000000005116,0.013693063937642646,-0.12500000000002842,-0.12500000000002842,-0.09999999999999432,-0.10000000000005116,-0.0999999999999659
4220.0,-0.12500000000001704,-0.12500000000002842,3.2405737009125507e-14,-0.12500000000002842,-0.12500000000002842,-0.125,-0.12500000000005684,-0.12499999999997158
4222.0,-0.11000000000001364,-0.10000000000005116,0.013693063937642646,-0.12500000000002842,-0.12500000000002842,-0.09999999999999432,-0.10000000000005116,-0.0999999999999659
4224.0,-0.11000000000001364,-0.10000000000005116,0.013693063937642646,-0.12500000000002842,-0.12500000000002842,-0.09999999999999432,-0.10000000000005116,-0.0999999999999659
4226.0,-0.10500000000001819,-0.10000000000005116,0.006846531968834294,-0.11250000000003979,-0.11250000000003979,-0.09999999999999432,-0.10000000000005116,-0.0999999999999659
4228.0,-0.11000000000001364,-0.10000000000005116,0.013693063937642646,-0.12500000000002842,-0.12500000000002842,-0.09999999999999432,-0.10000000000005116,-0.0999999999999659
4230.0,-0.11000000000001364,-0.10000000000005116,0.013693063937642646,-0.12500000000002842,-0.12500000000002842,-0.09999999999999432,-0.10000000000005116,-0.0999999999999659
4232.0,-0.11000000000001364,-0.10000000000005116,0.013693063937642646,-0.12500000000002842,-0.12500000000002842,-0.09999999999999432,-0.10000000000005116,-0.0999999999999659
4234.0,-0.11000000000001364,-0.10000000000005116,0.013693063937642646,-0.12500000000002842,-0.12500000000002842,-0.09999999999999432,-0.10000000000005116,-0.0999999999999659
4236.0,-0.11000000000001364,-0.10000000000005116,0.013693063937642646,-0.12500000000002842,-0.12500000000002842,-0.09999999999999432,-0.10000000000005116,-0.0999999999999659
4238.0,-0.11500000000002046,-0.11250000000003979,0.016298006013038664,-0.13750000000004547,-0.11250000000003979,-0.09999999999999432,-0.12500000000005684,-0.0999999999999659
4240.0,-0.11000000000001364,-0.10000000000005116,0.013693063937642646,-0.12500000000002842,-0.12500000000002842,-0.09999999999999432,-0.10000000000005116,-0.0999999999999659
4242.0,-0.11000000000001364,-0.10833333333334849,0.01086533734203268,-0.12500000000002842,-0.10833333333334849,-0.09999999999999432,-0.11666666666673109,-0.0999999999999659
4244.0,-0.11000000000001364,-0.10000000000005116,0.013693063937642646,-0.12500000000002842,-0.12500000000002842,-0.09999999999999432,-0.10000000000005116,-0.0999999999999659
4246.0,-0.11000000000001364,-0.10000000000005116,0.013693063937642646,-0.12500000000002842,-0.12500000000002842,-0.09999999999999432,-0.10000000000005116,-0.0999999999999659
4248.0,-0.11000000000001364,-0.10000000000005116,0.013693063937642646,-0.12500000000002842,-0.12500000000002842,-0.09999999999999432,-0.10000000000005116,-0.0999999999999659
4250.0,-0.11000000000001364,-0.10000000000005116,0.013693063937642646,-0.12500000000002842,-0.12500000000002842,-0.09999999999999432,-0.10000000000005116,-0.0999999999999659
4252.0,-0.11000000000001364,-0.10000000000005116,0.013693063937642646,-0.12500000000002842,-0.12500000000002842,-0.09999999999999432,-0.10000000000005116,-0.0999999999999659
4254.0,-0.11000000000001364,-0.10000000000005116,0.013693063937642646,-0.12500000000002842,-0.12500000000002842,-0.09999999999999432,-0.10000000000005116,-0.0999999999999659
4256.0,-0.11000000000001364,-0.10000000000005116,0.013693063937642646,-0.12500000000002842,-0.12500000000002842,-0.09999999999999432,-0.10000000000005116,-0.0999999999999659
4258.0,-0.10500000000001819,-0.10000000000005116,0.006846531968834294,-0.11250000000003979,-0.11250000000003979,-0.09999999999999432,-0.10000000000005116,-0.0999999999999659
4260.0,-0.11000000000001364,-0.10000000000005116,0.013693063937642646,-0.12500000000002842,-0.12500000000002842,-0.09999999999999432,-0.10000000000005116,-0.0999999999999659
4262.0,-0.11000000000001364,-0.10000000000005116,0.013693063937642646,-0.12500000000002842,-0.12500000000002842,-0.09999999999999432,-0.10000000000005116,-0.0999999999999659
4264.0,-0.10500000000001819,-0.10000000000005116,0.006846531968834294,-0.11250000000003979,-0.11250000000003979,-0.09999999999999432,-0.10000000000005116,-0.0999999999999659
4266.0,-0.11000000000001364,-0.10000000000005116,0.013693063937642646,-0.12500000000002842,-0.12500000000002842,-0.09999999999999432,-0.10000000000005116,-0.0999999999999659
4268.0,-0.11000000000001364,-0.10000000000005116,0.013693063937642646,-0.12500000000002842,-0.12500000000002842,-0.09999999999999432,-0.10000000000005116,-0.0999999999999659
4270.0,-0.13000000000002387,-0.12500000000005684,0.006846531968834294,-0.13750000000004547,-0.13750000000004547,-0.125,-0.12500000000005684,-0.12499999999997158
4272.0,-0.11000000000001364,-0.10000000000005116,0.013693063937642646,-0.12500000000002842,-0.12500000000002842,-0.09999999999999432,-0.10000000000005116,-0.0999999999999659
4274.0,-0.10500000000001819,-0.10000000000005116,0.006846531968834294,-0.11250000000003979,-0.11250000000003979,-0.09999999999999432,-0.10000000000005116,-0.0999999999999659
4276.0,-0.1300000000000125,-0.12500000000005684,0.006846531968818728,-0.13750000000001705,-0.13750000000001705,-0.125,-0.12500000000005684,-0.12499999999997158
4278.0,-0.10500000000001819,-0.10000000000005116,0.006846531968834294,-0.11250000000003979,-0.11250000000003979,-0.09999999999999432,-0.10000000000005116,-0.0999999999999659
4280.0,-0.11000000000001364,-0.10000000000005116,0.013693063937642646,-0.12500000000002842,-0.12500000000002842,-0.09999999999999432,-0.10000000000005116,-0.0999999999999659
4282.0,-0.11000000000001364,-0.10000000000005116,0.013693063937642646,-0.12500000000002842,-0.12500000000002842,-0.09999999999999432,-0.10000000000005116,-0.0999999999999659
4284.0,-0.11000000000001364,-0.10000000000005116,0.013693063937642646,-0.12500000000002842,-0.12500000000002842,-0.09999999999999432,-0.10000000000005116,-0.0999999999999659
4286.0,-0.11000000000001364,-0.10000000000005116,0.013693063937642646,-0.12500000000002842,-0.12500000000002842,-0.09999999999999432,-0.10000000000005116,-0.0999999999999659
4288.0,-0.10500000000000682,-0.10000000000005116,0.006846531968818728,-0.11250000000001137,-0.11250000000001137,-0.09999999999999432,-0.10000000000005116,-0.0999999999999659
4290.0,-0.11000000000001364,-0.10000000000005116,0.013693063937642646,-0.12500000000002842,-0.12500000000002842,-0.09999999999999432,-0.10000000000005116,-0.0999999999999659
4292.0,-0.11500000000002046,-0.11250000000003979,0.016298006013038664,-0.13750000000004547,-0.11250000000003979,-0.09999999999999432,-0.12500000000005684,-0.0999999999999659
4294.0,-0.11000000000001364,-0.10000000000005116,0.013693063937642646,-0.12500000000002842,-0.12500000000002842,-0.09999999999999432,-0.10000000000005116,-0.0999999999999659
4296.0,-0.11000000000001364,-0.10000000000005116,0.013693063937642646,-0.12500000000002842,-0.12500000000002842,-0.09999999999999432,-0.10000000000005116,-0.0999999999999659
4298.0,-0.11000000000001364,-0.10000000000005116,0.013693063937642646,-0.12500000000002842,-0.12500000000002842,-0.09999999999999432,-0.10000000000005116,-0.0999999999999659
4300.0,-0.11000000000001364,-0.10000000000005116,0.013693063937642646,-0.12500000000002842,-0.12500000000002842,-0.09999999999999432,-0.10000000000005116,-0.0999999999999659
4302.0,-0.1150000000000091,-0.11250000000001137,0.016298006013029945,-0.13750000000001705,-0.11250000000001137,-0.09999999999999432,-0.12500000000005684,-0.0999999999999659
4304.0,-0.11000000000001364,-0.10000000000005116,0.013693063937642646,-0.12500000000002842,-0.12500000000002842,-0.09999999999999432,-0.10000000000005116,-0.0999999999999659
4306.0,-0.10500000000000682,-0.10000000000005116,0.006846531968818728,-0.11250000000001137,-0.11250000000001137,-0.09999999999999432,-0.10000000000005116,-0.0999999999999659
4308.0,-0.11000000000001364,-0.10000000000005116,0.013693063937642646,-0.12500000000002842,-0.12500000000002842,-0.09999999999999432,-0.10000000000005116,-0.0999999999999659
4310.0,-0.11000000000001364,-0.10000000000005116,0.013693063937642646,-0.12500000000002842,-0.12500000000002842,-0.09999999999999432,-0.10000000000005116,-0.0999999999999659
4312.0,-0.11000000000001364,-0.10000000000005116,0.013693063937642646,-0.12500000000002842,-0.12500000000002842,-0.09999999999999432,-0.10000000000005116,-0.0999999999999659
4314.0,-0.11000000000001364,-0.10000000000005116,0.013693063937642646,-0.12500000000002842,-0.12500000000002842,-0.09999999999999432,-0.10000000000005116,-0.0999999999999659
4316.0,-0.11000000000001364,-0.10000000000005116,0.013693063937642646,-0.12500000000002842,-0.12500000000002842,-0.09999999999999432,-0.10000000000005116,-0.0999999999999659
4318.0,-0.11000000000001364,-0.10000000000005116,0.013693063937642646,-0.12500000000002842,-0.12500000000002842,-0.09999999999999432,-0.10000000000005116,-0.0999999999999659
4320.0,-0.11000000000001364,-0.10000000000005116,0.013693063937642646,-0.12500000000002842,-0.12500000000002842,-0.09999999999999432,-0.10000000000005116,-0.0999999999999659
4322.0,-0.13000000000002387,-0.12500000000005684,0.006846531968834294,-0.13750000000004547,-0.13750000000004547,-0.125,-0.12500000000005684,-0.12499999999997158
4324.0,-0.11000000000001364,-0.10000000000005116,0.013693063937642646,-0.12500000000002842,-0.12500000000002842,-0.09999999999999432,-0.10000000000005116,-0.0999999999999659
4326.0,-0.10500000000001819,-0.10000000000005116,0.006846531968834294,-0.11250000000003979,-0.11250000000003979,-0.09999999999999432,-0.10000000000005116,-0.0999999999999659
4328.0,-0.11000000000001364,-0.10000000000005116,0.013693063937642646,-0.12500000000002842,-0.12500000000002842,-0.09999999999999432,-0.10000000000005116,-0.0999999999999659
4330.0,-0.11000000000001364,-0.10000000000005116,0.013693063937642646,-0.12500000000002842,-0.12500000000002842,-0.09999999999999432,-0.10000000000005116,-0.0999999999999659
4332.0,-0.10500000000000682,-0.10000000000005116,0.006846531968818728,-0.11250000000001137,-0.11250000000001137,-0.09999999999999432,-0.10000000000005116,-0.0999999999999659
4334.0,-0.11000000000001364,-0.10000000000005116,0.013693063937642646,-0.12500000000002842,-0.12500000000002842,-0.09999999999999432,-0.10000000000005116,-0.0999999999999659
4336.0,-0.11000000000001364,-0.10000000000005116,0.013693063937642646,-0.12500000000002842,-0.12500000000002842,-0.09999999999999432,-0.10000000000005116,-0.0999999999999659
4338.0,-0.10500000000000682,-0.10000000000005116,0.006846531968818728,-0.11250000000001137,-0.11250000000001137,-0.09999999999999432,-0.10000000000005116,-0.0999999999999659
4340.0,-0.11000000000001364,-0.10000000000005116,0.013693063937642646,-0.12500000000002842,-0.12500000000002842,-0.09999999999999432,-0.10000000000005116,-0.0999999999999659
4342.0,-0.11000000000001364,-0.10000000000005116,0.013693063937642646,-0.12500000000002842,-0.12500000000002842,-0.09999999999999432,-0.10000000000005116,-0.0999999999999659
4344.0,-0.11000000000001364,-0.10000000000005116,0.013693063937642646,-0.12500000000002842,-0.12500000000002842,-0.09999999999999432,-0.10000000000005116,-0.0999999999999659
4346.0,-0.11000000000001364,-0.10000000000005116,0.013693063937642646,-0.12500000000002842,-0.12500000000002842,-0.09999999999999432,-0.10000000000005116,-0.0999999999999659
4348.0,-0.11000000000001364,-0.10000000000005116,0.013693063937642646,-0.12500000000002842,-0.12500000000002842,-0.09999999999999432,-0.10000000000005116,-0.0999999999999659
4350.0,-0.11000000000001364,-0.10000000000005116,0.013693063937642646,-0.12500000000002842,-0.12500000000002842,-0.09999999999999432,-0.10000000000005116,-0.0999999999999659
4352.0,-0.10500000000000682,-0.10000000000005116,0.006846531968818728,-0.11250000000001137,-0.11250000000001137,-0.09999999999999432,-0.10000000000005116,-0.0999999999999659
4354.0,-0.11000000000001364,-0.10000000000005116,0.013693063937642646,-0.12500000000002842,-0.12500000000002842,-0.09999999999999432,-0.10000000000005116,-0.0999999999999659
4356.0,-0.11000000000001364,-0.10000000000005116,0.013693063937642646,-0.12500000000002842,-0.12500000000002842,-0.09999999999999432,-0.10000000000005116,-0.0999999999999659
4358.0,-0.10500000000001819,-0.10000000000005116,0.006846531968834294,-0.11250000000003979,-0.11250000000003979,-0.09999999999999432,-0.10000000000005116,-0.0999999999999659
4360.0,-0.11000000000001364,-0.10000000000005116,0.013693063937642646,-0.12500000000002842,-0.12500000000002842,-0.09999999999999432,-0.10000000000005116,-0.0999999999999659
4362.0,-0.11000000000001364,-0.10000000000005116,0.013693063937642646,-0.12500000000002842,-0.12500000000002842,-0.09999999999999432,-0.10000000000005116,-0.0999999999999659
4364.0,-0.11000000000001364,-0.10000000000005116,0.013693063937642646,-0.12500000000002842,-0.12500000000002842,-0.09999999999999432,-0.10000000000005116,-0.0999999999999659
4366.0,-0.11000000000001364,-0.10000000000005116,0.013693063937642646,-0.12500000000002842,-0.12500000000002842,-0.09999999999999432,-0.10000000000005116,-0.0999999999999659
4368.0,-0.10500000000001819,-0.10000000000005116,0.006846531968834294,-0.11250000000003979,-0.11250000000003979,-0.09999999999999432,-0.10000000000005116,-0.0999999999999659
4370.0,-0.11000000000001364,-0.10000000000005116,0.013693063937642646,-0.12500000000002842,-0.12500000000002842,-0.09999999999999432,-0.10000000000005116,-0.0999999999999659
4372.0,-0.10500000000000682,-0.10000000000005116,0.006846531968818728,-0.11250000000001137,-0.11250000000001137,-0.09999999999999432,-0.10000000000005116,-0.0999999999999659
4374.0,-0.11000000000001364,-0.10000000000005116,0.013693063937642646,-0.12500000000002842,-0.12500000000002842,-0.09999999999999432,-0.10000000000005116,-0.0999999999999659
4376.0,-0.11000000000001364,-0.10000000000005116,0.013693063937642646,-0.12500000000002842,-0.12500000000002842,-0.09999999999999432,-0.10000000000005116,-0.0999999999999659
4378.0,-0.11000000000001364,-0.10000000000005116,0.013693063937642646,-0.12500000000002842,-0.12500000000002842,-0.09999999999999432,-0.10000000000005116,-0.0999999999999659
4380.0,-0.11000000000001364,-0.10000000000005116,0.013693063937642646,-0.12500000000002842,-0.12500000000002842,-0.09999999999999432,-0.10000000000005116,-0.0999999999999659
4382.0,-0.11000000000001364,-0.10000000000005116,0.013693063937642646,-0.12500000000002842,-0.12500000000002842,-0.09999999999999432,-0.10000000000005116,-0.0999999999999659
4384.0,-0.11500000000002046,-0.11250000000003979,0.016298006013038664,-0.13750000000004547,-0.11250000000003979,-0.09999999999999432,-0.12500000000005684,-0.0999999999999659
4386.0,-0.11000000000001364,-0.10000000000005116,0.013693063937642646,-0.12500000000002842,-0.12500000000002842,-0.09999999999999432,-0.10000000000005116,-0.0999999999999659
4388.0,-0.10500000000000682,-0.10000000000005116,0.006846531968818728,-0.11250000000001137,-0.11250000000001137,-0.09999999999999432,-0.10000000000005116,-0.0999999999999659
4390.0,-0.10500000000001819,-0.10000000000005116,0.006846531968834294,-0.11250000000003979,-0.11250000000003979,-0.09999999999999432,-0.10000000000005116,-0.0999999999999659
4392.0,-0.11000000000001364,-0.10000000000005116,0.013693063937642646,-0.12500000000002842,-0.12500000000002842,-0.09999999999999432,-0.10000000000005116,-0.0999999999999659
4394.0,-0.10500000000000682,-0.10000000000005116,0.006846531968818728,-0.11250000000001137,-0.11250000000001137,-0.09999999999999432,-0.10000000000005116,-0.0999999999999659
4396.0,-0.10500000000001819,-0.10000000000005116,0.006846531968834294,-0.11250000000003979,-0.11250000000003979,-0.09999999999999432,-0.10000000000005116,-0.0999999999999659
4398.0,-0.11000000000001364,-0.10000000000005116,0.013693063937642646,-0.12500000000002842,-0.12500000000002842,-0.09999999999999432,-0.10000000000005116,-0.0999999999999659
4400.0,-0.10500000000000682,-0.10000000000005116,0.006846531968818728,-0.11250000000001137,-0.11250000000001137,-0.09999999999999432,-0.10000000000005116,-0.0999999999999659
4402.0,-0.10500000000001819,-0.10000000000005116,0.006846531968834294,-0.11250000000003979,-0.11250000000003979,-0.09999999999999432,-0.10000000000005116,-0.0999999999999659
4404.0,-0.11000000000001364,-0.10000000000005116,0.013693063937642646,-0.12500000000002842,-0.12500000000002842,-0.09999999999999432,-0.10000000000005116,-0.0999999999999659
4406.0,-0.10500000000000682,-0.10000000000005116,0.006846531968818728,-0.11250000000001137,-0.11250000000001137,-0.09999999999999432,-0.10000000000005116,-0.0999999999999659
4408.0,-0.10500000000001819,-0.10000000000005116,0.006846531968834294,-0.11250000000003979,-0.11250000000003979,-0.09999999999999432,-0.10000000000005116,-0.0999999999999659
4410.0,-0.11000000000001364,-0.10000000000005116,0.013693063937642646,-0.12500000000002842,-0.12500000000002842,-0.09999999999999432,-0.10000000000005116,-0.0999999999999659
4412.0,-0.10500000000000682,-0.10000000000005116,0.006846531968818728,-0.11250000000001137,-0.11250000000001137,-0.09999999999999432,-0.10000000000005116,-0.0999999999999659
4414.0,-0.11500000000002046,-0.11250000000003979,0.016298006013038664,-0.13750000000004547,-0.11250000000003979,-0.09999999999999432,-0.12500000000005684,-0.0999999999999659
4416.0,-0.11000000000001364,-0.10000000000005116,0.013693063937642646,-0.12500000000002842,-0.12500000000002842,-0.09999999999999432,-0.10000000000005116,-0.0999999999999659
4418.0,-0.11000000000001364,-0.10000000000005116,0.013693063937642646,-0.12500000000002842,-0.12500000000002842,-0.09999999999999432,-0.10000000000005116,-0.0999999999999659
4420.0,-0.11000000000001364,-0.10000000000005116,0.013693063937642646,-0.12500000000002842,-0.12500000000002842,-0.09999999999999432,-0.10000000000005116,-0.0999999999999659
4422.0,-0.11000000000001364,-0.10000000000005116,0.013693063937642646,-0.12500000000002842,-0.12500000000002842,-0.09999999999999432,-0.10000000000005116,-0.0999999999999659
4424.0,-0.11000000000001364,-0.10000000000005116,0.013693063937642646,-0.12500000000002842,-0.12500000000002842,-0.09999999999999432,-0.10000000000005116,-0.0999999999999659
4426.0,-0.11000000000001364,-0.10000000000005116,0.013693063937642646,-0.12500000000002842,-0.12500000000002842,-0.09999999999999432,-0.10000000000005116,-0.0999999999999659
4428.0,-0.11000000000001364,-0.10000000000005116,0.013693063937642646,-0.12500000000002842,-0.12500000000002842,-0.09999999999999432,-0.10000000000005116,-0.0999999999999659
4430.0,-0.11000000000001364,-0.10000000000005116,0.013693063937642646,-0.12500000000002842,-0.12500000000002842,-0.09999999999999432,-0.10000000000005116,-0.0999999999999659
4432.0,-0.10500000000000682,-0.10000000000005116,0.006846531968818728,-0.11250000000001137,-0.11250000000001137,-0.09999999999999432,-0.10000000000005116,-0.0999999999999659
4434.0,-0.11000000000001364,-0.10000000000005116,0.013693063937642646,-0.12500000000002842,-0.12500000000002842,-0.09999999999999432,-0.10000000000005116,-0.0999999999999659
4436.0,-0.11000000000001364,-0.10000000000005116,0.013693063937642646,-0.12500000000002842,-0.12500000000002842,-0.09999999999999432,-0.10000000000005116,-0.0999999999999659
4438.0,-0.11000000000001364,-0.10000000000005116,0.013693063937642646,-0.12500000000002842,-0.12500000000002842,-0.09999999999999432,-0.10000000000005116,-0.0999999999999659
4440.0,-0.11000000000001364,-0.10000000000005116,0.013693063937642646,-0.12500000000002842,-0.12500000000002842,-0.09999999999999432,-0.10000000000005116,-0.0999999999999659
4442.0,-0.10500000000001819,-0.10000000000005116,0.006846531968834294,-0.11250000000003979,-0.11250000000003979,-0.09999999999999432,-0.10000000000005116,-0.0999999999999659
4444.0,-0.11000000000001364,-0.10000000000005116,0.013693063937642646,-0.12500000000002842,-0.12500000000002842,-0.09999999999999432,-0.10000000000005116,-0.0999999999999659
4446.0,-0.11500000000001478,-0.11250000000001137,0.013693063937641348,-0.13750000000001705,-0.11250000000001137,-0.11250000000001137,-0.11250000000006821,-0.0999999999999659
4448.0,-0.11000000000001364,-0.10000000000005116,0.013693063937642646,-0.12500000000002842,-0.12500000000002842,-0.09999999999999432,-0.10000000000005116,-0.0999999999999659
4450.0,-0.11000000000001364,-0.10000000000005116,0.013693063937642646,-0.12500000000002842,-0.12500000000002842,-0.09999999999999432,-0.10000000000005116,-0.0999999999999659
4452.0,-0.11000000000001364,-0.10000000000005116,0.013693063937642646,-0.12500000000002842,-0.12500000000002842,-0.09999999999999432,-0.10000000000005116,-0.0999999999999659
4454.0,-0.10500000000000682,-0.10000000000005116,0.006846531968818728,-0.11250000000001137,-0.11250000000001137,-0.09999999999999432,-0.10000000000005116,-0.0999999999999659
4456.0,-0.11000000000001364,-0.10000000000005116,0.013693063937642646,-0.12500000000002842,-0.12500000000002842,-0.09999999999999432,-0.10000000000005116,-0.0999999999999659
4458.0,-0.11000000000001364,-0.10000000000005116,0.013693063937642646,-0.12500000000002842,-0.12500000000002842,-0.09999999999999432,-0.10000000000005116,-0.0999999999999659
4460.0,-0.11000000000001364,-0.10000000000005116,0.013693063937642646,-0.12500000000002842,-0.12500000000002842,-0.09999999999999432,-0.10000000000005116,-0.0999999999999659
4462.0,-0.10500000000000682,-0.10000000000005116,0.006846531968818728,-0.11250000000001137,-0.11250000000001137,-0.09999999999999432,-0.10000000000005116,-0.0999999999999659
4464.0,-0.11000000000001364,-0.10000000000005116,0.013693063937642646,-0.12500000000002842,-0.12500000000002842,-0.09999999999999432,-0.10000000000005116,-0.0999999999999659
4466.0,-0.11000000000001364,-0.10000000000005116,0.013693063937642646,-0.12500000000002842,-0.12500000000002842,-0.09999999999999432,-0.10000000000005116,-0.0999999999999659
4468.0,-0.11000000000001364,-0.10000000000005116,0.013693063937642646,-0.12500000000002842,-0.12500000000002842,-0.09999999999999432,-0.10000000000005116,-0.0999999999999659
4470.0,-0.10500000000000682,-0.10000000000005116,0.006846531968818728,-0.11250000000001137,-0.11250000000001137,-0.09999999999999432,-0.10000000000005116,-0.0999999999999659
4472.0,-0.11000000000001364,-0.10000000000005116,0.013693063937642646,-0.12500000000002842,-0.12500000000002842,-0.09999999999999432,-0.10000000000005116,-0.0999999999999659
4474.0,-0.11000000000001364,-0.10000000000005116,0.013693063937642646,-0.12500000000002842,-0.12500000000002842,-0.09999999999999432,-0.10000000000005116,-0.0999999999999659
4476.0,-0.11000000000001364,-0.10000000000005116,0.013693063937642646,-0.12500000000002842,-0.12500000000002842,-0.09999999999999432,-0.10000000000005116,-0.0999999999999659
4478.0,-0.11000000000001364,-0.10000000000005116,0.013693063937642646,-0.12500000000002842,-0.12500000000002842,-0.09999999999999432,-0.10000000000005116,-0.0999999999999659
4480.0,-0.11000000000001364,-0.10000000000005116,0.013693063937642646,-0.12500000000002842,-0.12500000000002842,-0.09999999999999432,-0.10000000000005116,-0.0999999999999659
4482.0,-0.10500000000001819,-0.10000000000005116,0.006846531968834294,-0.11250000000003979,-0.11250000000003979,-0.09999999999999432,-0.10000000000005116,-0.0999999999999659
4484.0,-0.11000000000001364,-0.10000000000005116,0.013693063937642646,-0.12500000000002842,-0.12500000000002842,-0.09999999999999432,-0.10000000000005116,-0.0999999999999659
4486.0,-0.11000000000001364,-0.10000000000005116,0.013693063937642646,-0.12500000000002842,-0.12500000000002842,-0.09999999999999432,-0.10000000000005116,-0.0999999999999659
4488.0,-0.11000000000001364,-0.10000000000005116,0.013693063937642646,-0.12500000000002842,-0.12500000000002842,-0.09999999999999432,-0.10000000000005116,-0.0999999999999659
4490.0,-0.11000000000001364,-0.10000000000005116,0.013693063937642646,-0.12500000000002842,-0.12500000000002842,-0.09999999999999432,-0.10000000000005116,-0.0999999999999659
4492.0,-0.1150000000000091,-0.11250000000001137,0.016298006013029945,-0.13750000000001705,-0.11250000000001137,-0.09999999999999432,-0.12500000000005684,-0.0999999999999659
4494.0,-0.11000000000001364,-0.10000000000005116,0.013693063937642646,-0.12500000000002842,-0.12500000000002842,-0.09999999999999432,-0.10000000000005116,-0.0999999999999659
4496.0,-0.10500000000001819,-0.10000000000005116,0.006846531968834294,-0.11250000000003979,-0.11250000000003979,-0.09999999999999432,-0.10000000000005116,-0.0999999999999659
4498.0,-0.11000000000001364,-0.10000000000005116,0.013693063937642646,-0.12500000000002842,-0.12500000000002842,-0.09999999999999432,-0.10000000000005116,-0.0999999999999659
4500.0,-0.11000000000001364,-0.10000000000005116,0.013693063937642646,-0.12500000000002842,-0.12500000000002842,-0.09999999999999432,-0.10000000000005116,-0.0999999999999659
4502.0,-0.10500000000000682,-0.10000000000005116,0.006846531968818728,-0.11250000000001137,-0.11250000000001137,-0.09999999999999432,-0.10000000000005116,-0.0999999999999659
4504.0,-0.11000000000001364,-0.10000000000005116,0.013693063937642646,-0.12500000000002842,-0.12500000000002842,-0.09999999999999432,-0.10000000000005116,-0.0999999999999659
4506.0,-0.11000000000001364,-0.10000000000005116,0.013693063937642646,-0.12500000000002842,-0.12500000000002842,-0.09999999999999432,-0.10000000000005116,-0.0999999999999659
4508.0,-0.11000000000001364,-0.10000000000005116,0.013693063937642646,-0.12500000000002842,-0.12500000000002842,-0.09999999999999432,-0.10000000000005116,-0.0999999999999659
4510.0,-0.11000000000001364,-0.10000000000005116,0.013693063937642646,-0.12500000000002842,-0.12500000000002842,-0.09999999999999432,-0.10000000000005116,-0.0999999999999659
4512.0,-0.11000000000001364,-0.10000000000005116,0.013693063937642646,-0.12500000000002842,-0.12500000000002842,-0.09999999999999432,-0.10000000000005116,-0.0999999999999659
4514.0,-0.11000000000001364,-0.10000000000005116,0.013693063937642646,-0.12500000000002842,-0.12500000000002842,-0.09999999999999432,-0.10000000000005116,-0.0999999999999659
4516.0,-0.11000000000001364,-0.10000000000005116,0.013693063937642646,-0.12500000000002842,-0.12500000000002842,-0.09999999999999432,-0.10000000000005116,-0.0999999999999659
4518.0,-0.11000000000001364,-0.10000000000005116,0.013693063937642646,-0.12500000000002842,-0.12500000000002842,-0.09999999999999432,-0.10000000000005116,-0.0999999999999659
4520.0,-0.11000000000001364,-0.10000000000005116,0.013693063937642646,-0.12500000000002842,-0.12500000000002842,-0.09999999999999432,-0.10000000000005116,-0.0999999999999659
4522.0,-0.10500000000000682,-0.10000000000005116,0.006846531968818728,-0.11250000000001137,-0.11250000000001137,-0.09999999999999432,-0.10000000000005116,-0.0999999999999659
4524.0,-0.11000000000001364,-0.10000000000005116,0.013693063937642646,-0.12500000000002842,-0.12500000000002842,-0.09999999999999432,-0.10000000000005116,-0.0999999999999659
4526.0,-0.10500000000001819,-0.10000000000005116,0.006846531968834294,-0.11250000000003979,-0.11250000000003979,-0.09999999999999432,-0.10000000000005116,-0.0999999999999659
4528.0,-0.11000000000001364,-0.10000000000005116,0.013693063937642646,-0.12500000000002842,-0.12500000000002842,-0.09999999999999432,-0.10000000000005116,-0.0999999999999659
4530.0,-0.11000000000001364,-0.10000000000005116,0.013693063937642646,-0.12500000000002842,-0.12500000000002842,-0.09999999999999432,-0.10000000000005116,-0.0999999999999659
4532.0,-0.1050000000000125,-0.11250000000001137,0.024366985862045446,-0.13750000000001705,-0.11250000000001137,-0.08750000000000568,-0.11250000000006821,-0.07499999999996021
4534.0,-0.11000000000001364,-0.10000000000005116,0.013693063937642646,-0.12500000000002842,-0.12500000000002842,-0.09999999999999432,-0.10000000000005116,-0.0999999999999659
4536.0,-0.11000000000001364,-0.10000000000005116,0.013693063937642646,-0.12500000000002842,-0.12500000000002842,-0.09999999999999432,-0.10000000000005116,-0.0999999999999659
4538.0,-0.11000000000001364,-0.10000000000005116,0.013693063937642646,-0.12500000000002842,-0.12500000000002842,-0.09999999999999432,-0.10000000000005116,-0.0999999999999659
4540.0,-0.11000000000001364,-0.10000000000005116,0.013693063937642646,-0.12500000000002842,-0.12500000000002842,-0.09999999999999432,-0.10000000000005116,-0.0999999999999659
4542.0,-0.11000000000001364,-0.10000000000005116,0.013693063937642646,-0.12500000000002842,-0.12500000000002842,-0.09999999999999432,-0.10000000000005116,-0.0999999999999659
4544.0,-0.10500000000000682,-0.10000000000005116,0.006846531968818728,-0.11250000000001137,-0.11250000000001137,-0.09999999999999432,-0.10000000000005116,-0.0999999999999659
4546.0,-0.11000000000001364,-0.10000000000005116,0.013693063937642646,-0.12500000000002842,-0.12500000000002842,-0.09999999999999432,-0.10000000000005116,-0.0999999999999659
4548.0,-0.11000000000001364,-0.10000000000005116,0.013693063937642646,-0.12500000000002842,-0.12500000000002842,-0.09999999999999432,-0.10000000000005116,-0.0999999999999659
4550.0,-0.11000000000001364,-0.10000000000005116,0.013693063937642646,-0.12500000000002842,-0.12500000000002842,-0.09999999999999432,-0.10000000000005116,-0.0999999999999659
4552.0,-0.11000000000001364,-0.10000000000005116,0.013693063937642646,-0.12500000000002842,-0.12500000000002842,-0.09999999999999432,-0.10000000000005116,-0.0999999999999659
4554.0,-0.11000000000001364,-0.10000000000005116,0.013693063937642646,-0.12500000000002842,-0.12500000000002842,-0.09999999999999432,-0.10000000000005116,-0.0999999999999659
4556.0,-0.10500000000000682,-0.10000000000005116,0.006846531968818728,-0.11250000000001137,-0.11250000000001137,-0.09999999999999432,-0.10000000000005116,-0.0999999999999659
4558.0,-0.11000000000001364,-0.10000000000005116,0.013693063937642646,-0.12500000000002842,-0.12500000000002842,-0.09999999999999432,-0.10000000000005116,-0.0999999999999659
4560.0,-0.11000000000001364,-0.10000000000005116,0.013693063937642646,-0.12500000000002842,-0.12500000000002842,-0.09999999999999432,-0.10000000000005116,-0.0999999999999659
4562.0,-0.10500000000001819,-0.10000000000005116,0.006846531968834294,-0.11250000000003979,-0.11250000000003979,-0.09999999999999432,-0.10000000000005116,-0.0999999999999659
4564.0,-0.11000000000001364,-0.10000000000005116,0.013693063937642646,-0.12500000000002842,-0.12500000000002842,-0.09999999999999432,-0.10000000000005116,-0.0999999999999659
4566.0,-0.11000000000001364,-0.10000000000005116,0.013693063937642646,-0.12500000000002842,-0.12500000000002842,-0.09999999999999432,-0.10000000000005116,-0.0999999999999659
4568.0,-0.11000000000001364,-0.10000000000005116,0.013693063937642646,-0.12500000000002842,-0.12500000000002842,-0.09999999999999432,-0.10000000000005116,-0.0999999999999659
4570.0,-0.10500000000000682,-0.10000000000005116,0.006846531968818728,-0.11250000000001137,-0.11250000000001137,-0.09999999999999432,-0.10000000000005116,-0.0999999999999659
4572.0,-0.11000000000001364,-0.10000000000005116,0.013693063937642646,-0.12500000000002842,-0.12500000000002842,-0.09999999999999432,-0.10000000000005116,-0.0999999999999659
4574.0,-0.11000000000001364,-0.10000000000005116,0.013693063937642646,-0.12500000000002842,-0.12500000000002842,-0.09999999999999432,-0.10000000000005116,-0.0999999999999659
4576.0,-0.10500000000001819,-0.10000000000005116,0.006846531968834294,-0.11250000000003979,-0.11250000000003979,-0.09999999999999432,-0.10000000000005116,-0.0999999999999659
4578.0,-0.11000000000001364,-0.10000000000005116,0.013693063937642646,-0.12500000000002842,-0.12500000000002842,-0.09999999999999432,-0.10000000000005116,-0.0999999999999659
4580.0,-0.11000000000001364,-0.10000000000005116,0.013693063937642646,-0.12500000000002842,-0.12500000000002842,-0.09999999999999432,-0.10000000000005116,-0.0999999999999659
4582.0,-0.11000000000001364,-0.10000000000005116,0.013693063937642646,-0.12500000000002842,-0.12500000000002842,-0.09999999999999432,-0.10000000000005116,-0.0999999999999659
4584.0,-0.10500000000000682,-0.10000000000005116,0.006846531968818728,-0.11250000000001137,-0.11250000000001137,-0.09999999999999432,-0.10000000000005116,-0.0999999999999659
4586.0,-0.11000000000001364,-0.10000000000005116,0.013693063937642646,-0.12500000000002842,-0.12500000000002842,-0.09999999999999432,-0.10000000000005116,-0.0999999999999659
4588.0,-0.11000000000001364,-0.10000000000005116,0.013693063937642646,-0.12500000000002842,-0.12500000000002842,-0.09999999999999432,-0.10000000000005116,-0.0999999999999659
4590.0,-0.10500000000001819,-0.10000000000005116,0.006846531968834294,-0.11250000000003979,-0.11250000000003979,-0.09999999999999432,-0.10000000000005116,-0.0999999999999659
4592.0,-0.11000000000001364,-0.10000000000005116,0.013693063937642646,-0.12500000000002842,-0.12500000000002842,-0.09999999999999432,-0.10000000000005116,-0.0999999999999659
4594.0,-0.11000000000001364,-0.10000000000005116,0.013693063937642646,-0.12500000000002842,-0.12500000000002842,-0.09999999999999432,-0.10000000000005116,-0.0999999999999659
4596.0,-0.11000000000001364,-0.10000000000005116,0.013693063937642646,-0.12500000000002842,-0.12500000000002842,-0.09999999999999432,-0.10000000000005116,-0.0999999999999659
4598.0,-0.10500000000000682,-0.10000000000005116,0.006846531968818728,-0.11250000000001137,-0.11250000000001137,-0.09999999999999432,-0.10000000000005116,-0.0999999999999659
4600.0,-0.11000000000001364,-0.10000000000005116,0.013693063937642646,-0.12500000000002842,-0.12500000000002842,-0.09999999999999432,-0.10000000000005116,-0.0999999999999659
4602.0,-0.11000000000001364,-0.10000000000005116,0.013693063937642646,-0.12500000000002842,-0.12500000000002842,-0.09999999999999432,-0.10000000000005116,-0.0999999999999659
4604.0,-0.11500000000001478,-0.11250000000003979,0.01369306393765432,-0.13750000000004547,-0.11250000000003979,-0.11249999999998295,-0.11250000000003979,-0.0999999999999659
4606.0,-0.11000000000001364,-0.10000000000005116,0.013693063937642646,-0.12500000000002842,-0.12500000000002842,-0.09999999999999432,-0.10000000000005116,-0.0999999999999659
4608.0,-0.11000000000001364,-0.10000000000005116,0.013693063937642646,-0.12500000000002842,-0.12500000000002842,-0.09999999999999432,-0.10000000000005116,-0.0999999999999659
4610.0,-0.11000000000001364,-0.10000000000005116,0.013693063937642646,-0.12500000000002842,-0.12500000000002842,-0.09999999999999432,-0.10000000000005116,-0.0999999999999659
4612.0,-0.11000000000001364,-0.10000000000005116,0.013693063937642646,-0.12500000000002842,-0.12500000000002842,-0.09999999999999432,-0.10000000000005116,-0.0999999999999659
4614.0,-0.10500000000000682,-0.10000000000005116,0.006846531968818728,-0.11250000000001137,-0.11250000000001137,-0.09999999999999432,-0.10000000000005116,-0.0999999999999659
4616.0,-0.11000000000001364,-0.10000000000005116,0.013693063937642646,-0.12500000000002842,-0.12500000000002842,-0.09999999999999432,-0.10000000000005116,-0.0999999999999659
4618.0,-0.11000000000001364,-0.10000000000005116,0.013693063937642646,-0.12500000000002842,-0.12500000000002842,-0.09999999999999432,-0.10000000000005116,-0.0999999999999659
4620.0,-0.10500000000001819,-0.10000000000005116,0.006846531968834294,-0.11250000000003979,-0.11250000000003979,-0.09999999999999432,-0.10000000000005116,-0.0999999999999659
4622.0,-0.11000000000001364,-0.10000000000005116,0.013693063937642646,-0.12500000000002842,-0.12500000000002842,-0.09999999999999432,-0.10000000000005116,-0.0999999999999659
4624.0,-0.11000000000001364,-0.10000000000005116,0.013693063937642646,-0.12500000000002842,-0.12500000000002842,-0.09999999999999432,-0.10000000000005116,-0.0999999999999659
4626.0,-0.11000000000001364,-0.10000000000005116,0.013693063937642646,-0.12500000000002842,-0.12500000000002842,-0.09999999999999432,-0.10000000000005116,-0.0999999999999659
4628.0,-0.11000000000001364,-0.10000000000005116,0.013693063937642646,-0.12500000000002842,-0.12500000000002842,-0.09999999999999432,-0.10000000000005116,-0.0999999999999659
4630.0,-0.10666666666667765,-0.10833333333340533,0.019895560643878513,-0.13333333333335418,-0.11666666666667425,-0.09166666666666856,-0.10833333333340533,-0.08333333333328596
4632.0,-0.11000000000001364,-0.10000000000005116,0.013693063937642646,-0.12500000000002842,-0.12500000000002842,-0.09999999999999432,-0.10000000000005116,-0.0999999999999659
4634.0,-0.11000000000001364,-0.10000000000005116,0.013693063937642646,-0.12500000000002842,-0.12500000000002842,-0.09999999999999432,-0.10000000000005116,-0.0999999999999659
4636.0,-0.11000000000001364,-0.10000000000005116,0.013693063937642646,-0.12500000000002842,-0.12500000000002842,-0.09999999999999432,-0.10000000000005116,-0.0999999999999659
4638.0,-0.10500000000000682,-0.10000000000005116,0.006846531968818728,-0.11250000000001137,-0.11250000000001137,-0.09999999999999432,-0.10000000000005116,-0.0999999999999659
4640.0,-0.11000000000001364,-0.10000000000005116,0.013693063937642646,-0.12500000000002842,-0.12500000000002842,-0.09999999999999432,-0.10000000000005116,-0.0999999999999659
4642.0,-0.11000000000001364,-0.10000000000005116,0.013693063937642646,-0.12500000000002842,-0.12500000000002842,-0.09999999999999432,-0.10000000000005116,-0.0999999999999659
4644.0,-0.11000000000001364,-0.10000000000005116,0.013693063937642646,-0.12500000000002842,-0.12500000000002842,-0.09999999999999432,-0.10000000000005116,-0.0999999999999659
4646.0,-0.11000000000001364,-0.10000000000005116,0.013693063937642646,-0.12500000000002842,-0.12500000000002842,-0.09999999999999432,-0.10000000000005116,-0.0999999999999659
4648.0,-0.11000000000001364,-0.10000000000005116,0.013693063937642646,-0.12500000000002842,-0.12500000000002842,-0.09999999999999432,-0.10000000000005116,-0.0999999999999659
4650.0,-0.11000000000001364,-0.10000000000005116,0.013693063937642646,-0.12500000000002842,-0.12500000000002842,-0.09999999999999432,-0.10000000000005116,-0.0999999999999659
4652.0,-0.11000000000001364,-0.10000000000005116,0.013693063937642646,-0.12500000000002842,-0.12500000000002842,-0.09999999999999432,-0.10000000000005116,-0.0999999999999659
4654.0,-0.10500000000000682,-0.10000000000005116,0.006846531968818728,-0.11250000000001137,-0.11250000000001137,-0.09999999999999432,-0.10000000000005116,-0.0999999999999659
4656.0,-0.11000000000001364,-0.10000000000005116,0.013693063937642646,-0.12500000000002842,-0.12500000000002842,-0.09999999999999432,-0.10000000000005116,-0.0999999999999659
4658.0,-0.11000000000001364,-0.10000000000005116,0.013693063937642646,-0.12500000000002842,-0.12500000000002842,-0.09999999999999432,-0.10000000000005116,-0.0999999999999659
4660.0,-0.11000000000001364,-0.10000000000005116,0.013693063937642646,-0.12500000000002842,-0.12500000000002842,-0.09999999999999432,-0.10000000000005116,-0.0999999999999659
4662.0,-0.10500000000001819,-0.10000000000005116,0.006846531968834294,-0.11250000000003979,-0.11250000000003979,-0.09999999999999432,-0.10000000000005116,-0.0999999999999659
4664.0,-0.11000000000001364,-0.10000000000005116,0.013693063937642646,-0.12500000000002842,-0.12500000000002842,-0.09999999999999432,-0.10000000000005116,-0.0999999999999659
4666.0,-0.11000000000001364,-0.10000000000005116,0.013693063937642646,-0.12500000000002842,-0.12500000000002842,-0.09999999999999432,-0.10000000000005116,-0.0999999999999659
4668.0,-0.11000000000001364,-0.10000000000005116,0.013693063937642646,-0.12500000000002842,-0.12500000000002842,-0.09999999999999432,-0.10000000000005116,-0.0999999999999659
4670.0,-0.10500000000000682,-0.10000000000005116,0.006846531968818728,-0.11250000000001137,-0.11250000000001137,-0.09999999999999432,-0.10000000000005116,-0.0999999999999659
4672.0,-0.11000000000001364,-0.10000000000005116,0.013693063937642646,-0.12500000000002842,-0.12500000000002842,-0.09999999999999432,-0.10000000000005116,-0.0999999999999659
4674.0,-0.11000000000001364,-0.10000000000005116,0.013693063937642646,-0.12500000000002842,-0.12500000000002842,-0.09999999999999432,-0.10000000000005116,-0.0999999999999659
4676.0,-0.10500000000001819,-0.10000000000005116,0.006846531968834294,-0.11250000000003979,-0.11250000000003979,-0.09999999999999432,-0.10000000000005116,-0.0999999999999659
4678.0,-0.11000000000001364,-0.10000000000005116,0.013693063937642646,-0.12500000000002842,-0.12500000000002842,-0.09999999999999432,-0.10000000000005116,-0.0999999999999659
4680.0,-0.11000000000001364,-0.10000000000005116,0.013693063937642646,-0.12500000000002842,-0.12500000000002842,-0.09999999999999432,-0.10000000000005116,-0.0999999999999659
4682.0,-0.10500000000000682,-0.10000000000005116,0.006846531968818728,-0.11250000000001137,-0.11250000000001137,-0.09999999999999432,-0.10000000000005116,-0.0999999999999659
4684.0,-0.10500000000001819,-0.10000000000005116,0.006846531968834294,-0.11250000000003979,-0.11250000000003979,-0.09999999999999432,-0.10000000000005116,-0.0999999999999659
4686.0,-0.11000000000001364,-0.10000000000005116,0.013693063937642646,-0.12500000000002842,-0.12500000000002842,-0.09999999999999432,-0.10000000000005116,-0.0999999999999659
4688.0,-0.11000000000001364,-0.10000000000005116,0.013693063937642646,-0.12500000000002842,-0.12500000000002842,-0.09999999999999432,-0.10000000000005116,-0.0999999999999659
4690.0,-0.11000000000001364,-0.10000000000005116,0.013693063937642646,-0.12500000000002842,-0.12500000000002842,-0.09999999999999432,-0.10000000000005116,-0.0999999999999659
4692.0,-0.11000000000001364,-0.10000000000005116,0.013693063937642646,-0.12500000000002842,-0.12500000000002842,-0.09999999999999432,-0.10000000000005116,-0.0999999999999659
4694.0,-0.10500000000000682,-0.10000000000005116,0.006846531968818728,-0.11250000000001137,-0.11250000000001137,-0.09999999999999432,-0.10000000000005116,-0.0999999999999659
4696.0,-0.11000000000001364,-0.10000000000005116,0.013693063937642646,-0.12500000000002842,-0.12500000000002842,-0.09999999999999432,-0.10000000000005116,-0.0999999999999659
4698.0,-0.11000000000001364,-0.10000000000005116,0.013693063937642646,-0.12500000000002842,-0.12500000000002842,-0.09999999999999432,-0.10000000000005116,-0.0999999999999659
4700.0,-0.10500000000001819,-0.10000000000005116,0.006846531968834294,-0.11250000000003979,-0.11250000000003979,-0.09999999999999432,-0.10000000000005116,-0.0999999999999659
4702.0,-0.11000000000001364,-0.10000000000005116,0.013693063937642646,-0.12500000000002842,-0.12500000000002842,-0.09999999999999432,-0.10000000000005116,-0.0999999999999659
4704.0,-0.10500000000001819,-0.10000000000005116,0.006846531968834294,-0.11250000000003979,-0.11250000000003979,-0.09999999999999432,-0.10000000000005116,-0.0999999999999659
4706.0,-0.11000000000001364,-0.10000000000005116,0.013693063937642646,-0.12500000000002842,-0.12500000000002842,-0.09999999999999432,-0.10000000000005116,-0.0999999999999659
4708.0,-0.11000000000001364,-0.10000000000005116,0.013693063937642646,-0.12500000000002842,-0.12500000000002842,-0.09999999999999432,-0.10000000000005116,-0.0999999999999659
4710.0,-0.10500000000001819,-0.10000000000005116,0.006846531968834294,-0.11250000000003979,-0.11250000000003979,-0.09999999999999432,-0.10000000000005116,-0.0999999999999659
4712.0,-0.11000000000001364,-0.10000000000005116,0.013693063937642646,-0.12500000000002842,-0.12500000000002842,-0.09999999999999432,-0.10000000000005116,-0.0999999999999659
4714.0,-0.10500000000001819,-0.10000000000005116,0.006846531968834294,-0.11250000000003979,-0.11250000000003979,-0.09999999999999432,-0.10000000000005116,-0.0999999999999659
4716.0,-0.11000000000001364,-0.10000000000005116,0.013693063937642646,-0.12500000000002842,-0.12500000000002842,-0.09999999999999432,-0.10000000000005116,-0.0999999999999659
4718.0,-0.10500000000001819,-0.10000000000005116,0.006846531968834294,-0.11250000000003979,-0.11250000000003979,-0.09999999999999432,-0.10000000000005116,-0.0999999999999659
4720.0,-0.11000000000001364,-0.10000000000005116,0.013693063937642646,-0.12500000000002842,-0.12500000000002842,-0.09999999999999432,-0.10000000000005116,-0.0999999999999659
4722.0,-0.11000000000001364,-0.10000000000005116,0.013693063937642646,-0.12500000000002842,-0.12500000000002842,-0.09999999999999432,-0.10000000000005116,-0.0999999999999659
4724.0,-0.11000000000001364,-0.10000000000005116,0.013693063937642646,-0.12500000000002842,-0.12500000000002842,-0.09999999999999432,-0.10000000000005116,-0.0999999999999659
4726.0,-0.11000000000001364,-0.10000000000005116,0.013693063937642646,-0.12500000000002842,-0.12500000000002842,-0.09999999999999432,-0.10000000000005116,-0.0999999999999659
4728.0,-0.11000000000001364,-0.10000000000005116,0.013693063937642646,-0.12500000000002842,-0.12500000000002842,-0.09999999999999432,-0.10000000000005116,-0.0999999999999659
4730.0,-0.11000000000001364,-0.10000000000005116,0.013693063937642646,-0.12500000000002842,-0.12500000000002842,-0.09999999999999432,-0.10000000000005116,-0.0999999999999659
4732.0,-0.11000000000001364,-0.10000000000005116,0.013693063937642646,-0.12500000000002842,-0.12500000000002842,-0.09999999999999432,-0.10000000000005116,-0.0999999999999659
4734.0,-0.11000000000001364,-0.10000000000005116,0.013693063937642646,-0.12500000000002842,-0.12500000000002842,-0.09999999999999432,-0.10000000000005116,-0.0999999999999659
4736.0,-0.11000000000001364,-0.10000000000005116,0.013693063937642646,-0.12500000000002842,-0.12500000000002842,-0.09999999999999432,-0.10000000000005116,-0.0999999999999659
4738.0,-0.11000000000001364,-0.10000000000005116,0.013693063937642646,-0.12500000000002842,-0.12500000000002842,-0.09999999999999432,-0.10000000000005116,-0.0999999999999659
4740.0,-0.11000000000001364,-0.10000000000005116,0.013693063937642646,-0.12500000000002842,-0.12500000000002842,-0.09999999999999432,-0.10000000000005116,-0.0999999999999659
4742.0,-0.10500000000000682,-0.10000000000005116,0.006846531968818728,-0.11250000000001137,-0.11250000000001137,-0.09999999999999432,-0.10000000000005116,-0.0999999999999659
4744.0,-0.11000000000001364,-0.10000000000005116,0.013693063937642646,-0.12500000000002842,-0.12500000000002842,-0.09999999999999432,-0.10000000000005116,-0.0999999999999659
4746.0,-0.11000000000001364,-0.10000000000005116,0.013693063937642646,-0.12500000000002842,-0.12500000000002842,-0.09999999999999432,-0.10000000000005116,-0.0999999999999659
4748.0,-0.11000000000001364,-0.10000000000005116,0.013693063937642646,-0.12500000000002842,-0.12500000000002842,-0.09999999999999432,-0.10000000000005116,-0.0999999999999659
4750.0,-0.1150000000000091,-0.11250000000003979,0.010458250331700404,-0.12500000000002842,-0.12500000000002842,-0.11249999999998295,-0.11250000000003979,-0.0999999999999659
4752.0,-0.11000000000001364,-0.10000000000005116,0.013693063937642646,-0.12500000000002842,-0.12500000000002842,-0.09999999999999432,-0.10000000000005116,-0.0999999999999659
4754.0,-0.11000000000001364,-0.10000000000005116,0.013693063937642646,-0.12500000000002842,-0.12500000000002842,-0.09999999999999432,-0.10000000000005116,-0.0999999999999659
4756.0,-0.11000000000001364,-0.10000000000005116,0.013693063937642646,-0.12500000000002842,-0.12500000000002842,-0.09999999999999432,-0.10000000000005116,-0.0999999999999659
4758.0,-0.10500000000001819,-0.10000000000005116,0.006846531968834294,-0.11250000000003979,-0.11250000000003979,-0.09999999999999432,-0.10000000000005116,-0.0999999999999659
4760.0,-0.11000000000001364,-0.10000000000005116,0.013693063937642646,-0.12500000000002842,-0.12500000000002842,-0.09999999999999432,-0.10000000000005116,-0.0999999999999659
4762.0,-0.11000000000001364,-0.10000000000005116,0.013693063937642646,-0.12500000000002842,-0.12500000000002842,-0.09999999999999432,-0.10000000000005116,-0.0999999999999659
4764.0,-0.11000000000001364,-0.10000000000005116,0.013693063937642646,-0.12500000000002842,-0.12500000000002842,-0.09999999999999432,-0.10000000000005116,-0.0999999999999659
4766.0,-0.11000000000001364,-0.10000000000005116,0.013693063937642646,-0.12500000000002842,-0.12500000000002842,-0.09999999999999432,-0.10000000000005116,-0.0999999999999659
4768.0,-0.11000000000001364,-0.10000000000005116,0.013693063937642646,-0.12500000000002842,-0.12500000000002842,-0.09999999999999432,-0.10000000000005116,-0.0999999999999659
4770.0,-0.11000000000001364,-0.10000000000005116,0.013693063937642646,-0.12500000000002842,-0.12500000000002842,-0.09999999999999432,-0.10000000000005116,-0.0999999999999659
4772.0,-0.11000000000001364,-0.10000000000005116,0.013693063937642646,-0.12500000000002842,-0.12500000000002842,-0.09999999999999432,-0.10000000000005116,-0.0999999999999659
4774.0,-0.11000000000001364,-0.10000000000005116,0.013693063937642646,-0.12500000000002842,-0.12500000000002842,-0.09999999999999432,-0.10000000000005116,-0.0999999999999659
4776.0,-0.11000000000001364,-0.10000000000005116,0.013693063937642646,-0.12500000000002842,-0.12500000000002842,-0.09999999999999432,-0.10000000000005116,-0.0999999999999659
4778.0,-0.11000000000001364,-0.10000000000005116,0.013693063937642646,-0.12500000000002842,-0.12500000000002842,-0.09999999999999432,-0.10000000000005116,-0.0999999999999659
4780.0,-0.11000000000001364,-0.10000000000005116,0.013693063937642646,-0.12500000000002842,-0.12500000000002842,-0.09999999999999432,-0.10000000000005116,-0.0999999999999659
4782.0,-0.11000000000001364,-0.10000000000005116,0.013693063937642646,-0.12500000000002842,-0.12500000000002842,-0.09999999999999432,-0.10000000000005116,-0.0999999999999659
4784.0,-0.11000000000001364,-0.10000000000005116,0.013693063937642646,-0.12500000000002842,-0.12500000000002842,-0.09999999999999432,-0.10000000000005116,-0.0999999999999659
4786.0,-0.11000000000001364,-0.10000000000005116,0.013693063937642646,-0.12500000000002842,-0.12500000000002842,-0.09999999999999432,-0.10000000000005116,-0.0999999999999659
4788.0,-0.10500000000001819,-0.10000000000005116,0.006846531968834294,-0.11250000000003979,-0.11250000000003979,-0.09999999999999432,-0.10000000000005116,-0.0999999999999659
4790.0,-0.11000000000001364,-0.10000000000005116,0.013693063937642646,-0.12500000000002842,-0.12500000000002842,-0.09999999999999432,-0.10000000000005116,-0.0999999999999659
4792.0,-0.11000000000001364,-0.10000000000005116,0.013693063937642646,-0.12500000000002842,-0.12500000000002842,-0.09999999999999432,-0.10000000000005116,-0.0999999999999659
4794.0,-0.10500000000001819,-0.10000000000005116,0.006846531968834294,-0.11250000000003979,-0.11250000000003979,-0.09999999999999432,-0.10000000000005116,-0.0999999999999659
4796.0,-0.10500000000000682,-0.10000000000005116,0.006846531968818728,-0.11250000000001137,-0.11250000000001137,-0.09999999999999432,-0.10000000000005116,-0.0999999999999659
4798.0,-0.11000000000001364,-0.10000000000005116,0.013693063937642646,-0.12500000000002842,-0.12500000000002842,-0.09999999999999432,-0.10000000000005116,-0.0999999999999659
4800.0,-0.11000000000001364,-0.10000000000005116,0.013693063937642646,-0.12500000000002842,-0.12500000000002842,-0.09999999999999432,-0.10000000000005116,-0.0999999999999659
4802.0,-0.11000000000001364,-0.10000000000005116,0.013693063937642646,-0.12500000000002842,-0.12500000000002842,-0.09999999999999432,-0.10000000000005116,-0.0999999999999659
4804.0,-0.10500000000001819,-0.10000000000005116,0.006846531968834294,-0.11250000000003979,-0.11250000000003979,-0.09999999999999432,-0.10000000000005116,-0.0999999999999659
4806.0,-0.11000000000001364,-0.10000000000005116,0.013693063937642646,-0.12500000000002842,-0.12500000000002842,-0.09999999999999432,-0.10000000000005116,-0.0999999999999659
4808.0,-0.10000000000001137,-0.10000000000002274,3.240573478043448e-14,-0.10000000000002274,-0.10000000000002274,-0.09999999999999432,-0.10000000000005116,-0.0999999999999659
4810.0,-0.11000000000001364,-0.10000000000005116,0.013693063937642646,-0.12500000000002842,-0.12500000000002842,-0.09999999999999432,-0.10000000000005116,-0.0999999999999659
4812.0,-0.11000000000001364,-0.10000000000005116,0.013693063937642646,-0.12500000000002842,-0.12500000000002842,-0.09999999999999432,-0.10000000000005116,-0.0999999999999659
4814.0,-0.11000000000001364,-0.10000000000005116,0.013693063937642646,-0.12500000000002842,-0.12500000000002842,-0.09999999999999432,-0.10000000000005116,-0.0999999999999659
4816.0,-0.11000000000001364,-0.10000000000005116,0.013693063937642646,-0.12500000000002842,-0.12500000000002842,-0.09999999999999432,-0.10000000000005116,-0.0999999999999659
4818.0,-0.11000000000001364,-0.10000000000005116,0.013693063937642646,-0.12500000000002842,-0.12500000000002842,-0.09999999999999432,-0.10000000000005116,-0.0999999999999659
4820.0,-0.11000000000001364,-0.10000000000005116,0.013693063937642646,-0.12500000000002842,-0.12500000000002842,-0.09999999999999432,-0.10000000000005116,-0.0999999999999659
4822.0,-0.11000000000001364,-0.10000000000005116,0.013693063937642646,-0.12500000000002842,-0.12500000000002842,-0.09999999999999432,-0.10000000000005116,-0.0999999999999659
4824.0,-0.11000000000001364,-0.10000000000005116,0.013693063937642646,-0.12500000000002842,-0.12500000000002842,-0.09999999999999432,-0.10000000000005116,-0.0999999999999659
4826.0,-0.11000000000001364,-0.10000000000005116,0.013693063937642646,-0.12500000000002842,-0.12500000000002842,-0.09999999999999432,-0.10000000000005116,-0.0999999999999659
4828.0,-0.11000000000001364,-0.10000000000005116,0.013693063937642646,-0.12500000000002842,-0.12500000000002842,-0.09999999999999432,-0.10000000000005116,-0.0999999999999659
4830.0,-0.11000000000001364,-0.10000000000005116,0.013693063937642646,-0.12500000000002842,-0.12500000000002842,-0.09999999999999432,-0.10000000000005116,-0.0999999999999659
4832.0,-0.10500000000001819,-0.10000000000005116,0.006846531968834294,-0.11250000000003979,-0.11250000000003979,-0.09999999999999432,-0.10000000000005116,-0.0999999999999659
4834.0,-0.10000000000001137,-0.10000000000002274,3.240573478043448e-14,-0.10000000000002274,-0.10000000000002274,-0.09999999999999432,-0.10000000000005116,-0.0999999999999659
4836.0,-0.10500000000001819,-0.10000000000005116,0.006846531968834294,-0.11250000000003979,-0.11250000000003979,-0.09999999999999432,-0.10000000000005116,-0.0999999999999659
4838.0,-0.11000000000001364,-0.10000000000005116,0.013693063937642646,-0.12500000000002842,-0.12500000000002842,-0.09999999999999432,-0.10000000000005116,-0.0999999999999659
4840.0,-0.11000000000001364,-0.10000000000005116,0.013693063937642646,-0.12500000000002842,-0.12500000000002842,-0.09999999999999432,-0.10000000000005116,-0.0999999999999659
4842.0,-0.11000000000001364,-0.10000000000005116,0.013693063937642646,-0.12500000000002842,-0.12500000000002842,-0.09999999999999432,-0.10000000000005116,-0.0999999999999659
4844.0,-0.10500000000000682,-0.10000000000005116,0.006846531968818728,-0.11250000000001137,-0.11250000000001137,-0.09999999999999432,-0.10000000000005116,-0.0999999999999659
4846.0,-0.11000000000001364,-0.10000000000005116,0.013693063937642646,-0.12500000000002842,-0.12500000000002842,-0.09999999999999432,-0.10000000000005116,-0.0999999999999659
4848.0,-0.10500000000001819,-0.10000000000005116,0.006846531968834294,-0.11250000000003979,-0.11250000000003979,-0.09999999999999432,-0.10000000000005116,-0.0999999999999659
4850.0,-0.11000000000001364,-0.10000000000005116,0.013693063937642646,-0.12500000000002842,-0.12500000000002842,-0.09999999999999432,-0.10000000000005116,-0.0999999999999659
4852.0,-0.11000000000001364,-0.10000000000005116,0.013693063937642646,-0.12500000000002842,-0.12500000000002842,-0.09999999999999432,-0.10000000000005116,-0.0999999999999659
4854.0,-0.11000000000001364,-0.10000000000005116,0.013693063937642646,-0.12500000000002842,-0.12500000000002842,-0.09999999999999432,-0.10000000000005116,-0.0999999999999659
4856.0,-0.11000000000001364,-0.10000000000005116,0.013693063937642646,-0.12500000000002842,-0.12500000000002842,-0.09999999999999432,-0.10000000000005116,-0.0999999999999659
4858.0,-0.11000000000001364,-0.10000000000005116,0.013693063937642646,-0.12500000000002842,-0.12500000000002842,-0.09999999999999432,-0.10000000000005116,-0.0999999999999659
4860.0,-0.10500000000000682,-0.10000000000005116,0.006846531968818728,-0.11250000000001137,-0.11250000000001137,-0.09999999999999432,-0.10000000000005116,-0.0999999999999659
4862.0,-0.11000000000001364,-0.10000000000005116,0.013693063937642646,-0.12500000000002842,-0.12500000000002842,-0.09999999999999432,-0.10000000000005116,-0.0999999999999659
4864.0,-0.11000000000001364,-0.10000000000005116,0.013693063937642646,-0.12500000000002842,-0.12500000000002842,-0.09999999999999432,-0.10000000000005116,-0.0999999999999659
4866.0,-0.12000000000001591,-0.11250000000003979,0.016770509831279777,-0.13750000000004547,-0.13750000000004547,-0.11249999999998295,-0.11250000000003979,-0.0999999999999659
4868.0,-0.11000000000001364,-0.10000000000005116,0.013693063937642646,-0.12500000000002842,-0.12500000000002842,-0.09999999999999432,-0.10000000000005116,-0.0999999999999659
4870.0,-0.11000000000001364,-0.10000000000005116,0.013693063937642646,-0.12500000000002842,-0.12500000000002842,-0.09999999999999432,-0.10000000000005116,-0.0999999999999659
4872.0,-0.11000000000001364,-0.10000000000005116,0.013693063937642646,-0.12500000000002842,-0.12500000000002842,-0.09999999999999432,-0.10000000000005116,-0.0999999999999659
4874.0,-0.10000000000001137,-0.10000000000002274,3.240573478043448e-14,-0.10000000000002274,-0.10000000000002274,-0.09999999999999432,-0.10000000000005116,-0.0999999999999659
4876.0,-0.11000000000001364,-0.10000000000005116,0.013693063937642646,-0.12500000000002842,-0.12500000000002842,-0.09999999999999432,-0.10000000000005116,-0.0999999999999659
4878.0,-0.11000000000001364,-0.10000000000005116,0.013693063937642646,-0.12500000000002842,-0.12500000000002842,-0.09999999999999432,-0.10000000000005116,-0.0999999999999659
4880.0,-0.11000000000001364,-0.10000000000005116,0.013693063937642646,-0.12500000000002842,-0.12500000000002842,-0.09999999999999432,-0.10000000000005116,-0.0999999999999659
4882.0,-0.11000000000001364,-0.10000000000005116,0.013693063937642646,-0.12500000000002842,-0.12500000000002842,-0.09999999999999432,-0.10000000000005116,-0.0999999999999659
4884.0,-0.11000000000001364,-0.10000000000005116,0.013693063937642646,-0.12500000000002842,-0.12500000000002842,-0.09999999999999432,-0.10000000000005116,-0.0999999999999659
4886.0,-0.11000000000001364,-0.10000000000005116,0.013693063937642646,-0.12500000000002842,-0.12500000000002842,-0.09999999999999432,-0.10000000000005116,-0.0999999999999659
4888.0,-0.11000000000001364,-0.10000000000005116,0.013693063937642646,-0.12500000000002842,-0.12500000000002842,-0.09999999999999432,-0.10000000000005116,-0.0999999999999659
4890.0,-0.11000000000001364,-0.10000000000005116,0.013693063937642646,-0.12500000000002842,-0.12500000000002842,-0.09999999999999432,-0.10000000000005116,-0.0999999999999659
4892.0,-0.10000000000001137,-0.10000000000002274,3.240573478043448e-14,-0.10000000000002274,-0.10000000000002274,-0.09999999999999432,-0.10000000000005116,-0.0999999999999659
4894.0,-0.11000000000001364,-0.10000000000005116,0.013693063937642646,-0.12500000000002842,-0.12500000000002842,-0.09999999999999432,-0.10000000000005116,-0.0999999999999659
4896.0,-0.11000000000001364,-0.10000000000005116,0.013693063937642646,-0.12500000000002842,-0.12500000000002842,-0.09999999999999432,-0.10000000000005116,-0.0999999999999659
4898.0,-0.11000000000001364,-0.10000000000005116,0.013693063937642646,-0.12500000000002842,-0.12500000000002842,-0.09999999999999432,-0.10000000000005116,-0.0999999999999659
4900.0,-0.11000000000001364,-0.10000000000005116,0.013693063937642646,-0.12500000000002842,-0.12500000000002842,-0.09999999999999432,-0.10000000000005116,-0.0999999999999659
4902.0,-0.11000000000001364,-0.10000000000005116,0.013693063937642646,-0.12500000000002842,-0.12500000000002842,-0.09999999999999432,-0.10000000000005116,-0.0999999999999659
4904.0,-0.10500000000001819,-0.10000000000005116,0.006846531968834294,-0.11250000000003979,-0.11250000000003979,-0.09999999999999432,-0.10000000000005116,-0.0999999999999659
4906.0,-0.11000000000001364,-0.10000000000005116,0.013693063937642646,-0.12500000000002842,-0.12500000000002842,-0.09999999999999432,-0.10000000000005116,-0.0999999999999659
4908.0,-0.10500000000001819,-0.10000000000005116,0.006846531968834294,-0.11250000000003979,-0.11250000000003979,-0.09999999999999432,-0.10000000000005116,-0.0999999999999659
4910.0,-0.11000000000001364,-0.10000000000005116,0.013693063937642646,-0.12500000000002842,-0.12500000000002842,-0.09999999999999432,-0.10000000000005116,-0.0999999999999659
4912.0,-0.12000000000001591,-0.11250000000003979,0.016770509831279777,-0.13750000000004547,-0.13750000000004547,-0.11249999999998295,-0.11250000000003979,-0.0999999999999659
4914.0,-0.11000000000001364,-0.10000000000005116,0.013693063937642646,-0.12500000000002842,-0.12500000000002842,-0.09999999999999432,-0.10000000000005116,-0.0999999999999659
4916.0,-0.11000000000001364,-0.10000000000005116,0.013693063937642646,-0.12500000000002842,-0.12500000000002842,-0.09999999999999432,-0.10000000000005116,-0.0999999999999659
4918.0,-0.11000000000001364,-0.10000000000005116,0.013693063937642646,-0.12500000000002842,-0.12500000000002842,-0.09999999999999432,-0.10000000000005116,-0.0999999999999659
4920.0,-0.11000000000001364,-0.10000000000005116,0.013693063937642646,-0.12500000000002842,-0.12500000000002842,-0.09999999999999432,-0.10000000000005116,-0.0999999999999659
4922.0,-0.11000000000001364,-0.10000000000005116,0.013693063937642646,-0.12500000000002842,-0.12500000000002842,-0.09999999999999432,-0.10000000000005116,-0.0999999999999659
4924.0,-0.11000000000001364,-0.10000000000005116,0.013693063937642646,-0.12500000000002842,-0.12500000000002842,-0.09999999999999432,-0.10000000000005116,-0.0999999999999659
4926.0,-0.11000000000001364,-0.10000000000005116,0.013693063937642646,-0.12500000000002842,-0.12500000000002842,-0.09999999999999432,-0.10000000000005116,-0.0999999999999659
4928.0,-0.10500000000001819,-0.10000000000005116,0.006846531968834294,-0.11250000000003979,-0.11250000000003979,-0.09999999999999432,-0.10000000000005116,-0.0999999999999659
4930.0,-0.11000000000001364,-0.10000000000005116,0.013693063937642646,-0.12500000000002842,-0.12500000000002842,-0.09999999999999432,-0.10000000000005116,-0.0999999999999659
4932.0,-0.11000000000001364,-0.10000000000005116,0.013693063937642646,-0.12500000000002842,-0.12500000000002842,-0.09999999999999432,-0.10000000000005116,-0.0999999999999659
4934.0,-0.11000000000001364,-0.10000000000005116,0.013693063937642646,-0.12500000000002842,-0.12500000000002842,-0.09999999999999432,-0.10000000000005116,-0.0999999999999659
4936.0,-0.10500000000000682,-0.10000000000005116,0.006846531968818728,-0.11250000000001137,-0.11250000000001137,-0.09999999999999432,-0.10000000000005116,-0.0999999999999659
4938.0,-0.11000000000001364,-0.10000000000005116,0.013693063937642646,-0.12500000000002842,-0.12500000000002842,-0.09999999999999432,-0.10000000000005116,-0.0999999999999659
4940.0,-0.11000000000001364,-0.10000000000005116,0.013693063937642646,-0.12500000000002842,-0.12500000000002842,-0.09999999999999432,-0.10000000000005116,-0.0999999999999659
4942.0,-0.10500000000001819,-0.10000000000005116,0.006846531968834294,-0.11250000000003979,-0.11250000000003979,-0.09999999999999432,-0.10000000000005116,-0.0999999999999659
4944.0,-0.11000000000001364,-0.10000000000005116,0.013693063937642646,-0.12500000000002842,-0.12500000000002842,-0.09999999999999432,-0.10000000000005116,-0.0999999999999659
4946.0,-0.11000000000001364,-0.10000000000005116,0.013693063937642646,-0.12500000000002842,-0.12500000000002842,-0.09999999999999432,-0.10000000000005116,-0.0999999999999659
4948.0,-0.11000000000001364,-0.10000000000005116,0.013693063937642646,-0.12500000000002842,-0.12500000000002842,-0.09999999999999432,-0.10000000000005116,-0.0999999999999659
4950.0,-0.10666666666668334,-0.10000000000005116,0.009128709291770412,-0.11666666666670267,-0.11666666666670267,-0.09999999999999432,-0.10000000000005116,-0.0999999999999659
4952.0,-0.11000000000001364,-0.10000000000005116,0.013693063937642646,-0.12500000000002842,-0.12500000000002842,-0.09999999999999432,-0.10000000000005116,-0.0999999999999659
4954.0,-0.10500000000000682,-0.10000000000005116,0.006846531968818728,-0.11250000000001137,-0.11250000000001137,-0.09999999999999432,-0.10000000000005116,-0.0999999999999659
4956.0,-0.11000000000001364,-0.10000000000005116,0.013693063937642646,-0.12500000000002842,-0.12500000000002842,-0.09999999999999432,-0.10000000000005116,-0.0999999999999659
4958.0,-0.11000000000001364,-0.10000000000005116,0.013693063937642646,-0.12500000000002842,-0.12500000000002842,-0.09999999999999432,-0.10000000000005116,-0.0999999999999659
4960.0,-0.11000000000001364,-0.10000000000005116,0.013693063937642646,-0.12500000000002842,-0.12500000000002842,-0.09999999999999432,-0.10000000000005116,-0.0999999999999659
4962.0,-0.11000000000001364,-0.10000000000005116,0.013693063937642646,-0.12500000000002842,-0.12500000000002842,-0.09999999999999432,-0.10000000000005116,-0.0999999999999659
4964.0,-0.11000000000001364,-0.10000000000005116,0.013693063937642646,-0.12500000000002842,-0.12500000000002842,-0.09999999999999432,-0.10000000000005116,-0.0999999999999659
4966.0,-0.11000000000001364,-0.10000000000005116,0.013693063937642646,-0.12500000000002842,-0.12500000000002842,-0.09999999999999432,-0.10000000000005116,-0.0999999999999659
4968.0,-0.11000000000001364,-0.10000000000005116,0.013693063937642646,-0.12500000000002842,-0.12500000000002842,-0.09999999999999432,-0.10000000000005116,-0.0999999999999659
4970.0,-0.10500000000000682,-0.10000000000005116,0.006846531968818728,-0.11250000000001137,-0.11250000000001137,-0.09999999999999432,-0.10000000000005116,-0.0999999999999659
4972.0,-0.10500000000001819,-0.10000000000005116,0.006846531968834294,-0.11250000000003979,-0.11250000000003979,-0.09999999999999432,-0.10000000000005116,-0.0999999999999659
4974.0,-0.11000000000001364,-0.10000000000005116,0.013693063937642646,-0.12500000000002842,-0.12500000000002842,-0.09999999999999432,-0.10000000000005116,-0.0999999999999659
4976.0,-0.11000000000001364,-0.10000000000005116,0.013693063937642646,-0.12500000000002842,-0.12500000000002842,-0.09999999999999432,-0.10000000000005116,-0.0999999999999659
4978.0,-0.11000000000001364,-0.10000000000005116,0.013693063937642646,-0.12500000000002842,-0.12500000000002842,-0.09999999999999432,-0.10000000000005116,-0.0999999999999659
4980.0,-0.11000000000001364,-0.10000000000005116,0.013693063937642646,-0.12500000000002842,-0.12500000000002842,-0.09999999999999432,-0.10000000000005116,-0.0999999999999659
4982.0,-0.11000000000001364,-0.10000000000005116,0.013693063937642646,-0.12500000000002842,-0.12500000000002842,-0.09999999999999432,-0.10000000000005116,-0.0999999999999659
4984.0,-0.11000000000001364,-0.10000000000005116,0.013693063937642646,-0.12500000000002842,-0.12500000000002842,-0.09999999999999432,-0.10000000000005116,-0.0999999999999659
4986.0,-0.11000000000001364,-0.10000000000005116,0.013693063937642646,-0.12500000000002842,-0.12500000000002842,-0.09999999999999432,-0.10000000000005116,-0.0999999999999659
4988.0,-0.11000000000001364,-0.10000000000005116,0.013693063937642646,-0.12500000000002842,-0.12500000000002842,-0.09999999999999432,-0.10000000000005116,-0.0999999999999659
4990.0,-0.11000000000001364,-0.10000000000005116,0.013693063937642646,-0.12500000000002842,-0.12500000000002842,-0.09999999999999432,-0.10000000000005116,-0.0999999999999659
4992.0,-0.11000000000001364,-0.10000000000005116,0.013693063937642646,-0.12500000000002842,-0.12500000000002842,-0.09999999999999432,-0.10000000000005116,-0.0999999999999659
4994.0,-0.11000000000001364,-0.10000000000005116,0.013693063937642646,-0.12500000000002842,-0.12500000000002842,-0.09999999999999432,-0.10000000000005116,-0.0999999999999659
4996.0,-0.11000000000001364,-0.10000000000005116,0.013693063937642646,-0.12500000000002842,-0.12500000000002842,-0.09999999999999432,-0.10000000000005116,-0.0999999999999659
4998.0,-0.10500000000001819,-0.10000000000005116,0.006846531968834294,-0.11250000000003979,-0.11250000000003979,-0.09999999999999432,-0.10000000000005116,-0.0999999999999659
5000.0,-0.11000000000001364,-0.10000000000005116,0.013693063937642646,-0.12500000000002842,-0.12500000000002842,-0.09999999999999432,-0.10000000000005116,-0.0999999999999659
5002.0,-0.10500000000000682,-0.10000000000005116,0.006846531968818728,-0.11250000000001137,-0.11250000000001137,-0.09999999999999432,-0.10000000000005116,-0.0999999999999659
5004.0,-0.11000000000001364,-0.10000000000005116,0.013693063937642646,-0.12500000000002842,-0.12500000000002842,-0.09999999999999432,-0.10000000000005116,-0.0999999999999659
5006.0,-0.11000000000001364,-0.10000000000005116,0.013693063937642646,-0.12500000000002842,-0.12500000000002842,-0.09999999999999432,-0.10000000000005116,-0.0999999999999659
5008.0,-0.11000000000001364,-0.10000000000005116,0.013693063937642646,-0.12500000000002842,-0.12500000000002842,-0.09999999999999432,-0.10000000000005116,-0.0999999999999659
5010.0,-0.11000000000001364,-0.10000000000005116,0.013693063937642646,-0.12500000000002842,-0.12500000000002842,-0.09999999999999432,-0.10000000000005116,-0.0999999999999659
5012.0,-0.11000000000001364,-0.10000000000005116,0.013693063937642646,-0.12500000000002842,-0.12500000000002842,-0.09999999999999432,-0.10000000000005116,-0.0999999999999659
5014.0,-0.11000000000001364,-0.10000000000005116,0.013693063937642646,-0.12500000000002842,-0.12500000000002842,-0.09999999999999432,-0.10000000000005116,-0.0999999999999659
5016.0,-0.10500000000000682,-0.10000000000005116,0.006846531968818728,-0.11250000000001137,-0.11250000000001137,-0.09999999999999432,-0.10000000000005116,-0.0999999999999659
5018.0,-0.10500000000001819,-0.10000000000005116,0.006846531968834294,-0.11250000000003979,-0.11250000000003979,-0.09999999999999432,-0.10000000000005116,-0.0999999999999659
5020.0,-0.11000000000001364,-0.10000000000005116,0.013693063937642646,-0.12500000000002842,-0.12500000000002842,-0.09999999999999432,-0.10000000000005116,-0.0999999999999659
5022.0,-0.11000000000001364,-0.10000000000005116,0.013693063937642646,-0.12500000000002842,-0.12500000000002842,-0.09999999999999432,-0.10000000000005116,-0.0999999999999659
5024.0,-0.11000000000001364,-0.10000000000005116,0.013693063937642646,-0.12500000000002842,-0.12500000000002842,-0.09999999999999432,-0.10000000000005116,-0.0999999999999659
5026.0,-0.1050000000000125,-0.11250000000001137,0.024366985862045446,-0.13750000000001705,-0.11250000000001137,-0.08750000000000568,-0.11250000000006821,-0.07499999999996021
5028.0,-0.11000000000001364,-0.10000000000005116,0.013693063937642646,-0.12500000000002842,-0.12500000000002842,-0.09999999999999432,-0.10000000000005116,-0.0999999999999659
5030.0,-0.11000000000001364,-0.10000000000005116,0.013693063937642646,-0.12500000000002842,-0.12500000000002842,-0.09999999999999432,-0.10000000000005116,-0.0999999999999659
5032.0,-0.11000000000001364,-0.10000000000005116,0.013693063937642646,-0.12500000000002842,-0.12500000000002842,-0.09999999999999432,-0.10000000000005116,-0.0999999999999659
5034.0,-0.11000000000001364,-0.10000000000005116,0.013693063937642646,-0.12500000000002842,-0.12500000000002842,-0.09999999999999432,-0.10000000000005116,-0.0999999999999659
5036.0,-0.10500000000001819,-0.10000000000005116,0.006846531968834294,-0.11250000000003979,-0.11250000000003979,-0.09999999999999432,-0.10000000000005116,-0.0999999999999659
5038.0,-0.11000000000001364,-0.10000000000005116,0.013693063937642646,-0.12500000000002842,-0.12500000000002842,-0.09999999999999432,-0.10000000000005116,-0.0999999999999659
5040.0,-0.11000000000001364,-0.10000000000005116,0.013693063937642646,-0.12500000000002842,-0.12500000000002842,-0.09999999999999432,-0.10000000000005116,-0.0999999999999659
5042.0,-0.11000000000001364,-0.10000000000005116,0.013693063937642646,-0.12500000000002842,-0.12500000000002842,-0.09999999999999432,-0.10000000000005116,-0.0999999999999659
5044.0,-0.10500000000001819,-0.10000000000005116,0.006846531968834294,-0.11250000000003979,-0.11250000000003979,-0.09999999999999432,-0.10000000000005116,-0.0999999999999659
5046.0,-0.11000000000001364,-0.10000000000005116,0.013693063937642646,-0.12500000000002842,-0.12500000000002842,-0.09999999999999432,-0.10000000000005116,-0.0999999999999659
5048.0,-0.11000000000001364,-0.10000000000005116,0.013693063937642646,-0.12500000000002842,-0.12500000000002842,-0.09999999999999432,-0.10000000000005116,-0.0999999999999659
5050.0,-0.11000000000001364,-0.10000000000005116,0.013693063937642646,-0.12500000000002842,-0.12500000000002842,-0.09999999999999432,-0.10000000000005116,-0.0999999999999659
5052.0,-0.10500000000001819,-0.10000000000005116,0.006846531968834294,-0.11250000000003979,-0.11250000000003979,-0.09999999999999432,-0.10000000000005116,-0.0999999999999659
5054.0,-0.11000000000001364,-0.10000000000005116,0.013693063937642646,-0.12500000000002842,-0.12500000000002842,-0.09999999999999432,-0.10000000000005116,-0.0999999999999659
5056.0,-0.11000000000001364,-0.10000000000005116,0.013693063937642646,-0.12500000000002842,-0.12500000000002842,-0.09999999999999432,-0.10000000000005116,-0.0999999999999659
5058.0,-0.11000000000001364,-0.10000000000005116,0.013693063937642646,-0.12500000000002842,-0.12500000000002842,-0.09999999999999432,-0.10000000000005116,-0.0999999999999659
5060.0,-0.10500000000001819,-0.10000000000005116,0.006846531968834294,-0.11250000000003979,-0.11250000000003979,-0.09999999999999432,-0.10000000000005116,-0.0999999999999659
5062.0,-0.11000000000001364,-0.10000000000005116,0.013693063937642646,-0.12500000000002842,-0.12500000000002842,-0.09999999999999432,-0.10000000000005116,-0.0999999999999659
5064.0,-0.11000000000001364,-0.10000000000005116,0.013693063937642646,-0.12500000000002842,-0.12500000000002842,-0.09999999999999432,-0.10000000000005116,-0.0999999999999659
5066.0,-0.10500000000000682,-0.10000000000005116,0.006846531968818728,-0.11250000000001137,-0.11250000000001137,-0.09999999999999432,-0.10000000000005116,-0.0999999999999659
5068.0,-0.11000000000001364,-0.10000000000005116,0.013693063937642646,-0.12500000000002842,-0.12500000000002842,-0.09999999999999432,-0.10000000000005116,-0.0999999999999659
5070.0,-0.11000000000001364,-0.10000000000005116,0.013693063937642646,-0.12500000000002842,-0.12500000000002842,-0.09999999999999432,-0.10000000000005116,-0.0999999999999659
5072.0,-0.11000000000001364,-0.10000000000005116,0.013693063937642646,-0.12500000000002842,-0.12500000000002842,-0.09999999999999432,-0.10000000000005116,-0.0999999999999659
5074.0,-0.11000000000001364,-0.10000000000005116,0.013693063937642646,-0.12500000000002842,-0.12500000000002842,-0.09999999999999432,-0.10000000000005116,-0.0999999999999659
5076.0,-0.11000000000001364,-0.10000000000005116,0.013693063937642646,-0.12500000000002842,-0.12500000000002842,-0.09999999999999432,-0.10000000000005116,-0.0999999999999659
5078.0,-0.11000000000001364,-0.10000000000005116,0.013693063937642646,-0.12500000000002842,-0.12500000000002842,-0.09999999999999432,-0.10000000000005116,-0.0999999999999659
5080.0,-0.11000000000001364,-0.10000000000005116,0.013693063937642646,-0.12500000000002842,-0.12500000000002842,-0.09999999999999432,-0.10000000000005116,-0.0999999999999659
5082.0,-0.11000000000001364,-0.10000000000005116,0.013693063937642646,-0.12500000000002842,-0.12500000000002842,-0.09999999999999432,-0.10000000000005116,-0.0999999999999659
5084.0,-0.11000000000001364,-0.10000000000005116,0.013693063937642646,-0.12500000000002842,-0.12500000000002842,-0.09999999999999432,-0.10000000000005116,-0.0999999999999659
5086.0,-0.11000000000001364,-0.10000000000005116,0.013693063937642646,-0.12500000000002842,-0.12500000000002842,-0.09999999999999432,-0.10000000000005116,-0.0999999999999659
5088.0,-0.11000000000001364,-0.10000000000005116,0.013693063937642646,-0.12500000000002842,-0.12500000000002842,-0.09999999999999432,-0.10000000000005116,-0.0999999999999659
5090.0,-0.11000000000001364,-0.10000000000005116,0.013693063937642646,-0.12500000000002842,-0.12500000000002842,-0.09999999999999432,-0.10000000000005116,-0.0999999999999659
5092.0,-0.11000000000001364,-0.10000000000005116,0.013693063937642646,-0.12500000000002842,-0.12500000000002842,-0.09999999999999432,-0.10000000000005116,-0.0999999999999659
5094.0,-0.11000000000001364,-0.10000000000005116,0.013693063937642646,-0.12500000000002842,-0.12500000000002842,-0.09999999999999432,-0.10000000000005116,-0.0999999999999659
5096.0,-0.11000000000001364,-0.10000000000005116,0.013693063937642646,-0.12500000000002842,-0.12500000000002842,-0.09999999999999432,-0.10000000000005116,-0.0999999999999659
5098.0,-0.11000000000001364,-0.10000000000005116,0.013693063937642646,-0.12500000000002842,-0.12500000000002842,-0.09999999999999432,-0.10000000000005116,-0.0999999999999659
5100.0,-0.10500000000001819,-0.10000000000005116,0.006846531968834294,-0.11250000000003979,-0.11250000000003979,-0.09999999999999432,-0.10000000000005116,-0.0999999999999659
5102.0,-0.11000000000001364,-0.10000000000005116,0.013693063937642646,-0.12500000000002842,-0.12500000000002842,-0.09999999999999432,-0.10000000000005116,-0.0999999999999659
5104.0,-0.11000000000001364,-0.10000000000005116,0.013693063937642646,-0.12500000000002842,-0.12500000000002842,-0.09999999999999432,-0.10000000000005116,-0.0999999999999659
5106.0,-0.10500000000000682,-0.10000000000005116,0.006846531968818728,-0.11250000000001137,-0.11250000000001137,-0.09999999999999432,-0.10000000000005116,-0.0999999999999659
5108.0,-0.11000000000001364,-0.10000000000005116,0.013693063937642646,-0.12500000000002842,-0.12500000000002842,-0.09999999999999432,-0.10000000000005116,-0.0999999999999659
5110.0,-0.11000000000001364,-0.10000000000005116,0.013693063937642646,-0.12500000000002842,-0.12500000000002842,-0.09999999999999432,-0.10000000000005116,-0.0999999999999659
5112.0,-0.11000000000001364,-0.10000000000005116,0.013693063937642646,-0.12500000000002842,-0.12500000000002842,-0.09999999999999432,-0.10000000000005116,-0.0999999999999659
5114.0,-0.11000000000001364,-0.10000000000005116,0.013693063937642646,-0.12500000000002842,-0.12500000000002842,-0.09999999999999432,-0.10000000000005116,-0.0999999999999659
5116.0,-0.10500000000001819,-0.10000000000005116,0.006846531968834294,-0.11250000000003979,-0.11250000000003979,-0.09999999999999432,-0.10000000000005116,-0.0999999999999659
5118.0,-0.11000000000001364,-0.10000000000005116,0.013693063937642646,-0.12500000000002842,-0.12500000000002842,-0.09999999999999432,-0.10000000000005116,-0.0999999999999659
5120.0,-0.11000000000001364,-0.10000000000005116,0.013693063937642646,-0.12500000000002842,-0.12500000000002842,-0.09999999999999432,-0.10000000000005116,-0.0999999999999659
5122.0,-0.11000000000001364,-0.10000000000005116,0.013693063937642646,-0.12500000000002842,-0.12500000000002842,-0.09999999999999432,-0.10000000000005116,-0.0999999999999659
5124.0,-0.10500000000000682,-0.10000000000005116,0.006846531968818728,-0.11250000000001137,-0.11250000000001137,-0.09999999999999432,-0.10000000000005116,-0.0999999999999659
5126.0,-0.11000000000001364,-0.10000000000005116,0.013693063937642646,-0.12500000000002842,-0.12500000000002842,-0.09999999999999432,-0.10000000000005116,-0.0999999999999659
5128.0,-0.12000000000001591,-0.11250000000003979,0.016770509831279777,-0.13750000000004547,-0.13750000000004547,-0.11249999999998295,-0.11250000000003979,-0.0999999999999659
5130.0,-0.11000000000001364,-0.10000000000005116,0.013693063937642646,-0.12500000000002842,-0.12500000000002842,-0.09999999999999432,-0.10000000000005116,-0.0999999999999659
5132.0,-0.11000000000001364,-0.10000000000005116,0.013693063937642646,-0.12500000000002842,-0.12500000000002842,-0.09999999999999432,-0.10000000000005116,-0.0999999999999659
5134.0,-0.11000000000001364,-0.10000000000005116,0.013693063937642646,-0.12500000000002842,-0.12500000000002842,-0.09999999999999432,-0.10000000000005116,-0.0999999999999659
5136.0,-0.10500000000000682,-0.10000000000005116,0.006846531968818728,-0.11250000000001137,-0.11250000000001137,-0.09999999999999432,-0.10000000000005116,-0.0999999999999659
5138.0,-0.11000000000001364,-0.10000000000005116,0.013693063937642646,-0.12500000000002842,-0.12500000000002842,-0.09999999999999432,-0.10000000000005116,-0.0999999999999659
5140.0,-0.11000000000001364,-0.10000000000005116,0.013693063937642646,-0.12500000000002842,-0.12500000000002842,-0.09999999999999432,-0.10000000000005116,-0.0999999999999659
5142.0,-0.10500000000001819,-0.10000000000005116,0.006846531968834294,-0.11250000000003979,-0.11250000000003979,-0.09999999999999432,-0.10000000000005116,-0.0999999999999659
5144.0,-0.11000000000001364,-0.10000000000005116,0.013693063937642646,-0.12500000000002842,-0.12500000000002842,-0.09999999999999432,-0.10000000000005116,-0.0999999999999659
5146.0,-0.11000000000001364,-0.10000000000005116,0.013693063937642646,-0.12500000000002842,-0.12500000000002842,-0.09999999999999432,-0.10000000000005116,-0.0999999999999659
5148.0,-0.11000000000001364,-0.10000000000005116,0.013693063937642646,-0.12500000000002842,-0.12500000000002842,-0.09999999999999432,-0.10000000000005116,-0.0999999999999659
5150.0,-0.10500000000000682,-0.10000000000005116,0.006846531968818728,-0.11250000000001137,-0.11250000000001137,-0.09999999999999432,-0.10000000000005116,-0.0999999999999659
5152.0,-0.11000000000001364,-0.10000000000005116,0.013693063937642646,-0.12500000000002842,-0.12500000000002842,-0.09999999999999432,-0.10000000000005116,-0.0999999999999659
5154.0,-0.11000000000001364,-0.10000000000005116,0.013693063937642646,-0.12500000000002842,-0.12500000000002842,-0.09999999999999432,-0.10000000000005116,-0.0999999999999659
5156.0,-0.11000000000001364,-0.10000000000005116,0.013693063937642646,-0.12500000000002842,-0.12500000000002842,-0.09999999999999432,-0.10000000000005116,-0.0999999999999659
5158.0,-0.11000000000001364,-0.10000000000005116,0.013693063937642646,-0.12500000000002842,-0.12500000000002842,-0.09999999999999432,-0.10000000000005116,-0.0999999999999659
5160.0,-0.11000000000001364,-0.10000000000005116,0.013693063937642646,-0.12500000000002842,-0.12500000000002842,-0.09999999999999432,-0.10000000000005116,-0.0999999999999659
5162.0,-0.11000000000001364,-0.10000000000005116,0.013693063937642646,-0.12500000000002842,-0.12500000000002842,-0.09999999999999432,-0.10000000000005116,-0.0999999999999659
5164.0,-0.10500000000000682,-0.10000000000005116,0.006846531968818728,-0.11250000000001137,-0.11250000000001137,-0.09999999999999432,-0.10000000000005116,-0.0999999999999659
5166.0,-0.11000000000001364,-0.10000000000005116,0.013693063937642646,-0.12500000000002842,-0.12500000000002842,-0.09999999999999432,-0.10000000000005116,-0.0999999999999659
5168.0,-0.11000000000001364,-0.10000000000005116,0.013693063937642646,-0.12500000000002842,-0.12500000000002842,-0.09999999999999432,-0.10000000000005116,-0.0999999999999659
5170.0,-0.10500000000001819,-0.10000000000005116,0.006846531968834294,-0.11250000000003979,-0.11250000000003979,-0.09999999999999432,-0.10000000000005116,-0.0999999999999659
5172.0,-0.11000000000001364,-0.10000000000005116,0.013693063937642646,-0.12500000000002842,-0.12500000000002842,-0.09999999999999432,-0.10000000000005116,-0.0999999999999659
5174.0,-0.11000000000001364,-0.10000000000005116,0.013693063937642646,-0.12500000000002842,-0.12500000000002842,-0.09999999999999432,-0.10000000000005116,-0.0999999999999659
5176.0,-0.11000000000001364,-0.10000000000005116,0.013693063937642646,-0.12500000000002842,-0.12500000000002842,-0.09999999999999432,-0.10000000000005116,-0.0999999999999659
5178.0,-0.10500000000000682,-0.10000000000005116,0.006846531968818728,-0.11250000000001137,-0.11250000000001137,-0.09999999999999432,-0.10000000000005116,-0.0999999999999659
5180.0,-0.11000000000001364,-0.10000000000005116,0.013693063937642646,-0.12500000000002842,-0.12500000000002842,-0.09999999999999432,-0.10000000000005116,-0.0999999999999659
5182.0,-0.11000000000001364,-0.10000000000005116,0.013693063937642646,-0.12500000000002842,-0.12500000000002842,-0.09999999999999432,-0.10000000000005116,-0.0999999999999659
5184.0,-0.10500000000001819,-0.10000000000005116,0.006846531968834294,-0.11250000000003979,-0.11250000000003979,-0.09999999999999432,-0.10000000000005116,-0.0999999999999659
5186.0,-0.11000000000001364,-0.10000000000005116,0.013693063937642646,-0.12500000000002842,-0.12500000000002842,-0.09999999999999432,-0.10000000000005116,-0.0999999999999659
5188.0,-0.11000000000001364,-0.10000000000005116,0.013693063937642646,-0.12500000000002842,-0.12500000000002842,-0.09999999999999432,-0.10000000000005116,-0.0999999999999659
5190.0,-0.11000000000001364,-0.10000000000005116,0.013693063937642646,-0.12500000000002842,-0.12500000000002842,-0.09999999999999432,-0.10000000000005116,-0.0999999999999659
5192.0,-0.10500000000000682,-0.10000000000005116,0.006846531968818728,-0.11250000000001137,-0.11250000000001137,-0.09999999999999432,-0.10000000000005116,-0.0999999999999659
5194.0,-0.11000000000001364,-0.10000000000005116,0.013693063937642646,-0.12500000000002842,-0.12500000000002842,-0.09999999999999432,-0.10000000000005116,-0.0999999999999659
5196.0,-0.11000000000001364,-0.10000000000005116,0.013693063937642646,-0.12500000000002842,-0.12500000000002842,-0.09999999999999432,-0.10000000000005116,-0.0999999999999659
5198.0,-0.1050000000000125,-0.11250000000003979,0.024366985862060025,-0.13750000000004547,-0.11250000000003979,-0.08749999999997726,-0.11250000000003979,-0.07499999999996021
5200.0,-0.11000000000001364,-0.10000000000005116,0.013693063937642646,-0.12500000000002842,-0.12500000000002842,-0.09999999999999432,-0.10000000000005116,-0.0999999999999659
5202.0,-0.11000000000001364,-0.10000000000005116,0.013693063937642646,-0.12500000000002842,-0.12500000000002842,-0.09999999999999432,-0.10000000000005116,-0.0999999999999659
5204.0,-0.11000000000001364,-0.10000000000005116,0.013693063937642646,-0.12500000000002842,-0.12500000000002842,-0.09999999999999432,-0.10000000000005116,-0.0999999999999659
5206.0,-0.10333333333335304,-0.10000000000005116,0.004564354645898178,-0.10833333333337691,-0.10833333333337691,-0.09999999999999432,-0.10000000000005116,-0.0999999999999659
5208.0,-0.10333333333334167,-0.10000000000005116,0.004564354645882612,-0.10833333333334849,-0.10833333333334849,-0.09999999999999432,-0.10000000000005116,-0.0999999999999659
5210.0,-0.11000000000001364,-0.10000000000005116,0.013693063937642646,-0.12500000000002842,-0.12500000000002842,-0.09999999999999432,-0.10000000000005116,-0.0999999999999659
5212.0,-0.11000000000001364,-0.10000000000005116,0.013693063937642646,-0.12500000000002842,-0.12500000000002842,-0.09999999999999432,-0.10000000000005116,-0.0999999999999659
5214.0,-0.11000000000001364,-0.10000000000005116,0.013693063937642646,-0.12500000000002842,-0.12500000000002842,-0.09999999999999432,-0.10000000000005116,-0.0999999999999659
5216.0,-0.10500000000001819,-0.10000000000005116,0.006846531968834294,-0.11250000000003979,-0.11250000000003979,-0.09999999999999432,-0.10000000000005116,-0.0999999999999659
5218.0,-0.11000000000001364,-0.10000000000005116,0.013693063937642646,-0.12500000000002842,-0.12500000000002842,-0.09999999999999432,-0.10000000000005116,-0.0999999999999659
5220.0,-0.11000000000001364,-0.10000000000005116,0.013693063937642646,-0.12500000000002842,-0.12500000000002842,-0.09999999999999432,-0.10000000000005116,-0.0999999999999659
5222.0,-0.11000000000001364,-0.10000000000005116,0.013693063937642646,-0.12500000000002842,-0.12500000000002842,-0.09999999999999432,-0.10000000000005116,-0.0999999999999659
5224.0,-0.10500000000000682,-0.10000000000005116,0.006846531968818728,-0.11250000000001137,-0.11250000000001137,-0.09999999999999432,-0.10000000000005116,-0.0999999999999659
5226.0,-0.11000000000001364,-0.10000000000005116,0.013693063937642646,-0.12500000000002842,-0.12500000000002842,-0.09999999999999432,-0.10000000000005116,-0.0999999999999659
5228.0,-0.11000000000001364,-0.10000000000005116,0.013693063937642646,-0.12500000000002842,-0.12500000000002842,-0.09999999999999432,-0.10000000000005116,-0.0999999999999659
5230.0,-0.11000000000001364,-0.10000000000005116,0.013693063937642646,-0.12500000000002842,-0.12500000000002842,-0.09999999999999432,-0.10000000000005116,-0.0999999999999659
5232.0,-0.10500000000001819,-0.10000000000005116,0.006846531968834294,-0.11250000000003979,-0.11250000000003979,-0.09999999999999432,-0.10000000000005116,-0.0999999999999659
5234.0,-0.11000000000001364,-0.10000000000005116,0.013693063937642646,-0.12500000000002842,-0.12500000000002842,-0.09999999999999432,-0.10000000000005116,-0.0999999999999659
5236.0,-0.11000000000001364,-0.10000000000005116,0.013693063937642646,-0.12500000000002842,-0.12500000000002842,-0.09999999999999432,-0.10000000000005116,-0.0999999999999659
5238.0,-0.11000000000001364,-0.10000000000005116,0.013693063937642646,-0.12500000000002842,-0.12500000000002842,-0.09999999999999432,-0.10000000000005116,-0.0999999999999659
5240.0,-0.10500000000000682,-0.10000000000005116,0.006846531968818728,-0.11250000000001137,-0.11250000000001137,-0.09999999999999432,-0.10000000000005116,-0.0999999999999659
5242.0,-0.11000000000001364,-0.10000000000005116,0.013693063937642646,-0.12500000000002842,-0.12500000000002842,-0.09999999999999432,-0.10000000000005116,-0.0999999999999659
5244.0,-0.11000000000001364,-0.10000000000005116,0.013693063937642646,-0.12500000000002842,-0.12500000000002842,-0.09999999999999432,-0.10000000000005116,-0.0999999999999659
5246.0,-0.10500000000001819,-0.10000000000005116,0.006846531968834294,-0.11250000000003979,-0.11250000000003979,-0.09999999999999432,-0.10000000000005116,-0.0999999999999659
5248.0,-0.10500000000000682,-0.10000000000005116,0.006846531968818728,-0.11250000000001137,-0.11250000000001137,-0.09999999999999432,-0.10000000000005116,-0.0999999999999659
5250.0,-0.11000000000001364,-0.10000000000005116,0.013693063937642646,-0.12500000000002842,-0.12500000000002842,-0.09999999999999432,-0.10000000000005116,-0.0999999999999659
5252.0,-0.11000000000001364,-0.10000000000005116,0.013693063937642646,-0.12500000000002842,-0.12500000000002842,-0.09999999999999432,-0.10000000000005116,-0.0999999999999659
5254.0,-0.10500000000001819,-0.10000000000005116,0.006846531968834294,-0.11250000000003979,-0.11250000000003979,-0.09999999999999432,-0.10000000000005116,-0.0999999999999659
5256.0,-0.11000000000001364,-0.10000000000005116,0.013693063937642646,-0.12500000000002842,-0.12500000000002842,-0.09999999999999432,-0.10000000000005116,-0.0999999999999659
5258.0,-0.11000000000001364,-0.10000000000005116,0.013693063937642646,-0.12500000000002842,-0.12500000000002842,-0.09999999999999432,-0.10000000000005116,-0.0999999999999659
5260.0,-0.11000000000001364,-0.10000000000005116,0.013693063937642646,-0.12500000000002842,-0.12500000000002842,-0.09999999999999432,-0.10000000000005116,-0.0999999999999659
5262.0,-0.11000000000001364,-0.10000000000005116,0.013693063937642646,-0.12500000000002842,-0.12500000000002842,-0.09999999999999432,-0.10000000000005116,-0.0999999999999659
5264.0,-0.10500000000000682,-0.10000000000005116,0.006846531968818728,-0.11250000000001137,-0.11250000000001137,-0.09999999999999432,-0.10000000000005116,-0.0999999999999659
5266.0,-0.11000000000001364,-0.10000000000005116,0.013693063937642646,-0.12500000000002842,-0.12500000000002842,-0.09999999999999432,-0.10000000000005116,-0.0999999999999659
5268.0,-0.11000000000001364,-0.10000000000005116,0.013693063937642646,-0.12500000000002842,-0.12500000000002842,-0.09999999999999432,-0.10000000000005116,-0.0999999999999659
5270.0,-0.1050000000000125,-0.11250000000003979,0.024366985862060025,-0.13750000000004547,-0.11250000000003979,-0.08749999999997726,-0.11250000000003979,-0.07499999999996021
5272.0,-0.11000000000001364,-0.10000000000005116,0.013693063937642646,-0.12500000000002842,-0.12500000000002842,-0.09999999999999432,-0.10000000000005116,-0.0999999999999659
5274.0,-0.11000000000001364,-0.10000000000005116,0.013693063937642646,-0.12500000000002842,-0.12500000000002842,-0.09999999999999432,-0.10000000000005116,-0.0999999999999659
5276.0,-0.11000000000001364,-0.10000000000005116,0.013693063937642646,-0.12500000000002842,-0.12500000000002842,-0.09999999999999432,-0.10000000000005116,-0.0999999999999659
5278.0,-0.11000000000001364,-0.10000000000005116,0.013693063937642646,-0.12500000000002842,-0.12500000000002842,-0.09999999999999432,-0.10000000000005116,-0.0999999999999659
5280.0,-0.10500000000000682,-0.10000000000005116,0.006846531968818728,-0.11250000000001137,-0.11250000000001137,-0.09999999999999432,-0.10000000000005116,-0.0999999999999659
5282.0,-0.11000000000001364,-0.10000000000005116,0.013693063937642646,-0.12500000000002842,-0.12500000000002842,-0.09999999999999432,-0.10000000000005116,-0.0999999999999659
5284.0,-0.11000000000001364,-0.10000000000005116,0.013693063937642646,-0.12500000000002842,-0.12500000000002842,-0.09999999999999432,-0.10000000000005116,-0.0999999999999659
5286.0,-0.11000000000001364,-0.10000000000005116,0.013693063937642646,-0.12500000000002842,-0.12500000000002842,-0.09999999999999432,-0.10000000000005116,-0.0999999999999659
5288.0,-0.10500000000001819,-0.10000000000005116,0.006846531968834294,-0.11250000000003979,-0.11250000000003979,-0.09999999999999432,-0.10000000000005116,-0.0999999999999659
5290.0,-0.11000000000001364,-0.10000000000005116,0.013693063937642646,-0.12500000000002842,-0.12500000000002842,-0.09999999999999432,-0.10000000000005116,-0.0999999999999659
5292.0,-0.11000000000001364,-0.10000000000005116,0.013693063937642646,-0.12500000000002842,-0.12500000000002842,-0.09999999999999432,-0.10000000000005116,-0.0999999999999659
5294.0,-0.11000000000001364,-0.10000000000005116,0.013693063937642646,-0.12500000000002842,-0.12500000000002842,-0.09999999999999432,-0.10000000000005116,-0.0999999999999659
5296.0,-0.10500000000000682,-0.10000000000005116,0.006846531968818728,-0.11250000000001137,-0.11250000000001137,-0.09999999999999432,-0.10000000000005116,-0.0999999999999659
5298.0,-0.11000000000001364,-0.10000000000005116,0.013693063937642646,-0.12500000000002842,-0.12500000000002842,-0.09999999999999432,-0.10000000000005116,-0.0999999999999659
5300.0,-0.11000000000001364,-0.10000000000005116,0.013693063937642646,-0.12500000000002842,-0.12500000000002842,-0.09999999999999432,-0.10000000000005116,-0.0999999999999659
5302.0,-0.11000000000001364,-0.10000000000005116,0.013693063937642646,-0.12500000000002842,-0.12500000000002842,-0.09999999999999432,-0.10000000000005116,-0.0999999999999659
5304.0,-0.10500000000001819,-0.10000000000005116,0.006846531968834294,-0.11250000000003979,-0.11250000000003979,-0.09999999999999432,-0.10000000000005116,-0.0999999999999659
5306.0,-0.11000000000001364,-0.10000000000005116,0.013693063937642646,-0.12500000000002842,-0.12500000000002842,-0.09999999999999432,-0.10000000000005116,-0.0999999999999659
5308.0,-0.11000000000001364,-0.10000000000005116,0.013693063937642646,-0.12500000000002842,-0.12500000000002842,-0.09999999999999432,-0.10000000000005116,-0.0999999999999659
5310.0,-0.11000000000001364,-0.10000000000005116,0.013693063937642646,-0.12500000000002842,-0.12500000000002842,-0.09999999999999432,-0.10000000000005116,-0.0999999999999659
5312.0,-0.11000000000001364,-0.10000000000005116,0.013693063937642646,-0.12500000000002842,-0.12500000000002842,-0.09999999999999432,-0.10000000000005116,-0.0999999999999659
5314.0,-0.10500000000000682,-0.10000000000005116,0.006846531968818728,-0.11250000000001137,-0.11250000000001137,-0.09999999999999432,-0.10000000000005116,-0.0999999999999659
5316.0,-0.11000000000001364,-0.10000000000005116,0.013693063937642646,-0.12500000000002842,-0.12500000000002842,-0.09999999999999432,-0.10000000000005116,-0.0999999999999659
5318.0,-0.11000000000001364,-0.10000000000005116,0.013693063937642646,-0.12500000000002842,-0.12500000000002842,-0.09999999999999432,-0.10000000000005116,-0.0999999999999659
5320.0,-0.10833333333334849,-0.10000000000005116,0.011410886614706529,-0.12083333333336554,-0.12083333333336554,-0.09999999999999432,-0.10000000000005116,-0.0999999999999659
5322.0,-0.10500000000000682,-0.10000000000005116,0.006846531968818728,-0.11250000000001137,-0.11250000000001137,-0.09999999999999432,-0.10000000000005116,-0.0999999999999659
5324.0,-0.11000000000001364,-0.10000000000005116,0.013693063937642646,-0.12500000000002842,-0.12500000000002842,-0.09999999999999432,-0.10000000000005116,-0.0999999999999659
5326.0,-0.11000000000001364,-0.10000000000005116,0.013693063937642646,-0.12500000000002842,-0.12500000000002842,-0.09999999999999432,-0.10000000000005116,-0.0999999999999659
5328.0,-0.11000000000001364,-0.10000000000005116,0.013693063937642646,-0.12500000000002842,-0.12500000000002842,-0.09999999999999432,-0.10000000000005116,-0.0999999999999659
5330.0,-0.10500000000001819,-0.10000000000005116,0.006846531968834294,-0.11250000000003979,-0.11250000000003979,-0.09999999999999432,-0.10000000000005116,-0.0999999999999659
5332.0,-0.11000000000001364,-0.10000000000005116,0.013693063937642646,-0.12500000000002842,-0.12500000000002842,-0.09999999999999432,-0.10000000000005116,-0.0999999999999659
5334.0,-0.11000000000001364,-0.10000000000005116,0.013693063937642646,-0.12500000000002842,-0.12500000000002842,-0.09999999999999432,-0.10000000000005116,-0.0999999999999659
5336.0,-0.11000000000001364,-0.10000000000005116,0.013693063937642646,-0.12500000000002842,-0.12500000000002842,-0.09999999999999432,-0.10000000000005116,-0.0999999999999659
5338.0,-0.11000000000001364,-0.10000000000005116,0.013693063937642646,-0.12500000000002842,-0.12500000000002842,-0.09999999999999432,-0.10000000000005116,-0.0999999999999659
5340.0,-0.10500000000000682,-0.10000000000005116,0.006846531968818728,-0.11250000000001137,-0.11250000000001137,-0.09999999999999432,-0.10000000000005116,-0.0999999999999659
5342.0,-0.11000000000001364,-0.10000000000005116,0.013693063937642646,-0.12500000000002842,-0.12500000000002842,-0.09999999999999432,-0.10000000000005116,-0.0999999999999659
5344.0,-0.11000000000001364,-0.10000000000005116,0.013693063937642646,-0.12500000000002842,-0.12500000000002842,-0.09999999999999432,-0.10000000000005116,-0.0999999999999659
5346.0,-0.11000000000001364,-0.10000000000005116,0.013693063937642646,-0.12500000000002842,-0.12500000000002842,-0.09999999999999432,-0.10000000000005116,-0.0999999999999659
5348.0,-0.10500000000001819,-0.10000000000005116,0.006846531968834294,-0.11250000000003979,-0.11250000000003979,-0.09999999999999432,-0.10000000000005116,-0.0999999999999659
5350.0,-0.11000000000001364,-0.10000000000005116,0.013693063937642646,-0.12500000000002842,-0.12500000000002842,-0.09999999999999432,-0.10000000000005116,-0.0999999999999659
5352.0,-0.11000000000001364,-0.10000000000005116,0.013693063937642646,-0.12500000000002842,-0.12500000000002842,-0.09999999999999432,-0.10000000000005116,-0.0999999999999659
5354.0,-0.11000000000001364,-0.10000000000005116,0.013693063937642646,-0.12500000000002842,-0.12500000000002842,-0.09999999999999432,-0.10000000000005116,-0.0999999999999659
5356.0,-0.10500000000000682,-0.10000000000005116,0.006846531968818728,-0.11250000000001137,-0.11250000000001137,-0.09999999999999432,-0.10000000000005116,-0.0999999999999659
5358.0,-0.11000000000001364,-0.10000000000005116,0.013693063937642646,-0.12500000000002842,-0.12500000000002842,-0.09999999999999432,-0.10000000000005116,-0.0999999999999659
5360.0,-0.11000000000001364,-0.10000000000005116,0.013693063937642646,-0.12500000000002842,-0.12500000000002842,-0.09999999999999432,-0.10000000000005116,-0.0999999999999659
5362.0,-0.11000000000001364,-0.10000000000005116,0.013693063937642646,-0.12500000000002842,-0.12500000000002842,-0.09999999999999432,-0.10000000000005116,-0.0999999999999659
5364.0,-0.10500000000001819,-0.10000000000005116,0.006846531968834294,-0.11250000000003979,-0.11250000000003979,-0.09999999999999432,-0.10000000000005116,-0.0999999999999659
5366.0,-0.11000000000001364,-0.10000000000005116,0.013693063937642646,-0.12500000000002842,-0.12500000000002842,-0.09999999999999432,-0.10000000000005116,-0.0999999999999659
5368.0,-0.11000000000001364,-0.10000000000005116,0.013693063937642646,-0.12500000000002842,-0.12500000000002842,-0.09999999999999432,-0.10000000000005116,-0.0999999999999659
5370.0,-0.11000000000001364,-0.10000000000005116,0.013693063937642646,-0.12500000000002842,-0.12500000000002842,-0.09999999999999432,-0.10000000000005116,-0.0999999999999659
5372.0,-0.11000000000001364,-0.10000000000005116,0.013693063937642646,-0.12500000000002842,-0.12500000000002842,-0.09999999999999432,-0.10000000000005116,-0.0999999999999659
5374.0,-0.10500000000000682,-0.10000000000005116,0.006846531968818728,-0.11250000000001137,-0.11250000000001137,-0.09999999999999432,-0.10000000000005116,-0.0999999999999659
5376.0,-0.11000000000001364,-0.10000000000005116,0.013693063937642646,-0.12500000000002842,-0.12500000000002842,-0.09999999999999432,-0.10000000000005116,-0.0999999999999659
5378.0,-0.11000000000001364,-0.10000000000005116,0.013693063937642646,-0.12500000000002842,-0.12500000000002842,-0.09999999999999432,-0.10000000000005116,-0.0999999999999659
5380.0,-0.10500000000001819,-0.10000000000005116,0.006846531968834294,-0.11250000000003979,-0.11250000000003979,-0.09999999999999432,-0.10000000000005116,-0.0999999999999659
5382.0,-0.11000000000001364,-0.10000000000005116,0.013693063937642646,-0.12500000000002842,-0.12500000000002842,-0.09999999999999432,-0.10000000000005116,-0.0999999999999659
5384.0,-0.11000000000001364,-0.10000000000005116,0.013693063937642646,-0.12500000000002842,-0.12500000000002842,-0.09999999999999432,-0.10000000000005116,-0.0999999999999659
5386.0,-0.11000000000001364,-0.10000000000005116,0.013693063937642646,-0.12500000000002842,-0.12500000000002842,-0.09999999999999432,-0.10000000000005116,-0.0999999999999659
5388.0,-0.1050000000000125,-0.11250000000003979,0.024366985862060025,-0.13750000000004547,-0.11250000000003979,-0.08749999999997726,-0.11250000000003979,-0.07499999999996021
5390.0,-0.11000000000001364,-0.10000000000005116,0.013693063937642646,-0.12500000000002842,-0.12500000000002842,-0.09999999999999432,-0.10000000000005116,-0.0999999999999659
5392.0,-0.11000000000001364,-0.10000000000005116,0.013693063937642646,-0.12500000000002842,-0.12500000000002842,-0.09999999999999432,-0.10000000000005116,-0.0999999999999659
5394.0,-0.11000000000001364,-0.10000000000005116,0.013693063937642646,-0.12500000000002842,-0.12500000000002842,-0.09999999999999432,-0.10000000000005116,-0.0999999999999659
5396.0,-0.11000000000001364,-0.10000000000005116,0.013693063937642646,-0.12500000000002842,-0.12500000000002842,-0.09999999999999432,-0.10000000000005116,-0.0999999999999659
5398.0,-0.10500000000000682,-0.10000000000005116,0.006846531968818728,-0.11250000000001137,-0.11250000000001137,-0.09999999999999432,-0.10000000000005116,-0.0999999999999659
5400.0,-0.11000000000001364,-0.10000000000005116,0.013693063937642646,-0.12500000000002842,-0.12500000000002842,-0.09999999999999432,-0.10000000000005116,-0.0999999999999659
5402.0,-0.11000000000001364,-0.10000000000005116,0.013693063937642646,-0.12500000000002842,-0.12500000000002842,-0.09999999999999432,-0.10000000000005116,-0.0999999999999659
5404.0,-0.11000000000001364,-0.10000000000005116,0.013693063937642646,-0.12500000000002842,-0.12500000000002842,-0.09999999999999432,-0.10000000000005116,-0.0999999999999659
5406.0,-0.10500000000001819,-0.10000000000005116,0.006846531968834294,-0.11250000000003979,-0.11250000000003979,-0.09999999999999432,-0.10000000000005116,-0.0999999999999659
5408.0,-0.11000000000001364,-0.10000000000005116,0.013693063937642646,-0.12500000000002842,-0.12500000000002842,-0.09999999999999432,-0.10000000000005116,-0.0999999999999659
5410.0,-0.11000000000001364,-0.10000000000005116,0.013693063937642646,-0.12500000000002842,-0.12500000000002842,-0.09999999999999432,-0.10000000000005116,-0.0999999999999659
5412.0,-0.11000000000001364,-0.10000000000005116,0.013693063937642646,-0.12500000000002842,-0.12500000000002842,-0.09999999999999432,-0.10000000000005116,-0.0999999999999659
5414.0,-0.10500000000000682,-0.10000000000005116,0.006846531968818728,-0.11250000000001137,-0.11250000000001137,-0.09999999999999432,-0.10000000000005116,-0.0999999999999659
5416.0,-0.11000000000001364,-0.10000000000005116,0.013693063937642646,-0.12500000000002842,-0.12500000000002842,-0.09999999999999432,-0.10000000000005116,-0.0999999999999659
5418.0,-0.11000000000001364,-0.10000000000005116,0.013693063937642646,-0.12500000000002842,-0.12500000000002842,-0.09999999999999432,-0.10000000000005116,-0.0999999999999659
5420.0,-0.11000000000001364,-0.10000000000005116,0.013693063937642646,-0.12500000000002842,-0.12500000000002842,-0.09999999999999432,-0.10000000000005116,-0.0999999999999659
5422.0,-0.10500000000001819,-0.10000000000005116,0.006846531968834294,-0.11250000000003979,-0.11250000000003979,-0.09999999999999432,-0.10000000000005116,-0.0999999999999659
5424.0,-0.11000000000001364,-0.10000000000005116,0.013693063937642646,-0.12500000000002842,-0.12500000000002842,-0.09999999999999432,-0.10000000000005116,-0.0999999999999659
5426.0,-0.11000000000001364,-0.10000000000005116,0.013693063937642646,-0.12500000000002842,-0.12500000000002842,-0.09999999999999432,-0.10000000000005116,-0.0999999999999659
5428.0,-0.11000000000001364,-0.10000000000005116,0.013693063937642646,-0.12500000000002842,-0.12500000000002842,-0.09999999999999432,-0.10000000000005116,-0.0999999999999659
5430.0,-0.11000000000001364,-0.10000000000005116,0.013693063937642646,-0.12500000000002842,-0.12500000000002842,-0.09999999999999432,-0.10000000000005116,-0.0999999999999659
5432.0,-0.11000000000001364,-0.10000000000005116,0.013693063937642646,-0.12500000000002842,-0.12500000000002842,-0.09999999999999432,-0.10000000000005116,-0.0999999999999659
5434.0,-0.11000000000001364,-0.10000000000005116,0.013693063937642646,-0.12500000000002842,-0.12500000000002842,-0.09999999999999432,-0.10000000000005116,-0.0999999999999659
5436.0,-0.10500000000001819,-0.10000000000005116,0.006846531968834294,-0.11250000000003979,-0.11250000000003979,-0.09999999999999432,-0.10000000000005116,-0.0999999999999659
5438.0,-0.11000000000001364,-0.10000000000005116,0.013693063937642646,-0.12500000000002842,-0.12500000000002842,-0.09999999999999432,-0.10000000000005116,-0.0999999999999659
5440.0,-0.11000000000001364,-0.10000000000005116,0.013693063937642646,-0.12500000000002842,-0.12500000000002842,-0.09999999999999432,-0.10000000000005116,-0.0999999999999659
5442.0,-0.11000000000001364,-0.10000000000005116,0.013693063937642646,-0.12500000000002842,-0.12500000000002842,-0.09999999999999432,-0.10000000000005116,-0.0999999999999659
5444.0,-0.10500000000001819,-0.10000000000005116,0.006846531968834294,-0.11250000000003979,-0.11250000000003979,-0.09999999999999432,-0.10000000000005116,-0.0999999999999659
5446.0,-0.11000000000001364,-0.10000000000005116,0.013693063937642646,-0.12500000000002842,-0.12500000000002842,-0.09999999999999432,-0.10000000000005116,-0.0999999999999659
5448.0,-0.11000000000001364,-0.10000000000005116,0.013693063937642646,-0.12500000000002842,-0.12500000000002842,-0.09999999999999432,-0.10000000000005116,-0.0999999999999659
5450.0,-0.11000000000001364,-0.10000000000005116,0.013693063937642646,-0.12500000000002842,-0.12500000000002842,-0.09999999999999432,-0.10000000000005116,-0.0999999999999659
5452.0,-0.10500000000001819,-0.10000000000005116,0.006846531968834294,-0.11250000000003979,-0.11250000000003979,-0.09999999999999432,-0.10000000000005116,-0.0999999999999659
5454.0,-0.11000000000001364,-0.10000000000005116,0.013693063937642646,-0.12500000000002842,-0.12500000000002842,-0.09999999999999432,-0.10000000000005116,-0.0999999999999659
5456.0,-0.11000000000001364,-0.10000000000005116,0.013693063937642646,-0.12500000000002842,-0.12500000000002842,-0.09999999999999432,-0.10000000000005116,-0.0999999999999659
5458.0,-0.11000000000001364,-0.10000000000005116,0.013693063937642646,-0.12500000000002842,-0.12500000000002842,-0.09999999999999432,-0.10000000000005116,-0.0999999999999659
5460.0,-0.11000000000001364,-0.10000000000005116,0.013693063937642646,-0.12500000000002842,-0.12500000000002842,-0.09999999999999432,-0.10000000000005116,-0.0999999999999659
5462.0,-0.11000000000001364,-0.10000000000005116,0.013693063937642646,-0.12500000000002842,-0.12500000000002842,-0.09999999999999432,-0.10000000000005116,-0.0999999999999659
5464.0,-0.11000000000001364,-0.10000000000005116,0.013693063937642646,-0.12500000000002842,-0.12500000000002842,-0.09999999999999432,-0.10000000000005116,-0.0999999999999659
5466.0,-0.11000000000001364,-0.10000000000005116,0.013693063937642646,-0.12500000000002842,-0.12500000000002842,-0.09999999999999432,-0.10000000000005116,-0.0999999999999659
5468.0,-0.10500000000001819,-0.10000000000005116,0.006846531968834294,-0.11250000000003979,-0.11250000000003979,-0.09999999999999432,-0.10000000000005116,-0.0999999999999659
5470.0,-0.11000000000001364,-0.10000000000005116,0.013693063937642646,-0.12500000000002842,-0.12500000000002842,-0.09999999999999432,-0.10000000000005116,-0.0999999999999659
5472.0,-0.11000000000001364,-0.10000000000005116,0.013693063937642646,-0.12500000000002842,-0.12500000000002842,-0.09999999999999432,-0.10000000000005116,-0.0999999999999659
5474.0,-0.11000000000001364,-0.10000000000005116,0.013693063937642646,-0.12500000000002842,-0.12500000000002842,-0.09999999999999432,-0.10000000000005116,-0.0999999999999659
5476.0,-0.11000000000001364,-0.10000000000005116,0.013693063937642646,-0.12500000000002842,-0.12500000000002842,-0.09999999999999432,-0.10000000000005116,-0.0999999999999659
5478.0,-0.11000000000001364,-0.10000000000005116,0.013693063937642646,-0.12500000000002842,-0.12500000000002842,-0.09999999999999432,-0.10000000000005116,-0.0999999999999659
5480.0,-0.11000000000001364,-0.10000000000005116,0.013693063937642646,-0.12500000000002842,-0.12500000000002842,-0.09999999999999432,-0.10000000000005116,-0.0999999999999659
5482.0,-0.11000000000001364,-0.10000000000005116,0.013693063937642646,-0.12500000000002842,-0.12500000000002842,-0.09999999999999432,-0.10000000000005116,-0.0999999999999659
5484.0,-0.11000000000001364,-0.10000000000005116,0.013693063937642646,-0.12500000000002842,-0.12500000000002842,-0.09999999999999432,-0.10000000000005116,-0.0999999999999659
5486.0,-0.11000000000001364,-0.10000000000005116,0.013693063937642646,-0.12500000000002842,-0.12500000000002842,-0.09999999999999432,-0.10000000000005116,-0.0999999999999659
5488.0,-0.11000000000001364,-0.10000000000005116,0.013693063937642646,-0.12500000000002842,-0.12500000000002842,-0.09999999999999432,-0.10000000000005116,-0.0999999999999659
5490.0,-0.11000000000001364,-0.10000000000005116,0.013693063937642646,-0.12500000000002842,-0.12500000000002842,-0.09999999999999432,-0.10000000000005116,-0.0999999999999659
5492.0,-0.11000000000001364,-0.10000000000005116,0.013693063937642646,-0.12500000000002842,-0.12500000000002842,-0.09999999999999432,-0.10000000000005116,-0.0999999999999659
5494.0,-0.12000000000001591,-0.10000000000005116,0.02738612787527491,-0.1500000000000341,-0.1500000000000341,-0.09999999999999432,-0.10000000000005116,-0.0999999999999659
5496.0,-0.13500000000001933,-0.12500000000005684,0.013693063937642646,-0.1500000000000341,-0.1500000000000341,-0.125,-0.12500000000005684,-0.12499999999997158
5498.0,-0.12000000000001591,-0.10000000000005116,0.02738612787527491,-0.1500000000000341,-0.1500000000000341,-0.09999999999999432,-0.10000000000005116,-0.0999999999999659
5500.0,-0.11000000000001364,-0.10000000000005116,0.013693063937642646,-0.12500000000002842,-0.12500000000002842,-0.09999999999999432,-0.10000000000005116,-0.0999999999999659
5502.0,-0.11000000000001364,-0.10000000000005116,0.013693063937642646,-0.12500000000002842,-0.12500000000002842,-0.09999999999999432,-0.10000000000005116,-0.0999999999999659
5504.0,-0.11000000000001364,-0.10000000000005116,0.013693063937642646,-0.12500000000002842,-0.12500000000002842,-0.09999999999999432,-0.10000000000005116,-0.0999999999999659
5506.0,-0.14000000000002616,-0.12500000000005684,0.02053959590646656,-0.16250000000005116,-0.16250000000005116,-0.125,-0.12500000000005684,-0.12499999999997158
5508.0,-0.11000000000001364,-0.10000000000005116,0.013693063937642646,-0.12500000000002842,-0.12500000000002842,-0.09999999999999432,-0.10000000000005116,-0.0999999999999659
5510.0,-0.11000000000001364,-0.10000000000005116,0.013693063937642646,-0.12500000000002842,-0.12500000000002842,-0.09999999999999432,-0.10000000000005116,-0.0999999999999659
5512.0,-0.11000000000001364,-0.10000000000005116,0.013693063937642646,-0.12500000000002842,-0.12500000000002842,-0.09999999999999432,-0.10000000000005116,-0.0999999999999659
5514.0,-0.11000000000001364,-0.10000000000005116,0.013693063937642646,-0.12500000000002842,-0.12500000000002842,-0.09999999999999432,-0.10000000000005116,-0.0999999999999659
5516.0,-0.11000000000001364,-0.10000000000005116,0.013693063937642646,-0.12500000000002842,-0.12500000000002842,-0.09999999999999432,-0.10000000000005116,-0.0999999999999659
5518.0,-0.11000000000001364,-0.10000000000005116,0.013693063937642646,-0.12500000000002842,-0.12500000000002842,-0.09999999999999432,-0.10000000000005116,-0.0999999999999659
5520.0,-0.11000000000001364,-0.10000000000005116,0.013693063937642646,-0.12500000000002842,-0.12500000000002842,-0.09999999999999432,-0.10000000000005116,-0.0999999999999659
5522.0,-0.160000000000025,-0.15000000000006253,0.013693063937642646,-0.1750000000000398,-0.1750000000000398,-0.15000000000000568,-0.15000000000006253,-0.14999999999997726
5524.0,-0.160000000000025,-0.15000000000006253,0.013693063937642646,-0.1750000000000398,-0.1750000000000398,-0.15000000000000568,-0.15000000000006253,-0.14999999999997726
5526.0,-0.11000000000001364,-0.10000000000005116,0.013693063937642646,-0.12500000000002842,-0.12500000000002842,-0.09999999999999432,-0.10000000000005116,-0.0999999999999659
5528.0,-0.12000000000001591,-0.10000000000005116,0.02738612787527491,-0.1500000000000341,-0.1500000000000341,-0.09999999999999432,-0.10000000000005116,-0.0999999999999659
5530.0,-0.11000000000001364,-0.10000000000005116,0.013693063937642646,-0.12500000000002842,-0.12500000000002842,-0.09999999999999432,-0.10000000000005116,-0.0999999999999659
5532.0,-0.12000000000001591,-0.10000000000005116,0.02738612787527491,-0.1500000000000341,-0.1500000000000341,-0.09999999999999432,-0.10000000000005116,-0.0999999999999659
5534.0,-0.11000000000001364,-0.10000000000005116,0.013693063937642646,-0.12500000000002842,-0.12500000000002842,-0.09999999999999432,-0.10000000000005116,-0.0999999999999659
5536.0,-0.12000000000001591,-0.10000000000005116,0.02738612787527491,-0.1500000000000341,-0.1500000000000341,-0.09999999999999432,-0.10000000000005116,-0.0999999999999659
5538.0,-0.160000000000025,-0.15000000000006253,0.013693063937642646,-0.1750000000000398,-0.1750000000000398,-0.15000000000000568,-0.15000000000006253,-0.14999999999997726
5540.0,-0.160000000000025,-0.15000000000006253,0.013693063937642646,-0.1750000000000398,-0.1750000000000398,-0.15000000000000568,-0.15000000000006253,-0.14999999999997726
5542.0,-0.160000000000025,-0.15000000000006253,0.013693063937642646,-0.1750000000000398,-0.1750000000000398,-0.15000000000000568,-0.15000000000006253,-0.14999999999997726
5544.0,-0.12000000000001591,-0.10000000000005116,0.02738612787527491,-0.1500000000000341,-0.1500000000000341,-0.09999999999999432,-0.10000000000005116,-0.0999999999999659
5546.0,-0.11000000000001364,-0.10000000000005116,0.013693063937642646,-0.12500000000002842,-0.12500000000002842,-0.09999999999999432,-0.10000000000005116,-0.0999999999999659
5548.0,-0.11000000000001364,-0.10000000000005116,0.013693063937642646,-0.12500000000002842,-0.12500000000002842,-0.09999999999999432,-0.10000000000005116,-0.0999999999999659
5550.0,-0.12000000000001591,-0.10000000000005116,0.02738612787527491,-0.1500000000000341,-0.1500000000000341,-0.09999999999999432,-0.10000000000005116,-0.0999999999999659
5552.0,-0.160000000000025,-0.15000000000006253,0.013693063937642646,-0.1750000000000398,-0.1750000000000398,-0.15000000000000568,-0.15000000000006253,-0.14999999999997726
5554.0,-0.11000000000001364,-0.10000000000005116,0.013693063937642646,-0.12500000000002842,-0.12500000000002842,-0.09999999999999432,-0.10000000000005116,-0.0999999999999659
5556.0,-0.160000000000025,-0.15000000000006253,0.013693063937642646,-0.1750000000000398,-0.1750000000000398,-0.15000000000000568,-0.15000000000006253,-0.14999999999997726
5558.0,-0.11000000000001364,-0.10000000000005116,0.013693063937642646,-0.12500000000002842,-0.12500000000002842,-0.09999999999999432,-0.10000000000005116,-0.0999999999999659
5560.0,-0.160000000000025,-0.15000000000006253,0.013693063937642646,-0.1750000000000398,-0.1750000000000398,-0.15000000000000568,-0.15000000000006253,-0.14999999999997726
5562.0,-0.11000000000001364,-0.10000000000005116,0.013693063937642646,-0.12500000000002842,-0.12500000000002842,-0.09999999999999432,-0.10000000000005116,-0.0999999999999659
5564.0,-0.12000000000001591,-0.10000000000005116,0.02738612787527491,-0.1500000000000341,-0.1500000000000341,-0.09999999999999432,-0.10000000000005116,-0.0999999999999659
5566.0,-0.11000000000001364,-0.10000000000005116,0.013693063937642646,-0.12500000000002842,-0.12500000000002842,-0.09999999999999432,-0.10000000000005116,-0.0999999999999659
5568.0,-0.11000000000001364,-0.10000000000005116,0.013693063937642646,-0.12500000000002842,-0.12500000000002842,-0.09999999999999432,-0.10000000000005116,-0.0999999999999659
5570.0,-0.12000000000001591,-0.10000000000005116,0.02738612787527491,-0.1500000000000341,-0.1500000000000341,-0.09999999999999432,-0.10000000000005116,-0.0999999999999659
5572.0,-0.14000000000002047,-0.14999999999997726,0.02850438562746748,-0.12500000000002842,-0.1750000000000398,-0.15000000000000568,-0.10000000000005116,-0.14999999999997726
5574.0,-0.11000000000001364,-0.10000000000005116,0.013693063937642646,-0.12500000000002842,-0.12500000000002842,-0.09999999999999432,-0.10000000000005116,-0.0999999999999659
5576.0,-0.11000000000001364,-0.10000000000005116,0.013693063937642646,-0.12500000000002842,-0.12500000000002842,-0.09999999999999432,-0.10000000000005116,-0.0999999999999659
5578.0,-0.12000000000001591,-0.10000000000005116,0.02738612787527491,-0.1500000000000341,-0.1500000000000341,-0.09999999999999432,-0.10000000000005116,-0.0999999999999659
5580.0,-0.14000000000002047,-0.14999999999997726,0.02850438562746748,-0.12500000000002842,-0.1750000000000398,-0.15000000000000568,-0.10000000000005116,-0.14999999999997726
5582.0,-0.11000000000001364,-0.10000000000005116,0.013693063937642646,-0.12500000000002842,-0.12500000000002842,-0.09999999999999432,-0.10000000000005116,-0.0999999999999659
5584.0,-0.11000000000001364,-0.10000000000005116,0.013693063937642646,-0.12500000000002842,-0.12500000000002842,-0.09999999999999432,-0.10000000000005116,-0.0999999999999659
5586.0,-0.11000000000001364,-0.10000000000005116,0.013693063937642646,-0.12500000000002842,-0.12500000000002842,-0.09999999999999432,-0.10000000000005116,-0.0999999999999659
5588.0,-0.11000000000001364,-0.10000000000005116,0.013693063937642646,-0.12500000000002842,-0.12500000000002842,-0.09999999999999432,-0.10000000000005116,-0.0999999999999659
5590.0,-0.11000000000001364,-0.10000000000005116,0.013693063937642646,-0.12500000000002842,-0.12500000000002842,-0.09999999999999432,-0.10000000000005116,-0.0999999999999659
5592.0,-0.11000000000001364,-0.10000000000005116,0.013693063937642646,-0.12500000000002842,-0.12500000000002842,-0.09999999999999432,-0.10000000000005116,-0.0999999999999659
5594.0,-0.11000000000001364,-0.10000000000005116,0.013693063937642646,-0.12500000000002842,-0.12500000000002842,-0.09999999999999432,-0.10000000000005116,-0.0999999999999659
5596.0,-0.11000000000001364,-0.10000000000005116,0.013693063937642646,-0.12500000000002842,-0.12500000000002842,-0.09999999999999432,-0.10000000000005116,-0.0999999999999659
5598.0,-0.11000000000001364,-0.10000000000005116,0.013693063937642646,-0.12500000000002842,-0.12500000000002842,-0.09999999999999432,-0.10000000000005116,-0.0999999999999659
5600.0,-0.11000000000001364,-0.10000000000005116,0.013693063937642646,-0.12500000000002842,-0.12500000000002842,-0.09999999999999432,-0.10000000000005116,-0.0999999999999659
5602.0,-0.11000000000001364,-0.10000000000005116,0.013693063937642646,-0.12500000000002842,-0.12500000000002842,-0.09999999999999432,-0.10000000000005116,-0.0999999999999659
5604.0,-0.12000000000001591,-0.10000000000005116,0.02738612787527491,-0.1500000000000341,-0.1500000000000341,-0.09999999999999432,-0.10000000000005116,-0.0999999999999659
5606.0,-0.1150000000000091,-0.10000000000005116,0.020539595906450995,-0.13750000000001705,-0.13750000000001705,-0.09999999999999432,-0.10000000000005116,-0.0999999999999659
5608.0,-0.11000000000001364,-0.10000000000005116,0.013693063937642646,-0.12500000000002842,-0.12500000000002842,-0.09999999999999432,-0.10000000000005116,-0.0999999999999659
5610.0,-0.11000000000001364,-0.10000000000005116,0.013693063937642646,-0.12500000000002842,-0.12500000000002842,-0.09999999999999432,-0.10000000000005116,-0.0999999999999659
5612.0,-0.11000000000001364,-0.10000000000005116,0.013693063937642646,-0.12500000000002842,-0.12500000000002842,-0.09999999999999432,-0.10000000000005116,-0.0999999999999659
5614.0,-0.11000000000001364,-0.10000000000005116,0.013693063937642646,-0.12500000000002842,-0.12500000000002842,-0.09999999999999432,-0.10000000000005116,-0.0999999999999659
5616.0,-0.11000000000001364,-0.10000000000005116,0.013693063937642646,-0.12500000000002842,-0.12500000000002842,-0.09999999999999432,-0.10000000000005116,-0.0999999999999659
5618.0,-0.11000000000001364,-0.10000000000005116,0.013693063937642646,-0.12500000000002842,-0.12500000000002842,-0.09999999999999432,-0.10000000000005116,-0.0999999999999659
5620.0,-0.11000000000001364,-0.10000000000005116,0.013693063937642646,-0.12500000000002842,-0.12500000000002842,-0.09999999999999432,-0.10000000000005116,-0.0999999999999659
5622.0,-0.13000000000002387,-0.125,0.022707377655737916,-0.13750000000004547,-0.16250000000005116,-0.125,-0.10000000000005116,-0.12499999999997158
5624.0,-0.12000000000001591,-0.10000000000005116,0.02738612787527491,-0.1500000000000341,-0.1500000000000341,-0.09999999999999432,-0.10000000000005116,-0.0999999999999659
5626.0,-0.11000000000001364,-0.10000000000005116,0.013693063937642646,-0.12500000000002842,-0.12500000000002842,-0.09999999999999432,-0.10000000000005116,-0.0999999999999659
5628.0,-0.11000000000001364,-0.10000000000005116,0.013693063937642646,-0.12500000000002842,-0.12500000000002842,-0.09999999999999432,-0.10000000000005116,-0.0999999999999659
5630.0,-0.13500000000001933,-0.12500000000005684,0.013693063937642646,-0.1500000000000341,-0.1500000000000341,-0.125,-0.12500000000005684,-0.12499999999997158
5632.0,-0.12000000000001591,-0.10000000000005116,0.02738612787527491,-0.1500000000000341,-0.1500000000000341,-0.09999999999999432,-0.10000000000005116,-0.0999999999999659
5634.0,-0.11000000000001364,-0.10000000000005116,0.013693063937642646,-0.12500000000002842,-0.12500000000002842,-0.09999999999999432,-0.10000000000005116,-0.0999999999999659
5636.0,-0.11000000000001364,-0.10000000000005116,0.013693063937642646,-0.12500000000002842,-0.12500000000002842,-0.09999999999999432,-0.10000000000005116,-0.0999999999999659
5638.0,-0.11000000000001364,-0.10000000000005116,0.013693063937642646,-0.12500000000002842,-0.12500000000002842,-0.09999999999999432,-0.10000000000005116,-0.0999999999999659
5640.0,-0.12000000000001591,-0.10000000000005116,0.02738612787527491,-0.1500000000000341,-0.1500000000000341,-0.09999999999999432,-0.10000000000005116,-0.0999999999999659
5642.0,-0.11000000000001364,-0.10000000000005116,0.013693063937642646,-0.12500000000002842,-0.12500000000002842,-0.09999999999999432,-0.10000000000005116,-0.0999999999999659
5644.0,-0.11000000000001364,-0.10000000000005116,0.013693063937642646,-0.12500000000002842,-0.12500000000002842,-0.09999999999999432,-0.10000000000005116,-0.0999999999999659
5646.0,-0.11000000000001364,-0.10000000000005116,0.013693063937642646,-0.12500000000002842,-0.12500000000002842,-0.09999999999999432,-0.10000000000005116,-0.0999999999999659
5648.0,-0.11000000000001364,-0.10000000000005116,0.013693063937642646,-0.12500000000002842,-0.12500000000002842,-0.09999999999999432,-0.10000000000005116,-0.0999999999999659
5650.0,-0.11000000000001364,-0.10000000000005116,0.013693063937642646,-0.12500000000002842,-0.12500000000002842,-0.09999999999999432,-0.10000000000005116,-0.0999999999999659
5652.0,-0.13000000000002387,-0.12499999999997158,0.018957188610130373,-0.1500000000000341,-0.1500000000000341,-0.11250000000001137,-0.11250000000006821,-0.12499999999997158
5654.0,-0.11000000000001364,-0.10000000000005116,0.013693063937642646,-0.12500000000002842,-0.12500000000002842,-0.09999999999999432,-0.10000000000005116,-0.0999999999999659
5656.0,-0.11000000000001364,-0.10000000000005116,0.013693063937642646,-0.12500000000002842,-0.12500000000002842,-0.09999999999999432,-0.10000000000005116,-0.0999999999999659
5658.0,-0.11500000000002046,-0.10000000000005116,0.020539595906466562,-0.13750000000004547,-0.13750000000004547,-0.09999999999999432,-0.10000000000005116,-0.0999999999999659
5660.0,-0.1150000000000091,-0.10000000000005116,0.020539595906450995,-0.13750000000001705,-0.13750000000001705,-0.09999999999999432,-0.10000000000005116,-0.0999999999999659
5662.0,-0.11000000000001364,-0.10000000000005116,0.013693063937642646,-0.12500000000002842,-0.12500000000002842,-0.09999999999999432,-0.10000000000005116,-0.0999999999999659
5664.0,-0.11500000000002046,-0.10000000000005116,0.020539595906466562,-0.13750000000004547,-0.13750000000004547,-0.09999999999999432,-0.10000000000005116,-0.0999999999999659
5666.0,-0.1150000000000091,-0.10000000000005116,0.020539595906450995,-0.13750000000001705,-0.13750000000001705,-0.09999999999999432,-0.10000000000005116,-0.0999999999999659
5668.0,-0.11000000000001364,-0.10000000000005116,0.013693063937642646,-0.12500000000002842,-0.12500000000002842,-0.09999999999999432,-0.10000000000005116,-0.0999999999999659
5670.0,-0.11500000000002046,-0.10000000000005116,0.020539595906466562,-0.13750000000004547,-0.13750000000004547,-0.09999999999999432,-0.10000000000005116,-0.0999999999999659
5672.0,-0.1150000000000091,-0.10000000000005116,0.020539595906450995,-0.13750000000001705,-0.13750000000001705,-0.09999999999999432,-0.10000000000005116,-0.0999999999999659
5674.0,-0.11000000000001364,-0.10000000000005116,0.013693063937642646,-0.12500000000002842,-0.12500000000002842,-0.09999999999999432,-0.10000000000005116,-0.0999999999999659
5676.0,-0.11500000000002046,-0.10000000000005116,0.020539595906466562,-0.13750000000004547,-0.13750000000004547,-0.09999999999999432,-0.10000000000005116,-0.0999999999999659
5678.0,-0.11000000000001364,-0.10000000000005116,0.013693063937642646,-0.12500000000002842,-0.12500000000002842,-0.09999999999999432,-0.10000000000005116,-0.0999999999999659
5680.0,-0.11000000000001364,-0.10000000000005116,0.013693063937642646,-0.12500000000002842,-0.12500000000002842,-0.09999999999999432,-0.10000000000005116,-0.0999999999999659
5682.0,-0.1150000000000091,-0.10000000000005116,0.020539595906450995,-0.13750000000001705,-0.13750000000001705,-0.09999999999999432,-0.10000000000005116,-0.0999999999999659
5684.0,-0.11000000000001364,-0.10000000000005116,0.013693063937642646,-0.12500000000002842,-0.12500000000002842,-0.09999999999999432,-0.10000000000005116,-0.0999999999999659
5686.0,-0.11000000000001364,-0.10000000000005116,0.013693063937642646,-0.12500000000002842,-0.12500000000002842,-0.09999999999999432,-0.10000000000005116,-0.0999999999999659
5688.0,-0.11500000000002046,-0.10000000000005116,0.020539595906466562,-0.13750000000004547,-0.13750000000004547,-0.09999999999999432,-0.10000000000005116,-0.0999999999999659
5690.0,-0.11000000000001364,-0.10000000000005116,0.013693063937642646,-0.12500000000002842,-0.12500000000002842,-0.09999999999999432,-0.10000000000005116,-0.0999999999999659
5692.0,-0.11500000000001478,-0.11250000000003979,0.018540496217735708,-0.11250000000003979,-0.13750000000004547,-0.11249999999998295,-0.0875000000000341,-0.12499999999997158
5694.0,-0.1150000000000091,-0.10000000000005116,0.020539595906450995,-0.13750000000001705,-0.13750000000001705,-0.09999999999999432,-0.10000000000005116,-0.0999999999999659
5696.0,-0.11000000000001364,-0.10000000000005116,0.013693063937642646,-0.12500000000002842,-0.12500000000002842,-0.09999999999999432,-0.10000000000005116,-0.0999999999999659
5698.0,-0.1150000000000091,-0.10000000000005116,0.020539595906450995,-0.13750000000001705,-0.13750000000001705,-0.09999999999999432,-0.10000000000005116,-0.0999999999999659
5700.0,-0.11000000000001364,-0.10000000000005116,0.013693063937642646,-0.12500000000002842,-0.12500000000002842,-0.09999999999999432,-0.10000000000005116,-0.0999999999999659
5702.0,-0.1150000000000091,-0.10000000000005116,0.020539595906450995,-0.13750000000001705,-0.13750000000001705,-0.09999999999999432,-0.10000000000005116,-0.0999999999999659
5704.0,-0.11000000000001364,-0.10000000000005116,0.013693063937642646,-0.12500000000002842,-0.12500000000002842,-0.09999999999999432,-0.10000000000005116,-0.0999999999999659
5706.0,-0.11500000000002046,-0.10000000000005116,0.020539595906466562,-0.13750000000004547,-0.13750000000004547,-0.09999999999999432,-0.10000000000005116,-0.0999999999999659
5708.0,-0.11000000000001364,-0.10000000000005116,0.013693063937642646,-0.12500000000002842,-0.12500000000002842,-0.09999999999999432,-0.10000000000005116,-0.0999999999999659
5710.0,-0.11500000000002046,-0.10000000000005116,0.020539595906466562,-0.13750000000004547,-0.13750000000004547,-0.09999999999999432,-0.10000000000005116,-0.0999999999999659
5712.0,-0.1150000000000091,-0.10000000000005116,0.020539595906450995,-0.13750000000001705,-0.13750000000001705,-0.09999999999999432,-0.10000000000005116,-0.0999999999999659
5714.0,-0.11000000000001364,-0.10000000000005116,0.013693063937642646,-0.12500000000002842,-0.12500000000002842,-0.09999999999999432,-0.10000000000005116,-0.0999999999999659
5716.0,-0.1150000000000091,-0.10000000000005116,0.020539595906450995,-0.13750000000001705,-0.13750000000001705,-0.09999999999999432,-0.10000000000005116,-0.0999999999999659
5718.0,-0.11000000000001364,-0.10000000000005116,0.013693063937642646,-0.12500000000002842,-0.12500000000002842,-0.09999999999999432,-0.10000000000005116,-0.0999999999999659
5720.0,-0.11500000000002046,-0.10000000000005116,0.020539595906466562,-0.13750000000004547,-0.13750000000004547,-0.09999999999999432,-0.10000000000005116,-0.0999999999999659
5722.0,-0.11000000000001364,-0.10000000000005116,0.013693063937642646,-0.12500000000002842,-0.12500000000002842,-0.09999999999999432,-0.10000000000005116,-0.0999999999999659
5724.0,-0.11500000000002046,-0.10000000000005116,0.020539595906466562,-0.13750000000004547,-0.13750000000004547,-0.09999999999999432,-0.10000000000005116,-0.0999999999999659
5726.0,-0.10500000000000682,-0.10000000000005116,0.006846531968818728,-0.11250000000001137,-0.11250000000001137,-0.09999999999999432,-0.10000000000005116,-0.0999999999999659
5728.0,-0.11000000000001364,-0.10000000000005116,0.013693063937642646,-0.12500000000002842,-0.12500000000002842,-0.09999999999999432,-0.10000000000005116,-0.0999999999999659
5730.0,-0.11500000000002046,-0.10000000000005116,0.020539595906466562,-0.13750000000004547,-0.13750000000004547,-0.09999999999999432,-0.10000000000005116,-0.0999999999999659
5732.0,-0.11000000000001364,-0.10000000000005116,0.013693063937642646,-0.12500000000002842,-0.12500000000002842,-0.09999999999999432,-0.10000000000005116,-0.0999999999999659
5734.0,-0.11500000000002046,-0.10000000000005116,0.020539595906466562,-0.13750000000004547,-0.13750000000004547,-0.09999999999999432,-0.10000000000005116,-0.0999999999999659
5736.0,-0.11000000000001364,-0.10000000000005116,0.013693063937642646,-0.12500000000002842,-0.12500000000002842,-0.09999999999999432,-0.10000000000005116,-0.0999999999999659
5738.0,-0.11500000000002046,-0.10000000000005116,0.020539595906466562,-0.13750000000004547,-0.13750000000004547,-0.09999999999999432,-0.10000000000005116,-0.0999999999999659
5740.0,-0.11000000000001364,-0.10000000000005116,0.013693063937642646,-0.12500000000002842,-0.12500000000002842,-0.09999999999999432,-0.10000000000005116,-0.0999999999999659
5742.0,-0.11500000000001478,-0.11250000000003979,0.018540496217735708,-0.11250000000003979,-0.13750000000004547,-0.11249999999998295,-0.0875000000000341,-0.12499999999997158
5744.0,-0.1150000000000091,-0.10000000000005116,0.020539595906450995,-0.13750000000001705,-0.13750000000001705,-0.09999999999999432,-0.10000000000005116,-0.0999999999999659
5746.0,-0.11500000000002046,-0.10000000000005116,0.020539595906466562,-0.13750000000004547,-0.13750000000004547,-0.09999999999999432,-0.10000000000005116,-0.0999999999999659
5748.0,-0.11000000000001364,-0.10000000000005116,0.013693063937642646,-0.12500000000002842,-0.12500000000002842,-0.09999999999999432,-0.10000000000005116,-0.0999999999999659
5750.0,-0.11500000000002046,-0.10000000000005116,0.020539595906466562,-0.13750000000004547,-0.13750000000004547,-0.09999999999999432,-0.10000000000005116,-0.0999999999999659
5752.0,-0.11000000000001364,-0.10000000000005116,0.013693063937642646,-0.12500000000002842,-0.12500000000002842,-0.09999999999999432,-0.10000000000005116,-0.0999999999999659
5754.0,-0.1150000000000091,-0.10000000000005116,0.020539595906450995,-0.13750000000001705,-0.13750000000001705,-0.09999999999999432,-0.10000000000005116,-0.0999999999999659
5756.0,-0.11000000000001364,-0.10000000000005116,0.013693063937642646,-0.12500000000002842,-0.12500000000002842,-0.09999999999999432,-0.10000000000005116,-0.0999999999999659
5758.0,-0.1150000000000091,-0.10000000000005116,0.020539595906450995,-0.13750000000001705,-0.13750000000001705,-0.09999999999999432,-0.10000000000005116,-0.0999999999999659
5760.0,-0.1150000000000091,-0.10000000000005116,0.020539595906450995,-0.13750000000001705,-0.13750000000001705,-0.09999999999999432,-0.10000000000005116,-0.0999999999999659
5762.0,-0.11500000000002046,-0.10000000000005116,0.020539595906466562,-0.13750000000004547,-0.13750000000004547,-0.09999999999999432,-0.10000000000005116,-0.0999999999999659
5764.0,-0.11000000000001364,-0.10000000000005116,0.013693063937642646,-0.12500000000002842,-0.12500000000002842,-0.09999999999999432,-0.10000000000005116,-0.0999999999999659
5766.0,-0.11000000000000795,-0.10000000000005116,0.016298006013012508,-0.11250000000001137,-0.13750000000001705,-0.09999999999999432,-0.10000000000005116,-0.0999999999999659
5768.0,-0.11000000000001364,-0.10000000000005116,0.013693063937642646,-0.12500000000002842,-0.12500000000002842,-0.09999999999999432,-0.10000000000005116,-0.0999999999999659
5770.0,-0.1150000000000091,-0.10000000000005116,0.020539595906450995,-0.13750000000001705,-0.13750000000001705,-0.09999999999999432,-0.10000000000005116,-0.0999999999999659
5772.0,-0.11500000000002046,-0.10000000000005116,0.020539595906466562,-0.13750000000004547,-0.13750000000004547,-0.09999999999999432,-0.10000000000005116,-0.0999999999999659
5774.0,-0.11000000000001364,-0.10000000000005116,0.013693063937642646,-0.12500000000002842,-0.12500000000002842,-0.09999999999999432,-0.10000000000005116,-0.0999999999999659
5776.0,-0.11000000000001364,-0.10000000000005116,0.013693063937642646,-0.12500000000002842,-0.12500000000002842,-0.09999999999999432,-0.10000000000005116,-0.0999999999999659
5778.0,-0.11000000000001364,-0.10000000000005116,0.013693063937642646,-0.12500000000002842,-0.12500000000002842,-0.09999999999999432,-0.10000000000005116,-0.0999999999999659
5780.0,-0.1150000000000091,-0.10000000000005116,0.020539595906450995,-0.13750000000001705,-0.13750000000001705,-0.09999999999999432,-0.10000000000005116,-0.0999999999999659
5782.0,-0.11500000000002046,-0.10000000000005116,0.020539595906466562,-0.13750000000004547,-0.13750000000004547,-0.09999999999999432,-0.10000000000005116,-0.0999999999999659
5784.0,-0.11000000000001364,-0.10000000000005116,0.013693063937642646,-0.12500000000002842,-0.12500000000002842,-0.09999999999999432,-0.10000000000005116,-0.0999999999999659
5786.0,-0.11500000000002046,-0.10000000000005116,0.020539595906466562,-0.13750000000004547,-0.13750000000004547,-0.09999999999999432,-0.10000000000005116,-0.0999999999999659
5788.0,-0.11500000000002046,-0.10000000000005116,0.020539595906466562,-0.13750000000004547,-0.13750000000004547,-0.09999999999999432,-0.10000000000005116,-0.0999999999999659
5790.0,-0.11000000000001364,-0.10000000000005116,0.013693063937642646,-0.12500000000002842,-0.12500000000002842,-0.09999999999999432,-0.10000000000005116,-0.0999999999999659
5792.0,-0.1150000000000091,-0.10000000000005116,0.020539595906450995,-0.13750000000001705,-0.13750000000001705,-0.09999999999999432,-0.10000000000005116,-0.0999999999999659
5794.0,-0.11500000000002046,-0.10000000000005116,0.020539595906466562,-0.13750000000004547,-0.13750000000004547,-0.09999999999999432,-0.10000000000005116,-0.0999999999999659
5796.0,-0.11500000000002046,-0.10000000000005116,0.020539595906466562,-0.13750000000004547,-0.13750000000004547,-0.09999999999999432,-0.10000000000005116,-0.0999999999999659
5798.0,-0.11000000000001364,-0.10000000000005116,0.013693063937642646,-0.12500000000002842,-0.12500000000002842,-0.09999999999999432,-0.10000000000005116,-0.0999999999999659
5800.0,-0.1150000000000091,-0.10000000000005116,0.020539595906450995,-0.13750000000001705,-0.13750000000001705,-0.09999999999999432,-0.10000000000005116,-0.0999999999999659
5802.0,-0.11500000000002046,-0.10000000000005116,0.020539595906466562,-0.13750000000004547,-0.13750000000004547,-0.09999999999999432,-0.10000000000005116,-0.0999999999999659
5804.0,-0.11000000000001364,-0.10000000000005116,0.013693063937642646,-0.12500000000002842,-0.12500000000002842,-0.09999999999999432,-0.10000000000005116,-0.0999999999999659
5806.0,-0.12000000000001591,-0.10000000000005116,0.02738612787527491,-0.1500000000000341,-0.1500000000000341,-0.09999999999999432,-0.10000000000005116,-0.0999999999999659
5808.0,-0.11500000000001478,-0.11666666666664582,0.016822191031805604,-0.12083333333333712,-0.13750000000001705,-0.10833333333334849,-0.0916666666667254,-0.11666666666664582
5810.0,-0.1150000000000091,-0.10000000000005116,0.020539595906450995,-0.13750000000001705,-0.13750000000001705,-0.09999999999999432,-0.10000000000005116,-0.0999999999999659
5812.0,-0.11000000000001364,-0.10000000000005116,0.013693063937642646,-0.12500000000002842,-0.12500000000002842,-0.09999999999999432,-0.10000000000005116,-0.0999999999999659
5814.0,-0.11000000000001364,-0.10000000000005116,0.013693063937642646,-0.12500000000002842,-0.12500000000002842,-0.09999999999999432,-0.10000000000005116,-0.0999999999999659
5816.0,-0.1150000000000091,-0.10000000000005116,0.020539595906450995,-0.13750000000001705,-0.13750000000001705,-0.09999999999999432,-0.10000000000005116,-0.0999999999999659
5818.0,-0.11500000000002046,-0.10000000000005116,0.020539595906466562,-0.13750000000004547,-0.13750000000004547,-0.09999999999999432,-0.10000000000005116,-0.0999999999999659
5820.0,-0.11000000000001364,-0.10000000000005116,0.013693063937642646,-0.12500000000002842,-0.12500000000002842,-0.09999999999999432,-0.10000000000005116,-0.0999999999999659
5822.0,-0.1150000000000091,-0.10000000000005116,0.020539595906450995,-0.13750000000001705,-0.13750000000001705,-0.09999999999999432,-0.10000000000005116,-0.0999999999999659
5824.0,-0.11000000000001364,-0.10000000000005116,0.013693063937642646,-0.12500000000002842,-0.12500000000002842,-0.09999999999999432,-0.10000000000005116,-0.0999999999999659
5826.0,-0.1150000000000091,-0.10000000000005116,0.020539595906450995,-0.13750000000001705,-0.13750000000001705,-0.09999999999999432,-0.10000000000005116,-0.0999999999999659
5828.0,-0.11500000000002046,-0.10000000000005116,0.020539595906466562,-0.13750000000004547,-0.13750000000004547,-0.09999999999999432,-0.10000000000005116,-0.0999999999999659
5830.0,-0.11000000000001364,-0.10000000000005116,0.013693063937642646,-0.12500000000002842,-0.12500000000002842,-0.09999999999999432,-0.10000000000005116,-0.0999999999999659
5832.0,-0.11000000000001364,-0.10000000000005116,0.013693063937642646,-0.12500000000002842,-0.12500000000002842,-0.09999999999999432,-0.10000000000005116,-0.0999999999999659
5834.0,-0.11000000000001364,-0.10000000000005116,0.013693063937642646,-0.12500000000002842,-0.12500000000002842,-0.09999999999999432,-0.10000000000005116,-0.0999999999999659
5836.0,-0.1150000000000091,-0.10000000000005116,0.020539595906450995,-0.13750000000001705,-0.13750000000001705,-0.09999999999999432,-0.10000000000005116,-0.0999999999999659
5838.0,-0.11500000000002046,-0.10000000000005116,0.020539595906466562,-0.13750000000004547,-0.13750000000004547,-0.09999999999999432,-0.10000000000005116,-0.0999999999999659
5840.0,-0.11000000000001364,-0.10000000000005116,0.013693063937642646,-0.12500000000002842,-0.12500000000002842,-0.09999999999999432,-0.10000000000005116,-0.0999999999999659
5842.0,-0.10500000000000682,-0.09999999999999432,0.0227073776557254,-0.11250000000001137,-0.13750000000001705,-0.09999999999999432,-0.07500000000004547,-0.0999999999999659
5844.0,-0.10500000000001819,-0.09999999999999432,0.022707377655737916,-0.11250000000003979,-0.13750000000004547,-0.09999999999999432,-0.07500000000004547,-0.0999999999999659
5846.0,-0.11000000000001364,-0.10000000000005116,0.013693063937642646,-0.12500000000002842,-0.12500000000002842,-0.09999999999999432,-0.10000000000005116,-0.0999999999999659
5848.0,-0.11166666666669016,-0.09999999999999432,0.02028443574108064,-0.12916666666671972,-0.13750000000004547,-0.09999999999999432,-0.0916666666667254,-0.0999999999999659
5850.0,-0.11000000000001364,-0.10000000000005116,0.013693063937642646,-0.12500000000002842,-0.12500000000002842,-0.09999999999999432,-0.10000000000005116,-0.0999999999999659
5852.0,-0.11500000000001478,-0.11250000000003979,0.018540496217735708,-0.11250000000003979,-0.13750000000004547,-0.11249999999998295,-0.0875000000000341,-0.12499999999997158
5854.0,-0.11000000000001364,-0.10000000000005116,0.013693063937642646,-0.12500000000002842,-0.12500000000002842,-0.09999999999999432,-0.10000000000005116,-0.0999999999999659
5856.0,-0.11000000000001364,-0.10000000000005116,0.013693063937642646,-0.12500000000002842,-0.12500000000002842,-0.09999999999999432,-0.10000000000005116,-0.0999999999999659
5858.0,-0.11000000000001364,-0.10000000000005116,0.013693063937642646,-0.12500000000002842,-0.12500000000002842,-0.09999999999999432,-0.10000000000005116,-0.0999999999999659
5860.0,-0.1150000000000091,-0.10000000000005116,0.020539595906450995,-0.13750000000001705,-0.13750000000001705,-0.09999999999999432,-0.10000000000005116,-0.0999999999999659
5862.0,-0.11500000000002046,-0.10000000000005116,0.020539595906466562,-0.13750000000004547,-0.13750000000004547,-0.09999999999999432,-0.10000000000005116,-0.0999999999999659
5864.0,-0.11000000000001364,-0.10000000000005116,0.013693063937642646,-0.12500000000002842,-0.12500000000002842,-0.09999999999999432,-0.10000000000005116,-0.0999999999999659
5866.0,-0.1150000000000091,-0.10000000000005116,0.020539595906450995,-0.13750000000001705,-0.13750000000001705,-0.09999999999999432,-0.10000000000005116,-0.0999999999999659
5868.0,-0.11500000000002046,-0.10000000000005116,0.020539595906466562,-0.13750000000004547,-0.13750000000004547,-0.09999999999999432,-0.10000000000005116,-0.0999999999999659
5870.0,-0.11000000000001364,-0.10000000000005116,0.013693063937642646,-0.12500000000002842,-0.12500000000002842,-0.09999999999999432,-0.10000000000005116,-0.0999999999999659
5872.0,-0.1150000000000091,-0.10000000000005116,0.020539595906450995,-0.13750000000001705,-0.13750000000001705,-0.09999999999999432,-0.10000000000005116,-0.0999999999999659
5874.0,-0.11500000000002046,-0.10000000000005116,0.020539595906466562,-0.13750000000004547,-0.13750000000004547,-0.09999999999999432,-0.10000000000005116,-0.0999999999999659
5876.0,-0.11000000000001364,-0.10000000000005116,0.013693063937642646,-0.12500000000002842,-0.12500000000002842,-0.09999999999999432,-0.10000000000005116,-0.0999999999999659
5878.0,-0.1150000000000091,-0.10000000000005116,0.020539595906450995,-0.13750000000001705,-0.13750000000001705,-0.09999999999999432,-0.10000000000005116,-0.0999999999999659
5880.0,-0.10500000000001819,-0.09999999999999432,0.022707377655737916,-0.11250000000003979,-0.13750000000004547,-0.09999999999999432,-0.07500000000004547,-0.0999999999999659
5882.0,-0.11000000000001364,-0.10000000000005116,0.013693063937642646,-0.12500000000002842,-0.12500000000002842,-0.09999999999999432,-0.10000000000005116,-0.0999999999999659
5884.0,-0.11000000000001364,-0.10000000000005116,0.013693063937642646,-0.12500000000002842,-0.12500000000002842,-0.09999999999999432,-0.10000000000005116,-0.0999999999999659
5886.0,-0.12000000000001591,-0.10000000000005116,0.02738612787527491,-0.1500000000000341,-0.1500000000000341,-0.09999999999999432,-0.10000000000005116,-0.0999999999999659
5888.0,-0.11000000000001364,-0.10000000000005116,0.013693063937642646,-0.12500000000002842,-0.12500000000002842,-0.09999999999999432,-0.10000000000005116,-0.0999999999999659
5890.0,-0.11333333333334394,-0.10000000000005116,0.018257418583514876,-0.13333333333335418,-0.13333333333335418,-0.09999999999999432,-0.10000000000005116,-0.0999999999999659
5892.0,-0.11000000000001364,-0.10000000000005116,0.013693063937642646,-0.12500000000002842,-0.12500000000002842,-0.09999999999999432,-0.10000000000005116,-0.0999999999999659
5894.0,-0.1150000000000091,-0.10000000000005116,0.020539595906450995,-0.13750000000001705,-0.13750000000001705,-0.09999999999999432,-0.10000000000005116,-0.0999999999999659
5896.0,-0.11000000000001364,-0.10000000000005116,0.013693063937642646,-0.12500000000002842,-0.12500000000002842,-0.09999999999999432,-0.10000000000005116,-0.0999999999999659
5898.0,-0.11500000000002046,-0.10000000000005116,0.020539595906466562,-0.13750000000004547,-0.13750000000004547,-0.09999999999999432,-0.10000000000005116,-0.0999999999999659
5900.0,-0.11000000000001364,-0.10000000000005116,0.013693063937642646,-0.12500000000002842,-0.12500000000002842,-0.09999999999999432,-0.10000000000005116,-0.0999999999999659
5902.0,-0.11000000000001364,-0.10000000000005116,0.013693063937642646,-0.12500000000002842,-0.12500000000002842,-0.09999999999999432,-0.10000000000005116,-0.0999999999999659
5904.0,-0.11000000000001364,-0.10000000000005116,0.013693063937642646,-0.12500000000002842,-0.12500000000002842,-0.09999999999999432,-0.10000000000005116,-0.0999999999999659
5906.0,-0.11000000000001364,-0.10000000000005116,0.013693063937642646,-0.12500000000002842,-0.12500000000002842,-0.09999999999999432,-0.10000000000005116,-0.0999999999999659
5908.0,-0.10000000000001137,-0.0999999999999659,0.012499999999988631,-0.11250000000001137,-0.11250000000001137,-0.08750000000000568,-0.08750000000006253,-0.0999999999999659
5910.0,-0.10500000000001819,-0.09999999999999432,0.022707377655737916,-0.11250000000003979,-0.13750000000004547,-0.09999999999999432,-0.07500000000004547,-0.0999999999999659
5912.0,-0.10500000000000682,-0.10000000000005116,0.006846531968818728,-0.11250000000001137,-0.11250000000001137,-0.09999999999999432,-0.10000000000005116,-0.0999999999999659
5914.0,-0.10000000000001137,-0.0999999999999659,0.012500000000017053,-0.11250000000003979,-0.11250000000003979,-0.08749999999997726,-0.0875000000000341,-0.0999999999999659
5916.0,-0.11000000000001364,-0.10000000000005116,0.013693063937642646,-0.12500000000002842,-0.12500000000002842,-0.09999999999999432,-0.10000000000005116,-0.0999999999999659
5918.0,-0.11000000000001364,-0.10000000000005116,0.013693063937642646,-0.12500000000002842,-0.12500000000002842,-0.09999999999999432,-0.10000000000005116,-0.0999999999999659
5920.0,-0.11000000000001364,-0.10000000000005116,0.013693063937642646,-0.12500000000002842,-0.12500000000002842,-0.09999999999999432,-0.10000000000005116,-0.0999999999999659
5922.0,-0.10000000000001137,-0.0999999999999659,0.012499999999988631,-0.11250000000001137,-0.11250000000001137,-0.08750000000000568,-0.08750000000006253,-0.0999999999999659
5924.0,-0.11500000000002046,-0.10000000000005116,0.020539595906466562,-0.13750000000004547,-0.13750000000004547,-0.09999999999999432,-0.10000000000005116,-0.0999999999999659
5926.0,-0.11000000000001364,-0.10000000000005116,0.013693063937642646,-0.12500000000002842,-0.12500000000002842,-0.09999999999999432,-0.10000000000005116,-0.0999999999999659
5928.0,-0.11500000000002046,-0.10000000000005116,0.020539595906466562,-0.13750000000004547,-0.13750000000004547,-0.09999999999999432,-0.10000000000005116,-0.0999999999999659
5930.0,-0.11500000000002046,-0.10000000000005116,0.020539595906466562,-0.13750000000004547,-0.13750000000004547,-0.09999999999999432,-0.10000000000005116,-0.0999999999999659
5932.0,-0.11000000000001364,-0.10000000000005116,0.013693063937642646,-0.12500000000002842,-0.12500000000002842,-0.09999999999999432,-0.10000000000005116,-0.0999999999999659
5934.0,-0.11000000000001364,-0.10000000000005116,0.013693063937642646,-0.12500000000002842,-0.12500000000002842,-0.09999999999999432,-0.10000000000005116,-0.0999999999999659
5936.0,-0.10500000000000682,-0.09999999999999432,0.0227073776557254,-0.11250000000001137,-0.13750000000001705,-0.09999999999999432,-0.07500000000004547,-0.0999999999999659
5938.0,-0.1150000000000091,-0.10000000000005116,0.020539595906450995,-0.13750000000001705,-0.13750000000001705,-0.09999999999999432,-0.10000000000005116,-0.0999999999999659
5940.0,-0.11000000000001364,-0.10000000000005116,0.013693063937642646,-0.12500000000002842,-0.12500000000002842,-0.09999999999999432,-0.10000000000005116,-0.0999999999999659
5942.0,-0.11500000000002046,-0.10000000000005116,0.020539595906466562,-0.13750000000004547,-0.13750000000004547,-0.09999999999999432,-0.10000000000005116,-0.0999999999999659
5944.0,-0.11000000000001364,-0.10000000000005116,0.013693063937642646,-0.12500000000002842,-0.12500000000002842,-0.09999999999999432,-0.10000000000005116,-0.0999999999999659
5946.0,-0.1150000000000091,-0.10000000000005116,0.020539595906450995,-0.13750000000001705,-0.13750000000001705,-0.09999999999999432,-0.10000000000005116,-0.0999999999999659
5948.0,-0.11000000000001364,-0.10000000000005116,0.013693063937642646,-0.12500000000002842,-0.12500000000002842,-0.09999999999999432,-0.10000000000005116,-0.0999999999999659
5950.0,-0.11666666666668561,-0.10000000000005116,0.02282177322940268,-0.14166666666670835,-0.14166666666670835,-0.09999999999999432,-0.10000000000005116,-0.0999999999999659
5952.0,-0.11666666666667425,-0.10000000000005116,0.02282177322938711,-0.14166666666667993,-0.14166666666667993,-0.09999999999999432,-0.10000000000005116,-0.0999999999999659
5954.0,-0.11000000000001364,-0.10000000000005116,0.013693063937642646,-0.12500000000002842,-0.12500000000002842,-0.09999999999999432,-0.10000000000005116,-0.0999999999999659
5956.0,-0.11000000000001364,-0.10000000000005116,0.013693063937642646,-0.12500000000002842,-0.12500000000002842,-0.09999999999999432,-0.10000000000005116,-0.0999999999999659
5958.0,-0.11000000000001364,-0.10000000000005116,0.013693063937642646,-0.12500000000002842,-0.12500000000002842,-0.09999999999999432,-0.10000000000005116,-0.0999999999999659
5960.0,-0.10500000000001819,-0.09999999999999432,0.022707377655737916,-0.11250000000003979,-0.13750000000004547,-0.09999999999999432,-0.07500000000004547,-0.0999999999999659
5962.0,-0.11000000000001364,-0.10000000000005116,0.013693063937642646,-0.12500000000002842,-0.12500000000002842,-0.09999999999999432,-0.10000000000005116,-0.0999999999999659
5964.0,-0.1150000000000091,-0.10000000000005116,0.020539595906450995,-0.13750000000001705,-0.13750000000001705,-0.09999999999999432,-0.10000000000005116,-0.0999999999999659
5966.0,-0.11000000000001364,-0.10000000000005116,0.013693063937642646,-0.12500000000002842,-0.12500000000002842,-0.09999999999999432,-0.10000000000005116,-0.0999999999999659
5968.0,-0.11500000000002046,-0.10000000000005116,0.020539595906466562,-0.13750000000004547,-0.13750000000004547,-0.09999999999999432,-0.10000000000005116,-0.0999999999999659
5970.0,-0.11000000000001364,-0.10000000000005116,0.013693063937642646,-0.12500000000002842,-0.12500000000002842,-0.09999999999999432,-0.10000000000005116,-0.0999999999999659
5972.0,-0.1150000000000091,-0.10000000000005116,0.020539595906450995,-0.13750000000001705,-0.13750000000001705,-0.09999999999999432,-0.10000000000005116,-0.0999999999999659
5974.0,-0.10000000000001137,-0.0999999999999659,0.012499999999988631,-0.11250000000001137,-0.11250000000001137,-0.08750000000000568,-0.08750000000006253,-0.0999999999999659
5976.0,-0.11500000000002046,-0.10000000000005116,0.020539595906466562,-0.13750000000004547,-0.13750000000004547,-0.09999999999999432,-0.10000000000005116,-0.0999999999999659
5978.0,-0.11000000000001364,-0.10000000000005116,0.013693063937642646,-0.12500000000002842,-0.12500000000002842,-0.09999999999999432,-0.10000000000005116,-0.0999999999999659
5980.0,-0.11333333333335531,-0.10000000000005116,0.018257418583530444,-0.1333333333333826,-0.1333333333333826,-0.09999999999999432,-0.10000000000005116,-0.0999999999999659
5982.0,-0.1150000000000091,-0.10000000000005116,0.020539595906450995,-0.13750000000001705,-0.13750000000001705,-0.09999999999999432,-0.10000000000005116,-0.0999999999999659
5984.0,-0.1116666666666788,-0.10000000000005116,0.01597524126057876,-0.1291666666666913,-0.1291666666666913,-0.09999999999999432,-0.10000000000005116,-0.0999999999999659
5986.0,-0.1150000000000091,-0.10000000000005116,0.020539595906450995,-0.13750000000001705,-0.13750000000001705,-0.09999999999999432,-0.10000000000005116,-0.0999999999999659
5988.0,-0.11000000000001364,-0.10000000000005116,0.013693063937642646,-0.12500000000002842,-0.12500000000002842,-0.09999999999999432,-0.10000000000005116,-0.0999999999999659
5990.0,-0.11000000000001364,-0.10000000000005116,0.013693063937642646,-0.12500000000002842,-0.12500000000002842,-0.09999999999999432,-0.10000000000005116,-0.0999999999999659
5992.0,-0.11500000000002046,-0.10000000000005116,0.020539595906466562,-0.13750000000004547,-0.13750000000004547,-0.09999999999999432,-0.10000000000005116,-0.0999999999999659
5994.0,-0.11500000000002046,-0.10000000000005116,0.020539595906466562,-0.13750000000004547,-0.13750000000004547,-0.09999999999999432,-0.10000000000005116,-0.0999999999999659
5996.0,-0.11000000000001364,-0.10000000000005116,0.013693063937642646,-0.12500000000002842,-0.12500000000002842,-0.09999999999999432,-0.10000000000005116,-0.0999999999999659
5998.0,-0.11000000000001364,-0.10000000000005116,0.013693063937642646,-0.12500000000002842,-0.12500000000002842,-0.09999999999999432,-0.10000000000005116,-0.0999999999999659
6000.0,-0.10500000000000682,-0.09999999999999432,0.0227073776557254,-0.11250000000001137,-0.13750000000001705,-0.09999999999999432,-0.07500000000004547,-0.0999999999999659
6002.0,-0.11500000000002046,-0.10000000000005116,0.020539595906466562,-0.13750000000004547,-0.13750000000004547,-0.09999999999999432,-0.10000000000005116,-0.0999999999999659
6004.0,-0.1116666666666788,-0.10000000000005116,0.01597524126057876,-0.1291666666666913,-0.1291666666666913,-0.09999999999999432,-0.10000000000005116,-0.0999999999999659
6006.0,-0.11500000000002046,-0.10000000000005116,0.020539595906466562,-0.13750000000004547,-0.13750000000004547,-0.09999999999999432,-0.10000000000005116,-0.0999999999999659
6008.0,-0.11000000000001364,-0.10000000000005116,0.013693063937642646,-0.12500000000002842,-0.12500000000002842,-0.09999999999999432,-0.10000000000005116,-0.0999999999999659
6010.0,-0.09000000000000341,-0.07500000000004547,0.020539595906450995,-0.11250000000001137,-0.11250000000001137,-0.07499999999998863,-0.07500000000004547,-0.07499999999996021
6012.0,-0.11000000000001364,-0.10000000000005116,0.013693063937642646,-0.12500000000002842,-0.12500000000002842,-0.09999999999999432,-0.10000000000005116,-0.0999999999999659
6014.0,-0.11000000000001364,-0.10000000000005116,0.013693063937642646,-0.12500000000002842,-0.12500000000002842,-0.09999999999999432,-0.10000000000005116,-0.0999999999999659
6016.0,-0.11000000000001364,-0.10000000000005116,0.013693063937642646,-0.12500000000002842,-0.12500000000002842,-0.09999999999999432,-0.10000000000005116,-0.0999999999999659
6018.0,-0.11000000000001364,-0.10000000000005116,0.013693063937642646,-0.12500000000002842,-0.12500000000002842,-0.09999999999999432,-0.10000000000005116,-0.0999999999999659
6020.0,-0.11000000000001364,-0.10000000000005116,0.013693063937642646,-0.12500000000002842,-0.12500000000002842,-0.09999999999999432,-0.10000000000005116,-0.0999999999999659
6022.0,-0.11000000000001364,-0.10000000000005116,0.013693063937642646,-0.12500000000002842,-0.12500000000002842,-0.09999999999999432,-0.10000000000005116,-0.0999999999999659
6024.0,-0.11000000000001364,-0.10000000000005116,0.013693063937642646,-0.12500000000002842,-0.12500000000002842,-0.09999999999999432,-0.10000000000005116,-0.0999999999999659
6026.0,-0.10000000000001137,-0.09999999999999432,0.017677669529657658,-0.10000000000002274,-0.12500000000002842,-0.09999999999999432,-0.07500000000004547,-0.0999999999999659
6028.0,-0.10000000000001137,-0.09999999999999432,0.017677669529657658,-0.10000000000002274,-0.12500000000002842,-0.09999999999999432,-0.07500000000004547,-0.0999999999999659
6030.0,-0.11000000000001364,-0.10000000000005116,0.013693063937642646,-0.12500000000002842,-0.12500000000002842,-0.09999999999999432,-0.10000000000005116,-0.0999999999999659
6032.0,-0.10000000000001137,-0.09999999999999432,0.017677669529657658,-0.10000000000002274,-0.12500000000002842,-0.09999999999999432,-0.07500000000004547,-0.0999999999999659
6034.0,-0.10000000000001137,-0.09999999999999432,0.017677669529657658,-0.10000000000002274,-0.12500000000002842,-0.09999999999999432,-0.07500000000004547,-0.0999999999999659
6036.0,-0.11000000000001364,-0.10000000000005116,0.013693063937642646,-0.12500000000002842,-0.12500000000002842,-0.09999999999999432,-0.10000000000005116,-0.0999999999999659
6038.0,-0.11000000000001364,-0.10000000000005116,0.013693063937642646,-0.12500000000002842,-0.12500000000002842,-0.09999999999999432,-0.10000000000005116,-0.0999999999999659
6040.0,-0.11000000000001364,-0.10000000000005116,0.013693063937642646,-0.12500000000002842,-0.12500000000002842,-0.09999999999999432,-0.10000000000005116,-0.0999999999999659
6042.0,-0.11000000000001364,-0.10000000000005116,0.013693063937642646,-0.12500000000002842,-0.12500000000002842,-0.09999999999999432,-0.10000000000005116,-0.0999999999999659
6044.0,-0.0900000000000091,-0.0999999999999659,0.02850438562746748,-0.07500000000001705,-0.12500000000002842,-0.09999999999999432,-0.05000000000003979,-0.0999999999999659
6046.0,-0.0900000000000091,-0.0999999999999659,0.02850438562746748,-0.07500000000001705,-0.12500000000002842,-0.09999999999999432,-0.05000000000003979,-0.0999999999999659
6048.0,-0.10000000000001137,-0.09999999999999432,0.017677669529657658,-0.10000000000002274,-0.12500000000002842,-0.09999999999999432,-0.07500000000004547,-0.0999999999999659
6050.0,-0.0900000000000091,-0.0999999999999659,0.02850438562746748,-0.07500000000001705,-0.12500000000002842,-0.09999999999999432,-0.05000000000003979,-0.0999999999999659
6052.0,-0.09500000000000455,-0.0999999999999659,0.006846531968813538,-0.10000000000002274,-0.10000000000002274,-0.08749999999997726,-0.0875000000000341,-0.0999999999999659
6054.0,-0.07000000000000454,-0.05000000000003979,0.032596012026029374,-0.07500000000001705,-0.12500000000002842,-0.04999999999998295,-0.05000000000003979,-0.049999999999954525
6056.0,-0.11000000000001364,-0.10000000000005116,0.013693063937642646,-0.12500000000002842,-0.12500000000002842,-0.09999999999999432,-0.10000000000005116,-0.0999999999999659
6058.0,-0.0900000000000091,-0.0999999999999659,0.02850438562746748,-0.07500000000001705,-0.12500000000002842,-0.09999999999999432,-0.05000000000003979,-0.0999999999999659
6060.0,-0.0900000000000091,-0.0999999999999659,0.02850438562746748,-0.07500000000001705,-0.12500000000002842,-0.09999999999999432,-0.05000000000003979,-0.0999999999999659
6062.0,-0.11000000000001364,-0.10000000000005116,0.013693063937642646,-0.12500000000002842,-0.12500000000002842,-0.09999999999999432,-0.10000000000005116,-0.0999999999999659
6064.0,-0.10000000000001137,-0.10000000000002274,3.240573478043448e-14,-0.10000000000002274,-0.10000000000002274,-0.09999999999999432,-0.10000000000005116,-0.0999999999999659
6066.0,-0.10000000000001137,-0.10000000000002274,3.240573478043448e-14,-0.10000000000002274,-0.10000000000002274,-0.09999999999999432,-0.10000000000005116,-0.0999999999999659
6068.0,-0.11000000000001364,-0.10000000000005116,0.013693063937642646,-0.12500000000002842,-0.12500000000002842,-0.09999999999999432,-0.10000000000005116,-0.0999999999999659
6070.0,-0.11000000000001364,-0.10000000000005116,0.013693063937642646,-0.12500000000002842,-0.12500000000002842,-0.09999999999999432,-0.10000000000005116,-0.0999999999999659
6072.0,-0.10000000000001137,-0.10000000000002274,3.240573478043448e-14,-0.10000000000002274,-0.10000000000002274,-0.09999999999999432,-0.10000000000005116,-0.0999999999999659
6074.0,-0.10000000000001137,-0.10000000000002274,3.240573478043448e-14,-0.10000000000002274,-0.10000000000002274,-0.09999999999999432,-0.10000000000005116,-0.0999999999999659
6076.0,-0.11000000000001364,-0.10000000000005116,0.013693063937642646,-0.12500000000002842,-0.12500000000002842,-0.09999999999999432,-0.10000000000005116,-0.0999999999999659
6078.0,-0.11000000000001364,-0.10000000000005116,0.013693063937642646,-0.12500000000002842,-0.12500000000002842,-0.09999999999999432,-0.10000000000005116,-0.0999999999999659
6080.0,-0.11000000000001364,-0.10000000000005116,0.013693063937642646,-0.12500000000002842,-0.12500000000002842,-0.09999999999999432,-0.10000000000005116,-0.0999999999999659
6082.0,-0.11000000000001364,-0.10000000000005116,0.013693063937642646,-0.12500000000002842,-0.12500000000002842,-0.09999999999999432,-0.10000000000005116,-0.0999999999999659
6084.0,-0.11000000000001364,-0.10000000000005116,0.013693063937642646,-0.12500000000002842,-0.12500000000002842,-0.09999999999999432,-0.10000000000005116,-0.0999999999999659
6086.0,-0.11000000000001364,-0.10000000000005116,0.013693063937642646,-0.12500000000002842,-0.12500000000002842,-0.09999999999999432,-0.10000000000005116,-0.0999999999999659
6088.0,-0.11000000000001364,-0.10000000000005116,0.013693063937642646,-0.12500000000002842,-0.12500000000002842,-0.09999999999999432,-0.10000000000005116,-0.0999999999999659
6090.0,-0.11000000000001364,-0.10000000000005116,0.013693063937642646,-0.12500000000002842,-0.12500000000002842,-0.09999999999999432,-0.10000000000005116,-0.0999999999999659
6092.0,-0.12000000000001591,-0.10000000000002274,0.027386127875287884,-0.1500000000000341,-0.10000000000002274,-0.09999999999999432,-0.15000000000006253,-0.0999999999999659
6094.0,-0.11000000000001364,-0.10000000000005116,0.013693063937642646,-0.12500000000002842,-0.12500000000002842,-0.09999999999999432,-0.10000000000005116,-0.0999999999999659
6096.0,-0.11000000000001364,-0.10000000000005116,0.013693063937642646,-0.12500000000002842,-0.12500000000002842,-0.09999999999999432,-0.10000000000005116,-0.0999999999999659
6098.0,-0.11000000000001364,-0.10000000000005116,0.013693063937642646,-0.12500000000002842,-0.12500000000002842,-0.09999999999999432,-0.10000000000005116,-0.0999999999999659
6100.0,-0.11000000000001364,-0.10000000000005116,0.013693063937642646,-0.12500000000002842,-0.12500000000002842,-0.09999999999999432,-0.10000000000005116,-0.0999999999999659
6102.0,-0.11000000000001364,-0.10000000000005116,0.013693063937642646,-0.12500000000002842,-0.12500000000002842,-0.09999999999999432,-0.10000000000005116,-0.0999999999999659
6104.0,-0.11000000000001364,-0.10000000000005116,0.013693063937642646,-0.12500000000002842,-0.12500000000002842,-0.09999999999999432,-0.10000000000005116,-0.0999999999999659
6106.0,-0.11000000000001364,-0.10000000000005116,0.013693063937642646,-0.12500000000002842,-0.12500000000002842,-0.09999999999999432,-0.10000000000005116,-0.0999999999999659
6108.0,-0.14000000000002047,-0.15000000000000568,0.022360679774996627,-0.1500000000000341,-0.10000000000002274,-0.15000000000000568,-0.15000000000006253,-0.14999999999997726
6110.0,-0.1150000000000091,-0.11250000000001137,0.016298006013029945,-0.13750000000001705,-0.11250000000001137,-0.09999999999999432,-0.12500000000005684,-0.0999999999999659
6112.0,-0.11000000000001364,-0.10000000000005116,0.013693063937642646,-0.12500000000002842,-0.12500000000002842,-0.09999999999999432,-0.10000000000005116,-0.0999999999999659
6114.0,-0.11000000000001364,-0.10000000000005116,0.013693063937642646,-0.12500000000002842,-0.12500000000002842,-0.09999999999999432,-0.10000000000005116,-0.0999999999999659
6116.0,-0.11000000000001364,-0.10000000000005116,0.013693063937642646,-0.12500000000002842,-0.12500000000002842,-0.09999999999999432,-0.10000000000005116,-0.0999999999999659
6118.0,-0.11000000000001364,-0.10000000000005116,0.013693063937642646,-0.12500000000002842,-0.12500000000002842,-0.09999999999999432,-0.10000000000005116,-0.0999999999999659
6120.0,-0.11000000000001364,-0.10000000000005116,0.013693063937642646,-0.12500000000002842,-0.12500000000002842,-0.09999999999999432,-0.10000000000005116,-0.0999999999999659
6122.0,-0.11000000000001364,-0.10000000000005116,0.013693063937642646,-0.12500000000002842,-0.12500000000002842,-0.09999999999999432,-0.10000000000005116,-0.0999999999999659
6124.0,-0.11000000000001364,-0.10000000000005116,0.013693063937642646,-0.12500000000002842,-0.12500000000002842,-0.09999999999999432,-0.10000000000005116,-0.0999999999999659
6126.0,-0.11000000000001364,-0.10000000000005116,0.013693063937642646,-0.12500000000002842,-0.12500000000002842,-0.09999999999999432,-0.10000000000005116,-0.0999999999999659
6128.0,-0.11000000000001364,-0.10000000000005116,0.013693063937642646,-0.12500000000002842,-0.12500000000002842,-0.09999999999999432,-0.10000000000005116,-0.0999999999999659
6130.0,-0.12000000000001591,-0.12500000000002842,0.020916500663378725,-0.1500000000000341,-0.12500000000002842,-0.09999999999999432,-0.12500000000005684,-0.0999999999999659
6132.0,-0.13000000000001818,-0.12500000000002842,0.03259601202604463,-0.1750000000000398,-0.12500000000002842,-0.09999999999999432,-0.15000000000006253,-0.0999999999999659
6134.0,-0.13000000000001818,-0.12500000000002842,0.03259601202604463,-0.1750000000000398,-0.12500000000002842,-0.09999999999999432,-0.15000000000006253,-0.0999999999999659
6136.0,-0.12500000000002273,-0.11250000000003979,0.02931509849893037,-0.16250000000005116,-0.11250000000003979,-0.09999999999999432,-0.15000000000006253,-0.0999999999999659
6138.0,-0.12000000000001591,-0.10000000000002274,0.027386127875287884,-0.1500000000000341,-0.10000000000002274,-0.09999999999999432,-0.15000000000006253,-0.0999999999999659
6140.0,-0.12000000000001591,-0.10000000000002274,0.027386127875287884,-0.1500000000000341,-0.10000000000002274,-0.09999999999999432,-0.15000000000006253,-0.0999999999999659
6142.0,-0.11000000000001364,-0.10000000000005116,0.013693063937642646,-0.12500000000002842,-0.12500000000002842,-0.09999999999999432,-0.10000000000005116,-0.0999999999999659
6144.0,-0.12000000000001591,-0.12500000000002842,0.020916500663378725,-0.1500000000000341,-0.12500000000002842,-0.09999999999999432,-0.12500000000005684,-0.0999999999999659
6146.0,-0.13000000000001818,-0.12500000000002842,0.03259601202604463,-0.1750000000000398,-0.12500000000002842,-0.09999999999999432,-0.15000000000006253,-0.0999999999999659
6148.0,-0.12500000000002273,-0.11250000000003979,0.02931509849893037,-0.16250000000005116,-0.11250000000003979,-0.09999999999999432,-0.15000000000006253,-0.0999999999999659
6150.0,-0.12000000000001591,-0.10000000000002274,0.027386127875287884,-0.1500000000000341,-0.10000000000002274,-0.09999999999999432,-0.15000000000006253,-0.0999999999999659
6152.0,-0.12000000000001591,-0.10000000000002274,0.027386127875287884,-0.1500000000000341,-0.10000000000002274,-0.09999999999999432,-0.15000000000006253,-0.0999999999999659
6154.0,-0.1300000000000125,-0.12500000000005684,0.006846531968818728,-0.13750000000001705,-0.13750000000001705,-0.125,-0.12500000000005684,-0.12499999999997158
6156.0,-0.13000000000001818,-0.12500000000002842,0.03259601202604463,-0.1750000000000398,-0.12500000000002842,-0.09999999999999432,-0.15000000000006253,-0.0999999999999659
6158.0,-0.13000000000001818,-0.12500000000002842,0.03259601202604463,-0.1750000000000398,-0.12500000000002842,-0.09999999999999432,-0.15000000000006253,-0.0999999999999659
6160.0,-0.12000000000001591,-0.10000000000002274,0.027386127875287884,-0.1500000000000341,-0.10000000000002274,-0.09999999999999432,-0.15000000000006253,-0.0999999999999659
6162.0,-0.1150000000000091,-0.11250000000001137,0.016298006013029945,-0.13750000000001705,-0.11250000000001137,-0.09999999999999432,-0.12500000000005684,-0.0999999999999659
6164.0,-0.13000000000001818,-0.12500000000002842,0.03259601202604463,-0.1750000000000398,-0.12500000000002842,-0.09999999999999432,-0.15000000000006253,-0.0999999999999659
6166.0,-0.12000000000001591,-0.10000000000002274,0.027386127875287884,-0.1500000000000341,-0.10000000000002274,-0.09999999999999432,-0.15000000000006253,-0.0999999999999659
6168.0,-0.14000000000001478,-0.13750000000001705,0.016298006013029945,-0.16250000000002274,-0.13750000000001705,-0.125,-0.15000000000006253,-0.12499999999997158
6170.0,-0.13000000000001818,-0.12500000000002842,0.03259601202604463,-0.1750000000000398,-0.12500000000002842,-0.09999999999999432,-0.15000000000006253,-0.0999999999999659
6172.0,-0.12000000000001591,-0.10000000000002274,0.027386127875287884,-0.1500000000000341,-0.10000000000002274,-0.09999999999999432,-0.15000000000006253,-0.0999999999999659
6174.0,-0.1150000000000091,-0.11250000000001137,0.016298006013029945,-0.13750000000001705,-0.11250000000001137,-0.09999999999999432,-0.12500000000005684,-0.0999999999999659
6176.0,-0.13000000000001818,-0.12500000000002842,0.03259601202604463,-0.1750000000000398,-0.12500000000002842,-0.09999999999999432,-0.15000000000006253,-0.0999999999999659
6178.0,-0.12000000000001591,-0.10000000000002274,0.027386127875287884,-0.1500000000000341,-0.10000000000002274,-0.09999999999999432,-0.15000000000006253,-0.0999999999999659
6180.0,-0.12500000000001138,-0.11250000000001137,0.02931509849892431,-0.16250000000002274,-0.11250000000001137,-0.09999999999999432,-0.15000000000006253,-0.0999999999999659
6182.0,-0.13000000000001818,-0.12500000000002842,0.03259601202604463,-0.1750000000000398,-0.12500000000002842,-0.09999999999999432,-0.15000000000006253,-0.0999999999999659
6184.0,-0.12000000000001591,-0.10000000000002274,0.027386127875287884,-0.1500000000000341,-0.10000000000002274,-0.09999999999999432,-0.15000000000006253,-0.0999999999999659
6186.0,-0.14000000000001478,-0.13750000000001705,0.016298006013029945,-0.16250000000002274,-0.13750000000001705,-0.125,-0.15000000000006253,-0.12499999999997158
6188.0,-0.13000000000001818,-0.12500000000002842,0.03259601202604463,-0.1750000000000398,-0.12500000000002842,-0.09999999999999432,-0.15000000000006253,-0.0999999999999659
6190.0,-0.12000000000001591,-0.10000000000002274,0.027386127875287884,-0.1500000000000341,-0.10000000000002274,-0.09999999999999432,-0.15000000000006253,-0.0999999999999659
6192.0,-0.13000000000001818,-0.12500000000002842,0.03259601202604463,-0.1750000000000398,-0.12500000000002842,-0.09999999999999432,-0.15000000000006253,-0.0999999999999659
6194.0,-0.12500000000002273,-0.11250000000003979,0.02931509849893037,-0.16250000000005116,-0.11250000000003979,-0.09999999999999432,-0.15000000000006253,-0.0999999999999659
6196.0,-0.12500000000001138,-0.11250000000001137,0.02931509849892431,-0.16250000000002274,-0.11250000000001137,-0.09999999999999432,-0.15000000000006253,-0.0999999999999659
6198.0,-0.13000000000001818,-0.12500000000002842,0.03259601202604463,-0.1750000000000398,-0.12500000000002842,-0.09999999999999432,-0.15000000000006253,-0.0999999999999659
6200.0,-0.12000000000001591,-0.10000000000002274,0.027386127875287884,-0.1500000000000341,-0.10000000000002274,-0.09999999999999432,-0.15000000000006253,-0.0999999999999659
6202.0,-0.13000000000001818,-0.12500000000002842,0.03259601202604463,-0.1750000000000398,-0.12500000000002842,-0.09999999999999432,-0.15000000000006253,-0.0999999999999659
6204.0,-0.12500000000002273,-0.11250000000003979,0.02931509849893037,-0.16250000000005116,-0.11250000000003979,-0.09999999999999432,-0.15000000000006253,-0.0999999999999659
6206.0,-0.12500000000001138,-0.11250000000001137,0.02931509849892431,-0.16250000000002274,-0.11250000000001137,-0.09999999999999432,-0.15000000000006253,-0.0999999999999659
6208.0,-0.13000000000001818,-0.12500000000002842,0.03259601202604463,-0.1750000000000398,-0.12500000000002842,-0.09999999999999432,-0.15000000000006253,-0.0999999999999659
6210.0,-0.12000000000001591,-0.10000000000002274,0.027386127875287884,-0.1500000000000341,-0.10000000000002274,-0.09999999999999432,-0.15000000000006253,-0.0999999999999659
6212.0,-0.13000000000001818,-0.12500000000002842,0.03259601202604463,-0.1750000000000398,-0.12500000000002842,-0.09999999999999432,-0.15000000000006253,-0.0999999999999659
6214.0,-0.12000000000001591,-0.10000000000002274,0.027386127875287884,-0.1500000000000341,-0.10000000000002274,-0.09999999999999432,-0.15000000000006253,-0.0999999999999659
6216.0,-0.15000000000001706,-0.13750000000001705,0.02931509849892431,-0.18750000000002842,-0.13750000000001705,-0.125,-0.1750000000000682,-0.12499999999997158
6218.0,-0.12500000000002273,-0.11250000000003979,0.02931509849893037,-0.16250000000005116,-0.11250000000003979,-0.09999999999999432,-0.15000000000006253,-0.0999999999999659
6220.0,-0.12500000000001138,-0.11250000000001137,0.02931509849892431,-0.16250000000002274,-0.11250000000001137,-0.09999999999999432,-0.15000000000006253,-0.0999999999999659
6222.0,-0.12500000000002273,-0.11250000000003979,0.02931509849893037,-0.16250000000005116,-0.11250000000003979,-0.09999999999999432,-0.15000000000006253,-0.0999999999999659
6224.0,-0.13500000000001364,-0.12500000000002842,0.03235544776389512,-0.1750000000000398,-0.12500000000002842,-0.11249999999998295,-0.16250000000005116,-0.0999999999999659
6226.0,-0.13000000000001818,-0.12500000000002842,0.03259601202604463,-0.1750000000000398,-0.12500000000002842,-0.09999999999999432,-0.15000000000006253,-0.0999999999999659
6228.0,-0.12000000000001591,-0.10000000000002274,0.027386127875287884,-0.1500000000000341,-0.10000000000002274,-0.09999999999999432,-0.15000000000006253,-0.0999999999999659
6230.0,-0.13000000000001818,-0.12500000000002842,0.03259601202604463,-0.1750000000000398,-0.12500000000002842,-0.09999999999999432,-0.15000000000006253,-0.0999999999999659
6232.0,-0.14000000000002047,-0.13750000000001705,0.03579455265821987,-0.18750000000002842,-0.13750000000001705,-0.11250000000001137,-0.16250000000007958,-0.0999999999999659
6234.0,-0.12500000000002273,-0.11250000000003979,0.02931509849893037,-0.16250000000005116,-0.11250000000003979,-0.09999999999999432,-0.15000000000006253,-0.0999999999999659
6236.0,-0.13000000000001818,-0.10000000000002274,0.04107919181292015,-0.1750000000000398,-0.10000000000002274,-0.09999999999999432,-0.1750000000000682,-0.0999999999999659
6238.0,-0.13000000000001818,-0.12500000000002842,0.03259601202604463,-0.1750000000000398,-0.12500000000002842,-0.09999999999999432,-0.15000000000006253,-0.0999999999999659
6240.0,-0.12500000000002273,-0.11250000000003979,0.02931509849893037,-0.16250000000005116,-0.11250000000003979,-0.09999999999999432,-0.15000000000006253,-0.0999999999999659
6242.0,-0.12500000000001138,-0.11250000000001137,0.02931509849892431,-0.16250000000002274,-0.11250000000001137,-0.09999999999999432,-0.15000000000006253,-0.0999999999999659
6244.0,-0.12500000000002273,-0.11250000000003979,0.02931509849893037,-0.16250000000005116,-0.11250000000003979,-0.09999999999999432,-0.15000000000006253,-0.0999999999999659
6246.0,-0.13000000000001818,-0.12500000000002842,0.03259601202604463,-0.1750000000000398,-0.12500000000002842,-0.09999999999999432,-0.15000000000006253,-0.0999999999999659
6248.0,-0.13000000000001818,-0.12500000000002842,0.03259601202604463,-0.1750000000000398,-0.12500000000002842,-0.09999999999999432,-0.15000000000006253,-0.0999999999999659
6250.0,-0.12500000000002273,-0.11250000000003979,0.02931509849893037,-0.16250000000005116,-0.11250000000003979,-0.09999999999999432,-0.15000000000006253,-0.0999999999999659
6252.0,-0.13500000000001933,-0.12500000000002842,0.013693063937655618,-0.1500000000000341,-0.12500000000002842,-0.125,-0.15000000000006253,-0.12499999999997158
6254.0,-0.11000000000001364,-0.10000000000005116,0.013693063937642646,-0.12500000000002842,-0.12500000000002842,-0.09999999999999432,-0.10000000000005116,-0.0999999999999659
6256.0,-0.11000000000001364,-0.10000000000005116,0.013693063937642646,-0.12500000000002842,-0.12500000000002842,-0.09999999999999432,-0.10000000000005116,-0.0999999999999659
6258.0,-0.12000000000001591,-0.12500000000002842,0.020916500663378725,-0.1500000000000341,-0.12500000000002842,-0.09999999999999432,-0.12500000000005684,-0.0999999999999659
6260.0,-0.11000000000001364,-0.10000000000005116,0.013693063937642646,-0.12500000000002842,-0.12500000000002842,-0.09999999999999432,-0.10000000000005116,-0.0999999999999659
6262.0,-0.13000000000001818,-0.12500000000002842,0.03259601202604463,-0.1750000000000398,-0.12500000000002842,-0.09999999999999432,-0.15000000000006253,-0.0999999999999659
6264.0,-0.13000000000001818,-0.12500000000002842,0.03259601202604463,-0.1750000000000398,-0.12500000000002842,-0.09999999999999432,-0.15000000000006253,-0.0999999999999659
6266.0,-0.13000000000001818,-0.12500000000002842,0.03259601202604463,-0.1750000000000398,-0.12500000000002842,-0.09999999999999432,-0.15000000000006253,-0.0999999999999659
6268.0,-0.13000000000001818,-0.12500000000002842,0.03259601202604463,-0.1750000000000398,-0.12500000000002842,-0.09999999999999432,-0.15000000000006253,-0.0999999999999659
6270.0,-0.13000000000001818,-0.12500000000002842,0.03259601202604463,-0.1750000000000398,-0.12500000000002842,-0.09999999999999432,-0.15000000000006253,-0.0999999999999659
6272.0,-0.13000000000001818,-0.12500000000002842,0.03259601202604463,-0.1750000000000398,-0.12500000000002842,-0.09999999999999432,-0.15000000000006253,-0.0999999999999659
6274.0,-0.11000000000001364,-0.10000000000005116,0.013693063937642646,-0.12500000000002842,-0.12500000000002842,-0.09999999999999432,-0.10000000000005116,-0.0999999999999659
6276.0,-0.14000000000002047,-0.12500000000005684,0.03354101966252142,-0.1750000000000398,-0.1750000000000398,-0.125,-0.12500000000005684,-0.0999999999999659
6278.0,-0.13000000000001818,-0.12500000000002842,0.03259601202604463,-0.1750000000000398,-0.12500000000002842,-0.09999999999999432,-0.15000000000006253,-0.0999999999999659
6280.0,-0.13000000000001818,-0.12500000000002842,0.03259601202604463,-0.1750000000000398,-0.12500000000002842,-0.09999999999999432,-0.15000000000006253,-0.0999999999999659
6282.0,-0.13000000000001818,-0.12500000000002842,0.03259601202604463,-0.1750000000000398,-0.12500000000002842,-0.09999999999999432,-0.15000000000006253,-0.0999999999999659
6284.0,-0.11000000000001364,-0.10000000000005116,0.013693063937642646,-0.12500000000002842,-0.12500000000002842,-0.09999999999999432,-0.10000000000005116,-0.0999999999999659
6286.0,-0.11000000000001364,-0.10000000000005116,0.013693063937642646,-0.12500000000002842,-0.12500000000002842,-0.09999999999999432,-0.10000000000005116,-0.0999999999999659
6288.0,-0.11000000000001364,-0.10000000000005116,0.013693063937642646,-0.12500000000002842,-0.12500000000002842,-0.09999999999999432,-0.10000000000005116,-0.0999999999999659
6290.0,-0.13000000000001818,-0.12500000000002842,0.03259601202604463,-0.1750000000000398,-0.12500000000002842,-0.09999999999999432,-0.15000000000006253,-0.0999999999999659
6292.0,-0.13000000000001818,-0.12500000000002842,0.03259601202604463,-0.1750000000000398,-0.12500000000002842,-0.09999999999999432,-0.15000000000006253,-0.0999999999999659
6294.0,-0.13000000000001818,-0.12500000000002842,0.03259601202604463,-0.1750000000000398,-0.12500000000002842,-0.09999999999999432,-0.15000000000006253,-0.0999999999999659
6296.0,-0.13000000000001818,-0.12500000000002842,0.03259601202604463,-0.1750000000000398,-0.12500000000002842,-0.09999999999999432,-0.15000000000006253,-0.0999999999999659
6298.0,-0.13000000000001818,-0.12500000000002842,0.03259601202604463,-0.1750000000000398,-0.12500000000002842,-0.09999999999999432,-0.15000000000006253,-0.0999999999999659
6300.0,-0.13000000000001818,-0.12500000000002842,0.03259601202604463,-0.1750000000000398,-0.12500000000002842,-0.09999999999999432,-0.15000000000006253,-0.0999999999999659
6302.0,-0.15000000000001706,-0.13750000000004547,0.023385358667361442,-0.1750000000000398,-0.1750000000000398,-0.13749999999998863,-0.13750000000004547,-0.12499999999997158
6304.0,-0.1150000000000091,-0.10000000000005116,0.020539595906450995,-0.13750000000001705,-0.13750000000001705,-0.09999999999999432,-0.10000000000005116,-0.0999999999999659
6306.0,-0.13000000000001818,-0.12500000000002842,0.03259601202604463,-0.1750000000000398,-0.12500000000002842,-0.09999999999999432,-0.15000000000006253,-0.0999999999999659
6308.0,-0.13000000000001818,-0.12500000000002842,0.03259601202604463,-0.1750000000000398,-0.12500000000002842,-0.09999999999999432,-0.15000000000006253,-0.0999999999999659
6310.0,-0.13000000000001818,-0.12500000000002842,0.03259601202604463,-0.1750000000000398,-0.12500000000002842,-0.09999999999999432,-0.15000000000006253,-0.0999999999999659
6312.0,-0.13000000000001818,-0.12500000000002842,0.03259601202604463,-0.1750000000000398,-0.12500000000002842,-0.09999999999999432,-0.15000000000006253,-0.0999999999999659
6314.0,-0.13000000000001818,-0.12500000000002842,0.03259601202604463,-0.1750000000000398,-0.12500000000002842,-0.09999999999999432,-0.15000000000006253,-0.0999999999999659
6316.0,-0.13000000000001818,-0.12500000000002842,0.03259601202604463,-0.1750000000000398,-0.12500000000002842,-0.09999999999999432,-0.15000000000006253,-0.0999999999999659
6318.0,-0.13000000000001818,-0.12500000000002842,0.03259601202604463,-0.1750000000000398,-0.12500000000002842,-0.09999999999999432,-0.15000000000006253,-0.0999999999999659
6320.0,-0.13000000000001818,-0.12500000000002842,0.03259601202604463,-0.1750000000000398,-0.12500000000002842,-0.09999999999999432,-0.15000000000006253,-0.0999999999999659
6322.0,-0.13500000000001364,-0.13750000000004547,0.02984334096581509,-0.1750000000000398,-0.1500000000000341,-0.11249999999998295,-0.13750000000004547,-0.0999999999999659
6324.0,-0.11000000000001364,-0.10000000000005116,0.013693063937642646,-0.12500000000002842,-0.12500000000002842,-0.09999999999999432,-0.10000000000005116,-0.0999999999999659
6326.0,-0.1450000000000216,-0.1500000000000341,0.020916500663378728,-0.1750000000000398,-0.1500000000000341,-0.125,-0.15000000000006253,-0.12499999999997158
6328.0,-0.13000000000001818,-0.12500000000005684,0.020916500663377028,-0.1500000000000341,-0.1500000000000341,-0.125,-0.12500000000005684,-0.0999999999999659
6330.0,-0.13000000000001818,-0.12500000000002842,0.03259601202604463,-0.1750000000000398,-0.12500000000002842,-0.09999999999999432,-0.15000000000006253,-0.0999999999999659
6332.0,-0.12500000000002273,-0.11250000000006821,0.023385358667353848,-0.1500000000000341,-0.1500000000000341,-0.11250000000001137,-0.11250000000006821,-0.0999999999999659
6334.0,-0.13000000000001818,-0.12500000000002842,0.03259601202604463,-0.1750000000000398,-0.12500000000002842,-0.09999999999999432,-0.15000000000006253,-0.0999999999999659
6336.0,-0.13000000000001818,-0.12500000000002842,0.03259601202604463,-0.1750000000000398,-0.12500000000002842,-0.09999999999999432,-0.15000000000006253,-0.0999999999999659
6338.0,-0.12500000000002273,-0.11250000000006821,0.023385358667353848,-0.1500000000000341,-0.1500000000000341,-0.11250000000001137,-0.11250000000006821,-0.0999999999999659
6340.0,-0.13000000000001818,-0.12500000000002842,0.03259601202604463,-0.1750000000000398,-0.12500000000002842,-0.09999999999999432,-0.15000000000006253,-0.0999999999999659
6342.0,-0.13000000000001818,-0.12500000000002842,0.03259601202604463,-0.1750000000000398,-0.12500000000002842,-0.09999999999999432,-0.15000000000006253,-0.0999999999999659
6344.0,-0.13500000000001364,-0.13750000000004547,0.02984334096581509,-0.1750000000000398,-0.1500000000000341,-0.11249999999998295,-0.13750000000004547,-0.0999999999999659
6346.0,-0.11000000000001364,-0.10000000000005116,0.013693063937642646,-0.12500000000002842,-0.12500000000002842,-0.09999999999999432,-0.10000000000005116,-0.0999999999999659
6348.0,-0.13000000000001818,-0.12500000000002842,0.03259601202604463,-0.1750000000000398,-0.12500000000002842,-0.09999999999999432,-0.15000000000006253,-0.0999999999999659
6350.0,-0.13000000000001818,-0.12500000000002842,0.03259601202604463,-0.1750000000000398,-0.12500000000002842,-0.09999999999999432,-0.15000000000006253,-0.0999999999999659
6352.0,-0.13000000000001818,-0.12500000000002842,0.03259601202604463,-0.1750000000000398,-0.12500000000002842,-0.09999999999999432,-0.15000000000006253,-0.0999999999999659
6354.0,-0.13500000000001364,-0.13750000000004547,0.02984334096581509,-0.1750000000000398,-0.1500000000000341,-0.11249999999998295,-0.13750000000004547,-0.0999999999999659
6356.0,-0.12000000000001591,-0.12500000000002842,0.020916500663378725,-0.1500000000000341,-0.12500000000002842,-0.09999999999999432,-0.12500000000005684,-0.0999999999999659
6358.0,-0.13000000000001818,-0.12500000000002842,0.03259601202604463,-0.1750000000000398,-0.12500000000002842,-0.09999999999999432,-0.15000000000006253,-0.0999999999999659
6360.0,-0.1450000000000216,-0.1500000000000341,0.020916500663378728,-0.1750000000000398,-0.1500000000000341,-0.125,-0.15000000000006253,-0.12499999999997158
6362.0,-0.1200000000000216,-0.11250000000006821,0.016770509831250117,-0.13750000000001705,-0.13750000000001705,-0.11250000000001137,-0.11250000000006821,-0.09999999999999432
6364.0,-0.12999999999999545,-0.125,0.03259601202603809,-0.17500000000001137,-0.125,-0.0999999999999659,-0.1500000000000341,-0.0999999999999659
6366.0,-0.13000000000000114,-0.125,0.0325960120260479,-0.1750000000000398,-0.125,-0.0999999999999659,-0.1500000000000341,-0.0999999999999659
6368.0,-0.13500000000000228,-0.13750000000001705,0.029843340965819854,-0.1750000000000398,-0.1500000000000341,-0.11249999999995453,-0.13750000000001705,-0.0999999999999659
6370.0,-0.13000000000000683,-0.12500000000002842,0.03259601202604682,-0.1750000000000398,-0.12500000000002842,-0.0999999999999659,-0.1500000000000341,-0.0999999999999659
6372.0,-0.13500000000001364,-0.13750000000004547,0.02984334096581509,-0.1750000000000398,-0.1500000000000341,-0.11249999999998295,-0.13750000000004547,-0.0999999999999659
6374.0,-0.12000000000000455,-0.12500000000002842,0.02091650066338382,-0.1500000000000341,-0.12500000000002842,-0.0999999999999659,-0.12500000000002842,-0.0999999999999659
6376.0,-0.13000000000000683,-0.12500000000002842,0.03259601202604682,-0.1750000000000398,-0.12500000000002842,-0.0999999999999659,-0.1500000000000341,-0.0999999999999659
6378.0,-0.12000000000000455,-0.12500000000002842,0.02091650066338382,-0.1500000000000341,-0.12500000000002842,-0.0999999999999659,-0.12500000000002842,-0.0999999999999659
6380.0,-0.13500000000001364,-0.13750000000004547,0.02984334096581509,-0.1750000000000398,-0.1500000000000341,-0.11249999999998295,-0.13750000000004547,-0.0999999999999659
6382.0,-0.12000000000000455,-0.12500000000002842,0.02091650066338382,-0.1500000000000341,-0.12500000000002842,-0.0999999999999659,-0.12500000000002842,-0.0999999999999659
6384.0,-0.13000000000000683,-0.12500000000002842,0.03259601202604682,-0.1750000000000398,-0.12500000000002842,-0.0999999999999659,-0.1500000000000341,-0.0999999999999659
6386.0,-0.125,-0.11250000000001137,0.023385358667369037,-0.1500000000000341,-0.1500000000000341,-0.11249999999995453,-0.11250000000001137,-0.0999999999999659
6388.0,-0.13000000000000683,-0.12500000000002842,0.03259601202604682,-0.1750000000000398,-0.12500000000002842,-0.0999999999999659,-0.1500000000000341,-0.0999999999999659
6390.0,-0.13500000000001364,-0.13750000000004547,0.02984334096581509,-0.1750000000000398,-0.1500000000000341,-0.11249999999998295,-0.13750000000004547,-0.0999999999999659
6392.0,-0.12000000000000455,-0.12500000000002842,0.02091650066338382,-0.1500000000000341,-0.12500000000002842,-0.0999999999999659,-0.12500000000002842,-0.0999999999999659
6394.0,-0.13000000000000683,-0.12500000000002842,0.03259601202604682,-0.1750000000000398,-0.12500000000002842,-0.0999999999999659,-0.1500000000000341,-0.0999999999999659
6396.0,-0.125,-0.11250000000001137,0.023385358667369037,-0.1500000000000341,-0.1500000000000341,-0.11249999999995453,-0.11250000000001137,-0.0999999999999659
6398.0,-0.13000000000000683,-0.12500000000002842,0.03259601202604682,-0.1750000000000398,-0.12500000000002842,-0.0999999999999659,-0.1500000000000341,-0.0999999999999659
6400.0,-0.13500000000001364,-0.13750000000004547,0.02984334096581509,-0.1750000000000398,-0.1500000000000341,-0.11249999999998295,-0.13750000000004547,-0.0999999999999659
6402.0,-0.12000000000000455,-0.12500000000002842,0.02091650066338382,-0.1500000000000341,-0.12500000000002842,-0.0999999999999659,-0.12500000000002842,-0.0999999999999659
6404.0,-0.13000000000000683,-0.12500000000002842,0.03259601202604682,-0.1750000000000398,-0.12500000000002842,-0.0999999999999659,-0.1500000000000341,-0.0999999999999659
6406.0,-0.13500000000001364,-0.13750000000004547,0.02984334096581509,-0.1750000000000398,-0.1500000000000341,-0.11249999999998295,-0.13750000000004547,-0.0999999999999659
6408.0,-0.11000000000000228,-0.12500000000002842,0.0487339717240836,-0.1750000000000398,-0.12500000000002842,-0.07499999999996021,-0.12500000000002842,-0.049999999999954525
6410.0,-0.1400000000000091,-0.12500000000002842,0.033541019662527774,-0.1750000000000398,-0.1750000000000398,-0.12499999999997158,-0.12500000000002842,-0.0999999999999659
6412.0,-0.11000000000000228,-0.10000000000002274,0.013693063937653023,-0.12500000000002842,-0.12500000000002842,-0.0999999999999659,-0.10000000000002274,-0.0999999999999659
6414.0,-0.13000000000000683,-0.12500000000002842,0.03259601202604682,-0.1750000000000398,-0.12500000000002842,-0.0999999999999659,-0.1500000000000341,-0.0999999999999659
6416.0,-0.13000000000000683,-0.12500000000002842,0.03259601202604682,-0.1750000000000398,-0.12500000000002842,-0.0999999999999659,-0.1500000000000341,-0.0999999999999659
6418.0,-0.12000000000000455,-0.12500000000002842,0.02091650066338382,-0.1500000000000341,-0.12500000000002842,-0.0999999999999659,-0.12500000000002842,-0.0999999999999659
6420.0,-0.12000000000000455,-0.12500000000002842,0.02091650066338382,-0.1500000000000341,-0.12500000000002842,-0.0999999999999659,-0.12500000000002842,-0.0999999999999659
6422.0,-0.13000000000000683,-0.12500000000002842,0.03259601202604682,-0.1750000000000398,-0.12500000000002842,-0.0999999999999659,-0.1500000000000341,-0.0999999999999659
6424.0,-0.13000000000000683,-0.12500000000002842,0.03259601202604682,-0.1750000000000398,-0.12500000000002842,-0.0999999999999659,-0.1500000000000341,-0.0999999999999659
6426.0,-0.11000000000000228,-0.10000000000002274,0.013693063937653023,-0.12500000000002842,-0.12500000000002842,-0.0999999999999659,-0.10000000000002274,-0.0999999999999659
6428.0,-0.11000000000000228,-0.10000000000002274,0.013693063937653023,-0.12500000000002842,-0.12500000000002842,-0.0999999999999659,-0.10000000000002274,-0.0999999999999659
6430.0,-0.13000000000000683,-0.12500000000002842,0.03259601202604682,-0.1750000000000398,-0.12500000000002842,-0.0999999999999659,-0.1500000000000341,-0.0999999999999659
6432.0,-0.13000000000000683,-0.12500000000002842,0.03259601202604682,-0.1750000000000398,-0.12500000000002842,-0.0999999999999659,-0.1500000000000341,-0.0999999999999659
6434.0,-0.13000000000000683,-0.12500000000002842,0.011180339887482424,-0.12500000000002842,-0.12500000000002842,-0.12499999999997158,-0.12500000000002842,-0.14999999999997726
6436.0,-0.13000000000000683,-0.12500000000002842,0.03259601202604682,-0.1750000000000398,-0.12500000000002842,-0.0999999999999659,-0.1500000000000341,-0.0999999999999659
6438.0,-0.13000000000000683,-0.12500000000002842,0.03259601202604682,-0.1750000000000398,-0.12500000000002842,-0.0999999999999659,-0.1500000000000341,-0.0999999999999659
6440.0,-0.13000000000000683,-0.12500000000002842,0.03259601202604682,-0.1750000000000398,-0.12500000000002842,-0.0999999999999659,-0.1500000000000341,-0.0999999999999659
6442.0,-0.13000000000000683,-0.12500000000002842,0.03259601202604682,-0.1750000000000398,-0.12500000000002842,-0.0999999999999659,-0.1500000000000341,-0.0999999999999659
6444.0,-0.13000000000000683,-0.12500000000002842,0.03259601202604682,-0.1750000000000398,-0.12500000000002842,-0.0999999999999659,-0.1500000000000341,-0.0999999999999659
6446.0,-0.13000000000000683,-0.12500000000002842,0.03259601202604682,-0.1750000000000398,-0.12500000000002842,-0.0999999999999659,-0.1500000000000341,-0.0999999999999659
6448.0,-0.13000000000000683,-0.12500000000002842,0.03259601202604682,-0.1750000000000398,-0.12500000000002842,-0.0999999999999659,-0.1500000000000341,-0.0999999999999659
6450.0,-0.13000000000000683,-0.12500000000002842,0.03259601202604682,-0.1750000000000398,-0.12500000000002842,-0.0999999999999659,-0.1500000000000341,-0.0999999999999659
6452.0,-0.13000000000000683,-0.12500000000002842,0.03259601202604682,-0.1750000000000398,-0.12500000000002842,-0.0999999999999659,-0.1500000000000341,-0.0999999999999659
6454.0,-0.13000000000000683,-0.12500000000002842,0.03259601202604682,-0.1750000000000398,-0.12500000000002842,-0.0999999999999659,-0.1500000000000341,-0.0999999999999659
6456.0,-0.13000000000000683,-0.12500000000002842,0.03259601202604682,-0.1750000000000398,-0.12500000000002842,-0.0999999999999659,-0.1500000000000341,-0.0999999999999659
6458.0,-0.13500000000000795,-0.12499999999997158,0.03791437722028324,-0.1750000000000398,-0.10000000000002274,-0.0999999999999659,-0.1750000000000398,-0.12499999999997158
6460.0,-0.15000000000001137,-0.14999999999997726,0.025000000000019895,-0.1750000000000398,-0.12500000000002842,-0.12499999999997158,-0.1750000000000398,-0.14999999999997726
6462.0,-0.15000000000001137,-0.14999999999997726,0.025000000000019895,-0.1750000000000398,-0.12500000000002842,-0.12499999999997158,-0.1750000000000398,-0.14999999999997726
6464.0,-0.15000000000001137,-0.14999999999997726,0.025000000000019895,-0.1750000000000398,-0.12500000000002842,-0.12499999999997158,-0.1750000000000398,-0.14999999999997726
6466.0,-0.13000000000000683,-0.12500000000002842,0.03259601202604682,-0.1750000000000398,-0.12500000000002842,-0.0999999999999659,-0.1500000000000341,-0.0999999999999659
6468.0,-0.12999999999999545,-0.125,0.03259601202603809,-0.17500000000001137,-0.125,-0.0999999999999659,-0.1500000000000341,-0.0999999999999659
6470.0,-0.12999999999999545,-0.125,0.03259601202603809,-0.17500000000001137,-0.125,-0.0999999999999659,-0.1500000000000341,-0.0999999999999659
6472.0,-0.12999999999999545,-0.125,0.03259601202603809,-0.17500000000001137,-0.125,-0.0999999999999659,-0.1500000000000341,-0.0999999999999659
6474.0,-0.12999999999999545,-0.125,0.03259601202603809,-0.17500000000001137,-0.125,-0.0999999999999659,-0.1500000000000341,-0.0999999999999659
6476.0,-0.12999999999999545,-0.125,0.03259601202603809,-0.17500000000001137,-0.125,-0.0999999999999659,-0.1500000000000341,-0.0999999999999659
6478.0,-0.12999999999999545,-0.125,0.03259601202603809,-0.17500000000001137,-0.125,-0.0999999999999659,-0.1500000000000341,-0.0999999999999659
6480.0,-0.12999999999999545,-0.125,0.03259601202603809,-0.17500000000001137,-0.125,-0.0999999999999659,-0.1500000000000341,-0.0999999999999659
6482.0,-0.12000000000002728,-0.0999999999999659,0.039131189606291535,-0.16250000000007958,-0.0875000000000341,-0.08749999999997726,-0.16250000000007958,-0.0999999999999659
6484.0,-0.12000000000002728,-0.0999999999999659,0.05123475382983045,-0.1750000000000682,-0.07500000000004547,-0.07499999999998863,-0.1750000000000682,-0.0999999999999659
6486.0,-0.12000000000002728,-0.0999999999999659,0.05123475382983045,-0.1750000000000682,-0.07500000000004547,-0.07499999999998863,-0.1750000000000682,-0.0999999999999659
6488.0,-0.13500000000003637,-0.125,0.03791437722028324,-0.1750000000000682,-0.10000000000002274,-0.10000000000002274,-0.1750000000000682,-0.125
6490.0,-0.1500000000000341,-0.14999999999997726,0.025000000000019895,-0.1750000000000682,-0.12500000000005684,-0.125,-0.1750000000000682,-0.14999999999997726
6492.0,-0.1500000000000341,-0.14999999999997726,0.025000000000019895,-0.1750000000000682,-0.12500000000005684,-0.125,-0.1750000000000682,-0.14999999999997726
6494.0,-0.13000000000001818,-0.12500000000005684,0.03259601202605553,-0.1750000000000682,-0.12500000000005684,-0.0999999999999659,-0.1500000000000341,-0.0999999999999659
6496.0,-0.125,-0.10000000000002274,0.040504629365064916,-0.17500000000001137,-0.10000000000002274,-0.08749999999997726,-0.16250000000002274,-0.0999999999999659
6498.0,-0.12499999999997727,-0.10000000000002274,0.04050462936508684,-0.17500000000001137,-0.10000000000002274,-0.08749999999992042,-0.16250000000002274,-0.09999999999990905
6500.0,-0.12999999999999545,-0.125,0.03259601202603809,-0.17500000000001137,-0.125,-0.0999999999999659,-0.1500000000000341,-0.0999999999999659
6502.0,-0.14999999999998864,-0.14999999999997726,0.025000000000019895,-0.17500000000001137,-0.125,-0.12499999999994316,-0.17500000000001137,-0.14999999999997726
6504.0,-0.12000000000002728,-0.0999999999999659,0.039131189606291535,-0.16250000000007958,-0.0875000000000341,-0.08749999999997726,-0.16250000000007958,-0.0999999999999659
6506.0,-0.13500000000003637,-0.125,0.03791437722028324,-0.1750000000000682,-0.10000000000002274,-0.10000000000002274,-0.1750000000000682,-0.125
6508.0,-0.14000000000002047,-0.12500000000005684,0.027099354235878913,-0.1750000000000682,-0.12500000000005684,-0.11249999999995453,-0.16250000000002274,-0.125
6510.0,-0.13000000000001818,-0.12500000000005684,0.03259601202605553,-0.1750000000000682,-0.12500000000005684,-0.0999999999999659,-0.1500000000000341,-0.0999999999999659
6512.0,-0.12333333333333485,-0.0999999999999659,0.03992179855669388,-0.1708333333333485,-0.09583333333335986,-0.08749999999997726,-0.16250000000002274,-0.0999999999999659
6514.0,-0.12000000000000455,-0.10000000000002274,0.027386127875285292,-0.1500000000000341,-0.10000000000002274,-0.0999999999999659,-0.1500000000000341,-0.0999999999999659
6516.0,-0.13999999999998636,-0.125,0.027099354235876293,-0.17500000000001137,-0.125,-0.11249999999995453,-0.16250000000002274,-0.12499999999994316
6518.0,-0.12000000000002728,-0.0999999999999659,0.039131189606291535,-0.16250000000007958,-0.0875000000000341,-0.08749999999997726,-0.16250000000007958,-0.0999999999999659
6520.0,-0.1500000000000341,-0.14999999999997726,0.025000000000019895,-0.1750000000000682,-0.12500000000005684,-0.125,-0.1750000000000682,-0.14999999999997726
6522.0,-0.125,-0.11250000000001137,0.02931509849892431,-0.16250000000002274,-0.11250000000001137,-0.0999999999999659,-0.1500000000000341,-0.0999999999999659
6524.0,-0.13499999999997953,-0.12499999999994316,0.03791437722028324,-0.17500000000001137,-0.10000000000002274,-0.09999999999990905,-0.17500000000001137,-0.12499999999994316
6526.0,-0.13999999999998636,-0.125,0.027099354235876293,-0.17500000000001137,-0.125,-0.11249999999995453,-0.16250000000002274,-0.12499999999994316
6528.0,-0.13000000000001818,-0.0999999999999659,0.052737557774356014,-0.18750000000005684,-0.0875000000000341,-0.08749999999997726,-0.18750000000005684,-0.0999999999999659
6530.0,-0.14000000000002047,-0.12500000000005684,0.027099354235878913,-0.1750000000000682,-0.12500000000005684,-0.11249999999995453,-0.16250000000002274,-0.125
6532.0,-0.12000000000000455,-0.11250000000001137,0.030103986447006466,-0.16250000000002274,-0.11250000000001137,-0.08749999999997726,-0.13750000000004547,-0.0999999999999659
6534.0,-0.14999999999998864,-0.14999999999997726,0.025000000000019895,-0.17500000000001137,-0.125,-0.12499999999994316,-0.17500000000001137,-0.14999999999997726
6536.0,-0.12999999999999545,-0.125,0.03259601202603809,-0.17500000000001137,-0.125,-0.0999999999999659,-0.1500000000000341,-0.0999999999999659
6538.0,-0.13000000000001818,-0.0999999999999659,0.052737557774356014,-0.18750000000005684,-0.0875000000000341,-0.08749999999997726,-0.18750000000005684,-0.0999999999999659
6540.0,-0.1500000000000341,-0.14999999999997726,0.025000000000019895,-0.1750000000000682,-0.12500000000005684,-0.125,-0.1750000000000682,-0.14999999999997726
6542.0,-0.125,-0.10000000000002274,0.040504629365064916,-0.17500000000001137,-0.10000000000002274,-0.08749999999997726,-0.16250000000002274,-0.0999999999999659
6544.0,-0.14999999999998864,-0.14999999999997726,0.025000000000019895,-0.17500000000001137,-0.125,-0.12499999999994316,-0.17500000000001137,-0.14999999999997726
6546.0,-0.12500000000002273,-0.10000000000002274,0.040504629365095614,-0.1750000000000682,-0.10000000000002274,-0.08749999999997726,-0.16250000000007958,-0.0999999999999659
6548.0,-0.13500000000003637,-0.125,0.03791437722028324,-0.1750000000000682,-0.10000000000002274,-0.10000000000002274,-0.1750000000000682,-0.125
6550.0,-0.125,-0.10000000000002274,0.040504629365064916,-0.17500000000001137,-0.10000000000002274,-0.08749999999997726,-0.16250000000002274,-0.0999999999999659
6552.0,-0.13499999999997953,-0.12499999999994316,0.03791437722028324,-0.17500000000001137,-0.10000000000002274,-0.09999999999990905,-0.17500000000001137,-0.12499999999994316
6554.0,-0.13500000000001364,-0.11250000000001137,0.04275657844126354,-0.18750000000005684,-0.11250000000001137,-0.0999999999999659,-0.1750000000000682,-0.0999999999999659
6556.0,-0.13500000000003637,-0.125,0.03791437722028324,-0.1750000000000682,-0.10000000000002274,-0.10000000000002274,-0.1750000000000682,-0.125
6558.0,-0.1349999999999909,-0.11250000000001137,0.0427565784412328,-0.1875,-0.11250000000001137,-0.0999999999999659,-0.17500000000001137,-0.0999999999999659
6560.0,-0.13499999999997953,-0.12499999999994316,0.03791437722028324,-0.17500000000001137,-0.10000000000002274,-0.09999999999990905,-0.17500000000001137,-0.12499999999994316
6562.0,-0.12500000000002273,-0.10000000000002274,0.040504629365095614,-0.1750000000000682,-0.10000000000002274,-0.08749999999997726,-0.16250000000007958,-0.0999999999999659
6564.0,-0.13500000000003637,-0.125,0.03791437722028324,-0.1750000000000682,-0.10000000000002274,-0.10000000000002274,-0.1750000000000682,-0.125
6566.0,-0.125,-0.10000000000002274,0.040504629365064916,-0.17500000000001137,-0.10000000000002274,-0.08749999999997726,-0.16250000000002274,-0.0999999999999659
6568.0,-0.12500000000002273,-0.10000000000002274,0.040504629365095614,-0.1750000000000682,-0.10000000000002274,-0.08749999999997726,-0.16250000000007958,-0.0999999999999659
6570.0,-0.1500000000000341,-0.14999999999997726,0.025000000000019895,-0.1750000000000682,-0.12500000000005684,-0.125,-0.1750000000000682,-0.14999999999997726
6572.0,-0.11999999999998182,-0.0999999999999659,0.0512347538298249,-0.17500000000001137,-0.07499999999998863,-0.07499999999993179,-0.17500000000001137,-0.0999999999999659
6574.0,-0.13999999999998636,-0.125,0.027099354235876293,-0.17500000000001137,-0.125,-0.11249999999995453,-0.16250000000002274,-0.12499999999994316
6576.0,-0.13500000000003637,-0.125,0.03791437722028324,-0.1750000000000682,-0.10000000000002274,-0.10000000000002274,-0.1750000000000682,-0.125
6578.0,-0.13500000000000228,-0.125,0.037914377220266374,-0.17500000000001137,-0.10000000000002274,-0.0999999999999659,-0.17500000000001137,-0.125
6580.0,-0.13499999999997953,-0.12499999999994316,0.03791437722028324,-0.17500000000001137,-0.10000000000002274,-0.09999999999990905,-0.17500000000001137,-0.12499999999994316
6582.0,-0.13000000000001818,-0.0999999999999659,0.052737557774356014,-0.18750000000005684,-0.0875000000000341,-0.08749999999997726,-0.18750000000005684,-0.0999999999999659
6584.0,-0.14000000000002047,-0.12500000000005684,0.027099354235878913,-0.1750000000000682,-0.12500000000005684,-0.11249999999995453,-0.16250000000002274,-0.125
6586.0,-0.13499999999997953,-0.12499999999994316,0.03791437722028324,-0.17500000000001137,-0.10000000000002274,-0.09999999999990905,-0.17500000000001137,-0.12499999999994316
6588.0,-0.14500000000000454,-0.12499999999994316,0.039131189606291535,-0.18750000000005684,-0.11250000000001137,-0.11249999999995453,-0.18750000000005684,-0.12499999999994316
6590.0,-0.13500000000003637,-0.125,0.03791437722028324,-0.1750000000000682,-0.10000000000002274,-0.10000000000002274,-0.1750000000000682,-0.125
6592.0,-0.125,-0.10000000000002274,0.040504629365064916,-0.17500000000001137,-0.10000000000002274,-0.08749999999997726,-0.16250000000002274,-0.0999999999999659
6594.0,-0.14999999999998864,-0.14999999999997726,0.025000000000019895,-0.17500000000001137,-0.125,-0.12499999999994316,-0.17500000000001137,-0.14999999999997726
6596.0,-0.13500000000003637,-0.125,0.03791437722028324,-0.1750000000000682,-0.10000000000002274,-0.10000000000002274,-0.1750000000000682,-0.125
6598.0,-0.1449999999999932,-0.125,0.039131189606253405,-0.1875,-0.11250000000001137,-0.11249999999995453,-0.1875,-0.125
6600.0,-0.13499999999997953,-0.12499999999994316,0.03791437722028324,-0.17500000000001137,-0.10000000000002274,-0.09999999999990905,-0.17500000000001137,-0.12499999999994316
6602.0,-0.12500000000002273,-0.10000000000002274,0.040504629365095614,-0.1750000000000682,-0.10000000000002274,-0.08749999999997726,-0.16250000000007958,-0.0999999999999659
6604.0,-0.1500000000000341,-0.14999999999997726,0.025000000000019895,-0.1750000000000682,-0.12500000000005684,-0.125,-0.1750000000000682,-0.14999999999997726
6606.0,-0.11999999999998182,-0.0999999999999659,0.0512347538298249,-0.17500000000001137,-0.07499999999998863,-0.07499999999993179,-0.17500000000001137,-0.0999999999999659
6608.0,-0.13499999999997953,-0.12499999999994316,0.03791437722028324,-0.17500000000001137,-0.10000000000002274,-0.09999999999990905,-0.17500000000001137,-0.12499999999994316
6610.0,-0.13500000000001364,-0.12499999999994316,0.037914377220300104,-0.1750000000000682,-0.10000000000002274,-0.0999999999999659,-0.1750000000000682,-0.12499999999994316
6612.0,-0.13500000000003637,-0.125,0.03791437722028324,-0.1750000000000682,-0.10000000000002274,-0.10000000000002274,-0.1750000000000682,-0.125
6614.0,-0.13000000000001818,-0.0999999999999659,0.052737557774356014,-0.18750000000005684,-0.0875000000000341,-0.08749999999997726,-0.18750000000005684,-0.0999999999999659
6616.0,-0.14500000000000454,-0.12499999999994316,0.039131189606291535,-0.18750000000005684,-0.11250000000001137,-0.11249999999995453,-0.18750000000005684,-0.12499999999994316
6618.0,-0.13500000000003637,-0.125,0.03791437722028324,-0.1750000000000682,-0.10000000000002274,-0.10000000000002274,-0.1750000000000682,-0.125
6620.0,-0.12666666666664242,-0.0999999999999659,0.05217491947502118,-0.18333333333333712,-0.08333333333331439,-0.08333333333325754,-0.18333333333333712,-0.0999999999999659
6622.0,-0.12000000000002728,-0.0999999999999659,0.05123475382983045,-0.1750000000000682,-0.07500000000004547,-0.07499999999998863,-0.1750000000000682,-0.0999999999999659
6624.0,-0.13500000000000228,-0.125,0.037914377220266374,-0.17500000000001137,-0.10000000000002274,-0.0999999999999659,-0.17500000000001137,-0.125
6626.0,-0.13499999999997953,-0.12499999999994316,0.03791437722028324,-0.17500000000001137,-0.10000000000002274,-0.09999999999990905,-0.17500000000001137,-0.12499999999994316
6628.0,-0.13500000000003637,-0.125,0.03791437722028324,-0.1750000000000682,-0.10000000000002274,-0.10000000000002274,-0.1750000000000682,-0.125
6630.0,-0.13500000000000228,-0.125,0.037914377220266374,-0.17500000000001137,-0.10000000000002274,-0.0999999999999659,-0.17500000000001137,-0.125
6632.0,-0.13499999999997953,-0.12499999999994316,0.03791437722028324,-0.17500000000001137,-0.10000000000002274,-0.09999999999990905,-0.17500000000001137,-0.12499999999994316
6634.0,-0.12000000000002728,-0.0999999999999659,0.05123475382983045,-0.1750000000000682,-0.07500000000004547,-0.07499999999998863,-0.1750000000000682,-0.0999999999999659
6636.0,-0.13500000000000228,-0.125,0.037914377220266374,-0.17500000000001137,-0.10000000000002274,-0.0999999999999659,-0.17500000000001137,-0.125
6638.0,-0.13499999999997953,-0.12499999999994316,0.03791437722028324,-0.17500000000001137,-0.10000000000002274,-0.09999999999990905,-0.17500000000001137,-0.12499999999994316
6640.0,-0.13000000000001818,-0.0999999999999659,0.052737557774356014,-0.18750000000005684,-0.0875000000000341,-0.08749999999997726,-0.18750000000005684,-0.0999999999999659
6642.0,-0.1449999999999932,-0.125,0.039131189606253405,-0.1875,-0.11250000000001137,-0.11249999999995453,-0.1875,-0.125
6644.0,-0.13499999999997953,-0.12499999999994316,0.03791437722028324,-0.17500000000001137,-0.10000000000002274,-0.09999999999990905,-0.17500000000001137,-0.12499999999994316
6646.0,-0.13000000000001818,-0.0999999999999659,0.052737557774356014,-0.18750000000005684,-0.0875000000000341,-0.08749999999997726,-0.18750000000005684,-0.0999999999999659
6648.0,-0.13500000000000228,-0.125,0.037914377220266374,-0.17500000000001137,-0.10000000000002274,-0.0999999999999659,-0.17500000000001137,-0.125
6650.0,-0.13499999999997953,-0.12499999999994316,0.03791437722028324,-0.17500000000001137,-0.10000000000002274,-0.09999999999990905,-0.17500000000001137,-0.12499999999994316
6652.0,-0.12000000000002728,-0.0999999999999659,0.05123475382983045,-0.1750000000000682,-0.07500000000004547,-0.07499999999998863,-0.1750000000000682,-0.0999999999999659
6654.0,-0.13500000000000228,-0.125,0.037914377220266374,-0.17500000000001137,-0.10000000000002274,-0.0999999999999659,-0.17500000000001137,-0.125
6656.0,-0.13499999999997953,-0.12499999999994316,0.03791437722028324,-0.17500000000001137,-0.10000000000002274,-0.09999999999990905,-0.17500000000001137,-0.12499999999994316
6658.0,-0.13500000000003637,-0.125,0.03791437722028324,-0.1750000000000682,-0.10000000000002274,-0.10000000000002274,-0.1750000000000682,-0.125
6660.0,-0.13500000000000228,-0.125,0.037914377220266374,-0.17500000000001137,-0.10000000000002274,-0.0999999999999659,-0.17500000000001137,-0.125
6662.0,-0.14999999999998864,-0.14999999999997726,0.025000000000019895,-0.17500000000001137,-0.125,-0.12499999999994316,-0.17500000000001137,-0.14999999999997726
6664.0,-0.13500000000003637,-0.125,0.03791437722028324,-0.1750000000000682,-0.10000000000002274,-0.10000000000002274,-0.1750000000000682,-0.125
6666.0,-0.14000000000002047,-0.125,0.051082041854280856,-0.18750000000005684,-0.0875000000000341,-0.0999999999999659,-0.20000000000004547,-0.125
6668.0,-0.14500000000000454,-0.12499999999994316,0.039131189606291535,-0.18750000000005684,-0.11250000000001137,-0.11249999999995453,-0.18750000000005684,-0.12499999999994316
6670.0,-0.13500000000003637,-0.125,0.03791437722028324,-0.1750000000000682,-0.10000000000002274,-0.10000000000002274,-0.1750000000000682,-0.125
6672.0,-0.11999999999998182,-0.0999999999999659,0.0512347538298249,-0.17500000000001137,-0.07499999999998863,-0.07499999999993179,-0.17500000000001137,-0.0999999999999659
6674.0,-0.13500000000001364,-0.12499999999994316,0.037914377220300104,-0.1750000000000682,-0.10000000000002274,-0.0999999999999659,-0.1750000000000682,-0.12499999999994316
6676.0,-0.1500000000000341,-0.14999999999997726,0.025000000000019895,-0.1750000000000682,-0.12500000000005684,-0.125,-0.1750000000000682,-0.14999999999997726
6678.0,-0.13499999999997953,-0.12499999999994316,0.03791437722028324,-0.17500000000001137,-0.10000000000002274,-0.09999999999990905,-0.17500000000001137,-0.12499999999994316
6680.0,-0.13000000000001818,-0.0999999999999659,0.052737557774356014,-0.18750000000005684,-0.0875000000000341,-0.08749999999997726,-0.18750000000005684,-0.0999999999999659
6682.0,-0.13500000000000228,-0.125,0.037914377220266374,-0.17500000000001137,-0.10000000000002274,-0.0999999999999659,-0.17500000000001137,-0.125
6684.0,-0.14999999999998864,-0.14999999999997726,0.025000000000019895,-0.17500000000001137,-0.125,-0.12499999999994316,-0.17500000000001137,-0.14999999999997726
6686.0,-0.13500000000003637,-0.125,0.03791437722028324,-0.1750000000000682,-0.10000000000002274,-0.10000000000002274,-0.1750000000000682,-0.125
6688.0,-0.14000000000002047,-0.125,0.051082041854280856,-0.18750000000005684,-0.0875000000000341,-0.0999999999999659,-0.20000000000004547,-0.125
6690.0,-0.13500000000001364,-0.12499999999994316,0.037914377220300104,-0.1750000000000682,-0.10000000000002274,-0.0999999999999659,-0.1750000000000682,-0.12499999999994316
6692.0,-0.13500000000003637,-0.125,0.03791437722028324,-0.1750000000000682,-0.10000000000002274,-0.10000000000002274,-0.1750000000000682,-0.125
6694.0,-0.13499999999997953,-0.12499999999994316,0.03791437722028324,-0.17500000000001137,-0.10000000000002274,-0.09999999999990905,-0.17500000000001137,-0.12499999999994316
6696.0,-0.1400000000000091,-0.12499999999994316,0.051082041854285026,-0.18750000000005684,-0.0875000000000341,-0.0999999999999659,-0.20000000000004547,-0.12499999999994316
6698.0,-0.1449999999999932,-0.125,0.039131189606253405,-0.1875,-0.11250000000001137,-0.11249999999995453,-0.1875,-0.125
6700.0,-0.13499999999997953,-0.12499999999994316,0.03791437722028324,-0.17500000000001137,-0.10000000000002274,-0.09999999999990905,-0.17500000000001137,-0.12499999999994316
6702.0,-0.13500000000003637,-0.125,0.03791437722028324,-0.1750000000000682,-0.10000000000002274,-0.10000000000002274,-0.1750000000000682,-0.125
6704.0,-0.14000000000002047,-0.125,0.051082041854280856,-0.18750000000005684,-0.0875000000000341,-0.0999999999999659,-0.20000000000004547,-0.125
6706.0,-0.13500000000001364,-0.12499999999994316,0.037914377220300104,-0.1750000000000682,-0.10000000000002274,-0.0999999999999659,-0.1750000000000682,-0.12499999999994316
6708.0,-0.13500000000003637,-0.125,0.03791437722028324,-0.1750000000000682,-0.10000000000002274,-0.10000000000002274,-0.1750000000000682,-0.125
6710.0,-0.13499999999997953,-0.12499999999994316,0.03791437722028324,-0.17500000000001137,-0.10000000000002274,-0.09999999999990905,-0.17500000000001137,-0.12499999999994316
6712.0,-0.1400000000000091,-0.12499999999994316,0.051082041854285026,-0.18750000000005684,-0.0875000000000341,-0.0999999999999659,-0.20000000000004547,-0.12499999999994316
6714.0,-0.13500000000000228,-0.125,0.037914377220266374,-0.17500000000001137,-0.10000000000002274,-0.0999999999999659,-0.17500000000001137,-0.125
6716.0,-0.13499999999997953,-0.12499999999994316,0.03791437722028324,-0.17500000000001137,-0.10000000000002274,-0.09999999999990905,-0.17500000000001137,-0.12499999999994316
6718.0,-0.13500000000003637,-0.125,0.03791437722028324,-0.1750000000000682,-0.10000000000002274,-0.10000000000002274,-0.1750000000000682,-0.125
6720.0,-0.14000000000002047,-0.125,0.051082041854280856,-0.18750000000005684,-0.0875000000000341,-0.0999999999999659,-0.20000000000004547,-0.125
6722.0,-0.13500000000001364,-0.12499999999994316,0.037914377220300104,-0.1750000000000682,-0.10000000000002274,-0.0999999999999659,-0.1750000000000682,-0.12499999999994316
6724.0,-0.15500000000000683,-0.14999999999997726,0.038119876704953266,-0.1875,-0.11250000000001137,-0.125,-0.20000000000004547,-0.14999999999997726
6726.0,-0.13499999999997953,-0.12499999999994316,0.03791437722028324,-0.17500000000001137,-0.10000000000002274,-0.09999999999990905,-0.17500000000001137,-0.12499999999994316
6728.0,-0.12000000000002728,-0.0999999999999659,0.05123475382983045,-0.1750000000000682,-0.07500000000004547,-0.07499999999998863,-0.1750000000000682,-0.0999999999999659
6730.0,-0.14500000000001592,-0.125,0.0512347538298249,-0.20000000000004547,-0.10000000000002274,-0.0999999999999659,-0.20000000000004547,-0.125
6732.0,-0.14500000000003865,-0.14999999999997726,0.03811987670497749,-0.1750000000000682,-0.10000000000002274,-0.11250000000001137,-0.1875000000001137,-0.14999999999997726
6734.0,-0.13500000000003637,-0.125,0.03791437722028324,-0.1750000000000682,-0.10000000000002274,-0.10000000000002274,-0.1750000000000682,-0.125
6736.0,-0.13499999999997953,-0.12499999999994316,0.03791437722028324,-0.17500000000001137,-0.10000000000002274,-0.09999999999990905,-0.17500000000001137,-0.12499999999994316
6738.0,-0.15500000000000683,-0.14999999999997726,0.03811987670497656,-0.18750000000005684,-0.11250000000001137,-0.12499999999994316,-0.20000000000004547,-0.14999999999997726
6740.0,-0.13500000000003637,-0.125,0.03791437722028324,-0.1750000000000682,-0.10000000000002274,-0.10000000000002274,-0.1750000000000682,-0.125
6742.0,-0.11999999999998182,-0.0999999999999659,0.0512347538298249,-0.17500000000001137,-0.07499999999998863,-0.07499999999993179,-0.17500000000001137,-0.0999999999999659
6744.0,-0.14500000000000454,-0.12499999999994316,0.05123475382983045,-0.20000000000004547,-0.10000000000002274,-0.0999999999999659,-0.20000000000004547,-0.12499999999994316
6746.0,-0.1449999999999932,-0.14999999999997726,0.038119876704946744,-0.17500000000001137,-0.10000000000002274,-0.11249999999995453,-0.1875,-0.14999999999997726
6748.0,-0.13499999999997953,-0.12499999999994316,0.03791437722028324,-0.17500000000001137,-0.10000000000002274,-0.09999999999990905,-0.17500000000001137,-0.12499999999994316
6750.0,-0.13500000000003637,-0.125,0.03791437722028324,-0.1750000000000682,-0.10000000000002274,-0.10000000000002274,-0.1750000000000682,-0.125
6752.0,-0.14000000000002047,-0.125,0.051082041854280856,-0.18750000000005684,-0.0875000000000341,-0.0999999999999659,-0.20000000000004547,-0.125
6754.0,-0.13500000000001364,-0.12499999999994316,0.037914377220300104,-0.1750000000000682,-0.10000000000002274,-0.0999999999999659,-0.1750000000000682,-0.12499999999994316
6756.0,-0.15500000000000683,-0.14999999999997726,0.038119876704953266,-0.1875,-0.11250000000001137,-0.125,-0.20000000000004547,-0.14999999999997726
6758.0,-0.13499999999997953,-0.12499999999994316,0.03791437722028324,-0.17500000000001137,-0.10000000000002274,-0.09999999999990905,-0.17500000000001137,-0.12499999999994316
6760.0,-0.13500000000003637,-0.125,0.03791437722028324,-0.1750000000000682,-0.10000000000002274,-0.10000000000002274,-0.1750000000000682,-0.125
6762.0,-0.13000000000000683,-0.125,0.05046657309549248,-0.17500000000001137,-0.07499999999998863,-0.08749999999997726,-0.18750000000005684,-0.125
6764.0,-0.1400000000000091,-0.12499999999994316,0.04541475531149773,-0.20000000000004547,-0.10000000000002274,-0.0999999999999659,-0.1750000000000682,-0.12499999999994316
6766.0,-0.1449999999999932,-0.14999999999997726,0.038119876704946744,-0.17500000000001137,-0.10000000000002274,-0.11249999999995453,-0.1875,-0.14999999999997726
6768.0,-0.1449999999999932,-0.12499999999994316,0.051234753829842924,-0.20000000000004547,-0.10000000000002274,-0.09999999999990905,-0.20000000000004547,-0.12499999999994316
6770.0,-0.13500000000003637,-0.125,0.03791437722028324,-0.1750000000000682,-0.10000000000002274,-0.10000000000002274,-0.1750000000000682,-0.125
6772.0,-0.11999999999998182,-0.0999999999999659,0.0512347538298249,-0.17500000000001137,-0.07499999999998863,-0.07499999999993179,-0.17500000000001137,-0.0999999999999659
6774.0,-0.1400000000000091,-0.12499999999994316,0.051082041854285026,-0.18750000000005684,-0.0875000000000341,-0.0999999999999659,-0.20000000000004547,-0.12499999999994316
6776.0,-0.13500000000000228,-0.125,0.037914377220266374,-0.17500000000001137,-0.10000000000002274,-0.0999999999999659,-0.17500000000001137,-0.125
6778.0,-0.15500000000000683,-0.14999999999997726,0.03811987670497656,-0.18750000000005684,-0.11250000000001137,-0.12499999999994316,-0.20000000000004547,-0.14999999999997726
6780.0,-0.13500000000003637,-0.125,0.03791437722028324,-0.1750000000000682,-0.10000000000002274,-0.10000000000002274,-0.1750000000000682,-0.125
6782.0,-0.13499999999997953,-0.12499999999994316,0.03791437722028324,-0.17500000000001137,-0.10000000000002274,-0.09999999999990905,-0.17500000000001137,-0.12499999999994316
6784.0,-0.1400000000000091,-0.14999999999997726,0.04626688880830682,-0.1750000000000682,-0.07500000000004547,-0.11249999999995453,-0.1875,-0.14999999999997726
6786.0,-0.14000000000002047,-0.125,0.051082041854280856,-0.18750000000005684,-0.0875000000000341,-0.0999999999999659,-0.20000000000004547,-0.125
6788.0,-0.13500000000001364,-0.12499999999994316,0.037914377220300104,-0.1750000000000682,-0.10000000000002274,-0.0999999999999659,-0.1750000000000682,-0.12499999999994316
6790.0,-0.13500000000000228,-0.125,0.037914377220266374,-0.17500000000001137,-0.10000000000002274,-0.0999999999999659,-0.17500000000001137,-0.125
6792.0,-0.15500000000000683,-0.14999999999997726,0.03811987670497656,-0.18750000000005684,-0.11250000000001137,-0.12499999999994316,-0.20000000000004547,-0.14999999999997726
6794.0,-0.13500000000003637,-0.125,0.03791437722028324,-0.1750000000000682,-0.10000000000002274,-0.10000000000002274,-0.1750000000000682,-0.125
6796.0,-0.13499999999997953,-0.12499999999994316,0.03791437722028324,-0.17500000000001137,-0.10000000000002274,-0.09999999999990905,-0.17500000000001137,-0.12499999999994316
6798.0,-0.12999999999999545,-0.12499999999994316,0.05046657309548685,-0.1750000000000682,-0.07500000000004547,-0.08749999999992042,-0.1875,-0.12499999999994316
6800.0,-0.14000000000002047,-0.125,0.051082041854280856,-0.18750000000005684,-0.0875000000000341,-0.0999999999999659,-0.20000000000004547,-0.125
6802.0,-0.13500000000001364,-0.12499999999994316,0.037914377220300104,-0.1750000000000682,-0.10000000000002274,-0.0999999999999659,-0.1750000000000682,-0.12499999999994316
6804.0,-0.1449999999999932,-0.14999999999997726,0.038119876704946744,-0.17500000000001137,-0.10000000000002274,-0.11249999999995453,-0.1875,-0.14999999999997726
6806.0,-0.13999999999999774,-0.12499999999994316,0.051082041854296156,-0.18750000000005684,-0.0875000000000341,-0.09999999999990905,-0.20000000000004547,-0.12499999999994316
6808.0,-0.13500000000003637,-0.125,0.03791437722028324,-0.1750000000000682,-0.10000000000002274,-0.10000000000002274,-0.1750000000000682,-0.125
6810.0,-0.13499999999997953,-0.12499999999994316,0.03791437722028324,-0.17500000000001137,-0.10000000000002274,-0.09999999999990905,-0.17500000000001137,-0.12499999999994316
6812.0,-0.12999999999999545,-0.12499999999994316,0.05046657309548685,-0.1750000000000682,-0.07500000000004547,-0.08749999999992042,-0.1875,-0.12499999999994316
6814.0,-0.14000000000002047,-0.125,0.051082041854280856,-0.18750000000005684,-0.0875000000000341,-0.0999999999999659,-0.20000000000004547,-0.125
6816.0,-0.13500000000001364,-0.12499999999994316,0.037914377220300104,-0.1750000000000682,-0.10000000000002274,-0.0999999999999659,-0.1750000000000682,-0.12499999999994316
6818.0,-0.1449999999999932,-0.14999999999997726,0.038119876704946744,-0.17500000000001137,-0.10000000000002274,-0.11249999999995453,-0.1875,-0.14999999999997726
6820.0,-0.13999999999999774,-0.12499999999994316,0.051082041854296156,-0.18750000000005684,-0.0875000000000341,-0.09999999999990905,-0.20000000000004547,-0.12499999999994316
6822.0,-0.13500000000003637,-0.125,0.03791437722028324,-0.1750000000000682,-0.10000000000002274,-0.10000000000002274,-0.1750000000000682,-0.125
6824.0,-0.13499999999997953,-0.12499999999994316,0.03791437722028324,-0.17500000000001137,-0.10000000000002274,-0.09999999999990905,-0.17500000000001137,-0.12499999999994316
6826.0,-0.12999999999999545,-0.12499999999994316,0.05046657309548685,-0.1750000000000682,-0.07500000000004547,-0.08749999999992042,-0.1875,-0.12499999999994316
6828.0,-0.14000000000002047,-0.125,0.051082041854280856,-0.18750000000005684,-0.0875000000000341,-0.0999999999999659,-0.20000000000004547,-0.125
6830.0,-0.13500000000001364,-0.12499999999994316,0.037914377220300104,-0.1750000000000682,-0.10000000000002274,-0.0999999999999659,-0.1750000000000682,-0.12499999999994316
6832.0,-0.14666666666668107,-0.14999999999997726,0.042532667183943454,-0.1791666666667311,-0.09583333333335986,-0.11249999999995453,-0.1958333333333826,-0.14999999999997726
6834.0,-0.1433333333333735,-0.13333333333332575,0.05099700426934323,-0.18750000000005684,-0.0875000000000341,-0.10416666666668561,-0.2041666666667652,-0.13333333333332575
6836.0,-0.14000000000002047,-0.125,0.051082041854280856,-0.18750000000005684,-0.0875000000000341,-0.0999999999999659,-0.20000000000004547,-0.125
6838.0,-0.13500000000001364,-0.12499999999994316,0.037914377220300104,-0.1750000000000682,-0.10000000000002274,-0.0999999999999659,-0.1750000000000682,-0.12499999999994316
6840.0,-0.1449999999999932,-0.14999999999997726,0.038119876704946744,-0.17500000000001137,-0.10000000000002274,-0.11249999999995453,-0.1875,-0.14999999999997726
6842.0,-0.13999999999999774,-0.12499999999994316,0.051082041854296156,-0.18750000000005684,-0.0875000000000341,-0.09999999999990905,-0.20000000000004547,-0.12499999999994316
6844.0,-0.14500000000002727,-0.125,0.051234753829812414,-0.20000000000004547,-0.10000000000002274,-0.10000000000002274,-0.20000000000004547,-0.125
6846.0,-0.13499999999997953,-0.12499999999994316,0.03791437722028324,-0.17500000000001137,-0.10000000000002274,-0.09999999999990905,-0.17500000000001137,-0.12499999999994316
6848.0,-0.13500000000003637,-0.125,0.03791437722028324,-0.1750000000000682,-0.10000000000002274,-0.10000000000002274,-0.1750000000000682,-0.125
6850.0,-0.14000000000002047,-0.125,0.051082041854280856,-0.18750000000005684,-0.0875000000000341,-0.0999999999999659,-0.20000000000004547,-0.125
6852.0,-0.1400000000000091,-0.12499999999994316,0.051082041854285026,-0.18750000000005684,-0.0875000000000341,-0.0999999999999659,-0.20000000000004547,-0.12499999999994316
6854.0,-0.13500000000000228,-0.125,0.037914377220266374,-0.17500000000001137,-0.10000000000002274,-0.0999999999999659,-0.17500000000001137,-0.125
6856.0,-0.14500000000003865,-0.14999999999997726,0.03811987670497749,-0.1750000000000682,-0.10000000000002274,-0.11250000000001137,-0.1875000000001137,-0.14999999999997726
6858.0,-0.1400000000000091,-0.125,0.051082041854271114,-0.1875,-0.08749999999997726,-0.10000000000002274,-0.20000000000004547,-0.125
6860.0,-0.13499999999997953,-0.12499999999994316,0.03791437722028324,-0.17500000000001137,-0.10000000000002274,-0.09999999999990905,-0.17500000000001137,-0.12499999999994316
6862.0,-0.13500000000003637,-0.125,0.03791437722028324,-0.1750000000000682,-0.10000000000002274,-0.10000000000002274,-0.1750000000000682,-0.125
6864.0,-0.13000000000000683,-0.125,0.05046657309549248,-0.17500000000001137,-0.07499999999998863,-0.08749999999997726,-0.18750000000005684,-0.125
6866.0,-0.1400000000000091,-0.12499999999994316,0.051082041854285026,-0.18750000000005684,-0.0875000000000341,-0.0999999999999659,-0.20000000000004547,-0.12499999999994316
6868.0,-0.13500000000000228,-0.125,0.037914377220266374,-0.17500000000001137,-0.10000000000002274,-0.0999999999999659,-0.17500000000001137,-0.125
6870.0,-0.15500000000000683,-0.14999999999997726,0.03811987670497656,-0.18750000000005684,-0.11250000000001137,-0.12499999999994316,-0.20000000000004547,-0.14999999999997726
6872.0,-0.13500000000003637,-0.125,0.03791437722028324,-0.1750000000000682,-0.10000000000002274,-0.10000000000002274,-0.1750000000000682,-0.125
6874.0,-0.14500000000000454,-0.14999999999997726,0.038119876704962585,-0.17500000000001137,-0.10000000000002274,-0.11249999999995453,-0.18750000000005684,-0.14999999999997726
6876.0,-0.1400000000000091,-0.12499999999994316,0.051082041854285026,-0.18750000000005684,-0.0875000000000341,-0.0999999999999659,-0.20000000000004547,-0.12499999999994316
6878.0,-0.15500000000000683,-0.14999999999997726,0.038119876704953266,-0.1875,-0.11250000000001137,-0.125,-0.20000000000004547,-0.14999999999997726
6880.0,-0.13499999999997953,-0.12499999999994316,0.03791437722028324,-0.17500000000001137,-0.10000000000002274,-0.09999999999990905,-0.17500000000001137,-0.12499999999994316
6882.0,-0.1400000000000091,-0.12499999999994316,0.051082041854285026,-0.18750000000005684,-0.0875000000000341,-0.0999999999999659,-0.20000000000004547,-0.12499999999994316
6884.0,-0.15500000000000683,-0.14999999999997726,0.038119876704953266,-0.1875,-0.11250000000001137,-0.125,-0.20000000000004547,-0.14999999999997726
6886.0,-0.13499999999997953,-0.12499999999994316,0.03791437722028324,-0.17500000000001137,-0.10000000000002274,-0.09999999999990905,-0.17500000000001137,-0.12499999999994316
6888.0,-0.1500000000000341,-0.14999999999997726,0.051538820320246266,-0.18750000000005684,-0.0875000000000341,-0.11250000000001137,-0.21250000000009095,-0.14999999999997726
6890.0,-0.1500000000000341,-0.14999999999997726,0.025000000000019895,-0.1750000000000682,-0.12500000000005684,-0.125,-0.1750000000000682,-0.14999999999997726
6892.0,-0.14000000000002047,-0.125,0.051082041854280856,-0.18750000000005684,-0.0875000000000341,-0.0999999999999659,-0.20000000000004547,-0.125
6894.0,-0.16000000000000228,-0.14999999999997726,0.03791437722029636,-0.20000000000004547,-0.125,-0.12499999999994316,-0.20000000000004547,-0.14999999999997726
6896.0,-0.12999999999999545,-0.12499999999994316,0.05046657309548685,-0.1750000000000682,-0.07500000000004547,-0.08749999999992042,-0.1875,-0.12499999999994316
6898.0,-0.160000000000025,-0.14999999999997726,0.03791437722027012,-0.20000000000004547,-0.12500000000005684,-0.125,-0.20000000000004547,-0.14999999999997726
6900.0,-0.14000000000002047,-0.125,0.051082041854280856,-0.18750000000005684,-0.0875000000000341,-0.0999999999999659,-0.20000000000004547,-0.125
6902.0,-0.14999999999998864,-0.14999999999997726,0.025000000000019895,-0.17500000000001137,-0.125,-0.12499999999994316,-0.17500000000001137,-0.14999999999997726
6904.0,-0.16499999999999773,-0.14999999999997726,0.051082041854280856,-0.2125000000000341,-0.11250000000001137,-0.12499999999994316,-0.22500000000002274,-0.14999999999997726
6906.0,-0.14000000000002047,-0.14999999999997726,0.0518411033833352,-0.1750000000000682,-0.07500000000004547,-0.0999999999999659,-0.20000000000004547,-0.14999999999997726
6908.0,-0.1500000000000341,-0.14999999999997726,0.025000000000019895,-0.1750000000000682,-0.12500000000005684,-0.125,-0.1750000000000682,-0.14999999999997726
6910.0,-0.1500000000000341,-0.14999999999997726,0.025000000000019895,-0.1750000000000682,-0.12500000000005684,-0.125,-0.1750000000000682,-0.14999999999997726
6912.0,-0.1500000000000341,-0.14999999999997726,0.025000000000019895,-0.1750000000000682,-0.12500000000005684,-0.125,-0.1750000000000682,-0.14999999999997726
6914.0,-0.14000000000002047,-0.14999999999997726,0.0518411033833352,-0.1750000000000682,-0.07500000000004547,-0.0999999999999659,-0.20000000000004547,-0.14999999999997726
6916.0,-0.16000000000000228,-0.14999999999997726,0.05184110338333932,-0.20000000000004547,-0.10000000000002274,-0.12499999999994316,-0.22500000000002274,-0.14999999999997726
6918.0,-0.14500000000000454,-0.14999999999997726,0.03811987670495792,-0.1750000000000682,-0.10000000000002274,-0.11249999999995453,-0.1875,-0.14999999999997726
6920.0,-0.15166666666668788,-0.14999999999997726,0.02925581613593211,-0.1791666666667311,-0.12083333333339397,-0.12499999999994316,-0.18333333333339397,-0.14999999999997726
6922.0,-0.15500000000001818,-0.14999999999997726,0.03811987670496538,-0.18750000000005684,-0.11250000000001137,-0.125,-0.20000000000004547,-0.14999999999997726
6924.0,-0.1500000000000341,-0.14999999999997726,0.025000000000019895,-0.1750000000000682,-0.12500000000005684,-0.125,-0.1750000000000682,-0.14999999999997726
6926.0,-0.1500000000000341,-0.14999999999997726,0.025000000000019895,-0.1750000000000682,-0.12500000000005684,-0.125,-0.1750000000000682,-0.14999999999997726
6928.0,-0.1500000000000341,-0.14999999999997726,0.025000000000019895,-0.1750000000000682,-0.12500000000005684,-0.125,-0.1750000000000682,-0.14999999999997726
6930.0,-0.16000000000000228,-0.14999999999997726,0.05184110338333932,-0.20000000000004547,-0.10000000000002274,-0.12499999999994316,-0.22500000000002274,-0.14999999999997726
6932.0,-0.16999999999999318,-0.14999999999997726,0.0512347538298249,-0.22500000000002274,-0.125,-0.12499999999994316,-0.22500000000002274,-0.14999999999997726
6934.0,-0.16499999999999773,-0.14999999999997726,0.051082041854280856,-0.2125000000000341,-0.11250000000001137,-0.12499999999994316,-0.22500000000002274,-0.14999999999997726
6936.0,-0.16000000000000228,-0.14999999999997726,0.05184110338333932,-0.20000000000004547,-0.10000000000002274,-0.12499999999994316,-0.22500000000002274,-0.14999999999997726
6938.0,-0.1500000000000341,-0.14999999999997726,0.051538820320246266,-0.18750000000005684,-0.0875000000000341,-0.11250000000001137,-0.21250000000009095,-0.14999999999997726
6940.0,-0.16000000000000228,-0.17499999999995453,0.027099354235847452,-0.1750000000000682,-0.12500000000005684,-0.1374999999999318,-0.1875,-0.17499999999995453
6942.0,-0.1500000000000341,-0.14999999999997726,0.025000000000019895,-0.1750000000000682,-0.12500000000005684,-0.125,-0.1750000000000682,-0.14999999999997726
6944.0,-0.1500000000000341,-0.14999999999997726,0.025000000000019895,-0.1750000000000682,-0.12500000000005684,-0.125,-0.1750000000000682,-0.14999999999997726
6946.0,-0.160000000000025,-0.14999999999997726,0.03791437722027012,-0.20000000000004547,-0.12500000000005684,-0.125,-0.20000000000004547,-0.14999999999997726
6948.0,-0.15000000000001137,-0.14999999999997726,0.05153882032023937,-0.18750000000005684,-0.0875000000000341,-0.11249999999995453,-0.2125000000000341,-0.14999999999997726
6950.0,-0.14999999999998864,-0.14999999999997726,0.025000000000019895,-0.17500000000001137,-0.125,-0.12499999999994316,-0.17500000000001137,-0.14999999999997726
6952.0,-0.14999999999998864,-0.14999999999997726,0.025000000000019895,-0.17500000000001137,-0.125,-0.12499999999994316,-0.17500000000001137,-0.14999999999997726
6954.0,-0.1500000000000341,-0.14999999999997726,0.051538820320246266,-0.18750000000005684,-0.0875000000000341,-0.11250000000001137,-0.21250000000009095,-0.14999999999997726
6956.0,-0.1500000000000341,-0.14999999999997726,0.025000000000019895,-0.1750000000000682,-0.12500000000005684,-0.125,-0.1750000000000682,-0.14999999999997726
6958.0,-0.1500000000000341,-0.14999999999997726,0.025000000000019895,-0.1750000000000682,-0.12500000000005684,-0.125,-0.1750000000000682,-0.14999999999997726
6960.0,-0.1500000000000341,-0.14999999999997726,0.025000000000019895,-0.1750000000000682,-0.12500000000005684,-0.125,-0.1750000000000682,-0.14999999999997726
6962.0,-0.1500000000000341,-0.14999999999997726,0.025000000000019895,-0.1750000000000682,-0.12500000000005684,-0.125,-0.1750000000000682,-0.14999999999997726
6964.0,-0.1500000000000341,-0.14999999999997726,0.025000000000019895,-0.1750000000000682,-0.12500000000005684,-0.125,-0.1750000000000682,-0.14999999999997726
6966.0,-0.15000000000001137,-0.14999999999997726,0.05153882032023937,-0.18750000000005684,-0.0875000000000341,-0.11249999999995453,-0.2125000000000341,-0.14999999999997726
6968.0,-0.14999999999998864,-0.14999999999997726,0.025000000000019895,-0.17500000000001137,-0.125,-0.12499999999994316,-0.17500000000001137,-0.14999999999997726
6970.0,-0.14500000000000454,-0.14999999999997726,0.03811987670495792,-0.1750000000000682,-0.10000000000002274,-0.11249999999995453,-0.1875,-0.14999999999997726
6972.0,-0.1500000000000341,-0.14999999999997726,0.025000000000019895,-0.1750000000000682,-0.12500000000005684,-0.125,-0.1750000000000682,-0.14999999999997726
6974.0,-0.1449999999999932,-0.14999999999997726,0.038119876704946744,-0.17500000000001137,-0.10000000000002274,-0.11249999999995453,-0.1875,-0.14999999999997726
6976.0,-0.14999999999998864,-0.14999999999997726,0.025000000000019895,-0.17500000000001137,-0.125,-0.12499999999994316,-0.17500000000001137,-0.14999999999997726
6978.0,-0.14999999999998864,-0.14999999999997726,0.025000000000019895,-0.17500000000001137,-0.125,-0.12499999999994316,-0.17500000000001137,-0.14999999999997726
6980.0,-0.1500000000000341,-0.14999999999997726,0.051538820320246266,-0.18750000000005684,-0.0875000000000341,-0.11250000000001137,-0.21250000000009095,-0.14999999999997726
6982.0,-0.1500000000000341,-0.14999999999997726,0.025000000000019895,-0.1750000000000682,-0.12500000000005684,-0.125,-0.1750000000000682,-0.14999999999997726
6984.0,-0.1500000000000341,-0.14999999999997726,0.025000000000019895,-0.1750000000000682,-0.12500000000005684,-0.125,-0.1750000000000682,-0.14999999999997726
6986.0,-0.1449999999999932,-0.14999999999997726,0.038119876704946744,-0.17500000000001137,-0.10000000000002274,-0.11249999999995453,-0.1875,-0.14999999999997726
6988.0,-0.1449999999999818,-0.125,0.027386127875285292,-0.17500000000001137,-0.125,-0.12499999999994316,-0.17500000000001137,-0.12499999999994316
6990.0,-0.14999999999998864,-0.14999999999997726,0.025000000000019895,-0.17500000000001137,-0.125,-0.12499999999994316,-0.17500000000001137,-0.14999999999997726
6992.0,-0.14999999999998864,-0.14999999999997726,0.025000000000019895,-0.17500000000001137,-0.125,-0.12499999999994316,-0.17500000000001137,-0.14999999999997726
6994.0,-0.14500000000003865,-0.14999999999997726,0.03811987670497749,-0.1750000000000682,-0.10000000000002274,-0.11250000000001137,-0.1875000000001137,-0.14999999999997726
6996.0,-0.14500000000000454,-0.14999999999997726,0.03811987670495792,-0.1750000000000682,-0.10000000000002274,-0.11249999999995453,-0.1875,-0.14999999999997726
6998.0,-0.1500000000000341,-0.14999999999997726,0.025000000000019895,-0.1750000000000682,-0.12500000000005684,-0.125,-0.1750000000000682,-0.14999999999997726
7000.0,-0.1500000000000341,-0.14999999999997726,0.025000000000019895,-0.1750000000000682,-0.12500000000005684,-0.125,-0.1750000000000682,-0.14999999999997726
7002.0,-0.13000000000000683,-0.125,0.05046657309549248,-0.17500000000001137,-0.07499999999998863,-0.08749999999997726,-0.18750000000005684,-0.125
7004.0,-0.14999999999998864,-0.14999999999997726,0.025000000000019895,-0.17500000000001137,-0.125,-0.12499999999994316,-0.17500000000001137,-0.14999999999997726
7006.0,-0.14999999999998864,-0.14999999999997726,0.025000000000019895,-0.17500000000001137,-0.125,-0.12499999999994316,-0.17500000000001137,-0.14999999999997726
7008.0,-0.14999999999998864,-0.14999999999997726,0.025000000000019895,-0.17500000000001137,-0.125,-0.12499999999994316,-0.17500000000001137,-0.14999999999997726
7010.0,-0.14999999999998864,-0.14999999999997726,0.025000000000019895,-0.17500000000001137,-0.125,-0.12499999999994316,-0.17500000000001137,-0.14999999999997726
7012.0,-0.14999999999998864,-0.14999999999997726,0.025000000000019895,-0.17500000000001137,-0.125,-0.12499999999994316,-0.17500000000001137,-0.14999999999997726
7014.0,-0.14500000000000454,-0.14999999999997726,0.03811987670495792,-0.1750000000000682,-0.10000000000002274,-0.11249999999995453,-0.1875,-0.14999999999997726
7016.0,-0.12999999999998407,-0.125,0.0376616884615974,-0.16666666666662877,-0.09166666666664014,-0.09583333333330302,-0.1708333333333485,-0.125
7018.0,-0.12999999999999545,-0.14166666666659467,0.030533451600960024,-0.15000000000009095,-0.09166666666669698,-0.10416666666657193,-0.16250000000002274,-0.14166666666659467
7020.0,-0.1500000000000341,-0.14999999999997726,0.025000000000019895,-0.1750000000000682,-0.12500000000005684,-0.125,-0.1750000000000682,-0.14999999999997726
7022.0,-0.13499999999997953,-0.12499999999994316,0.03791437722028324,-0.17500000000001137,-0.10000000000002274,-0.09999999999990905,-0.17500000000001137,-0.12499999999994316
7024.0,-0.14999999999998864,-0.14999999999997726,0.025000000000019895,-0.17500000000001137,-0.125,-0.12499999999994316,-0.17500000000001137,-0.14999999999997726
7026.0,-0.14999999999998864,-0.14999999999997726,0.025000000000019895,-0.17500000000001137,-0.125,-0.12499999999994316,-0.17500000000001137,-0.14999999999997726
7028.0,-0.14999999999998864,-0.14999999999997726,0.025000000000019895,-0.17500000000001137,-0.125,-0.12499999999994316,-0.17500000000001137,-0.14999999999997726
7030.0,-0.14999999999998864,-0.14999999999997726,0.025000000000019895,-0.17500000000001137,-0.125,-0.12499999999994316,-0.17500000000001137,-0.14999999999997726
7032.0,-0.14999999999998864,-0.14999999999997726,0.025000000000019895,-0.17500000000001137,-0.125,-0.12499999999994316,-0.17500000000001137,-0.14999999999997726
7034.0,-0.12999999999999545,-0.12499999999994316,0.05046657309548685,-0.1750000000000682,-0.07500000000004547,-0.08749999999992042,-0.1875,-0.12499999999994316
7036.0,-0.1500000000000341,-0.14999999999997726,0.025000000000019895,-0.1750000000000682,-0.12500000000005684,-0.125,-0.1750000000000682,-0.14999999999997726
7038.0,-0.1500000000000341,-0.14999999999997726,0.025000000000019895,-0.1750000000000682,-0.12500000000005684,-0.125,-0.1750000000000682,-0.14999999999997726
7040.0,-0.12999999999999545,-0.125,0.025920551691663487,-0.14999999999997726,-0.10000000000002274,-0.11249999999995453,-0.16250000000002274,-0.125
7042.0,-0.14999999999998864,-0.14999999999997726,0.025000000000019895,-0.17500000000001137,-0.125,-0.12499999999994316,-0.17500000000001137,-0.14999999999997726
7044.0,-0.14999999999998864,-0.14999999999997726,0.025000000000019895,-0.17500000000001137,-0.125,-0.12499999999994316,-0.17500000000001137,-0.14999999999997726
7046.0,-0.13500000000003637,-0.125,0.03791437722028324,-0.1750000000000682,-0.10000000000002274,-0.10000000000002274,-0.1750000000000682,-0.125
7048.0,-0.1500000000000341,-0.14999999999997726,0.025000000000019895,-0.1750000000000682,-0.12500000000005684,-0.125,-0.1750000000000682,-0.14999999999997726
7050.0,-0.12500000000001138,-0.125,0.037500000000008527,-0.16250000000002274,-0.0875000000000341,-0.08749999999997726,-0.16250000000002274,-0.125
7052.0,-0.14999999999998864,-0.14999999999997726,0.025000000000019895,-0.17500000000001137,-0.125,-0.12499999999994316,-0.17500000000001137,-0.14999999999997726
7054.0,-0.12500000000001138,-0.125,0.019764235376079332,-0.13749999999998863,-0.11249999999995453,-0.10000000000002274,-0.15000000000009095,-0.125
7056.0,-0.1500000000000341,-0.14999999999997726,0.025000000000019895,-0.1750000000000682,-0.12500000000005684,-0.125,-0.1750000000000682,-0.14999999999997726
7058.0,-0.14500000000000454,-0.12500000000005684,0.027386127875264534,-0.17500000000001137,-0.12500000000005684,-0.12499999999994316,-0.17500000000001137,-0.125
7060.0,-0.14999999999998864,-0.14999999999997726,0.025000000000019895,-0.17500000000001137,-0.125,-0.12499999999994316,-0.17500000000001137,-0.14999999999997726
7062.0,-0.13500000000002502,-0.14999999999997726,0.027099354235860563,-0.1500000000000341,-0.10000000000002274,-0.11250000000001137,-0.16250000000007958,-0.14999999999997726
7064.0,-0.1500000000000341,-0.14999999999997726,0.025000000000019895,-0.1750000000000682,-0.12500000000005684,-0.125,-0.1750000000000682,-0.14999999999997726
7066.0,-0.1500000000000341,-0.14999999999997726,0.025000000000019895,-0.1750000000000682,-0.12500000000005684,-0.125,-0.1750000000000682,-0.14999999999997726
7068.0,-0.13499999999997953,-0.12499999999994316,0.03791437722028324,-0.17500000000001137,-0.10000000000002274,-0.09999999999990905,-0.17500000000001137,-0.12499999999994316
7070.0,-0.14999999999998864,-0.14999999999997726,0.025000000000019895,-0.17500000000001137,-0.125,-0.12499999999994316,-0.17500000000001137,-0.14999999999997726
7072.0,-0.15000000000002273,-0.14999999999997726,0.025000000000034106,-0.1750000000000682,-0.125,-0.125,-0.1750000000000682,-0.14999999999997726
7074.0,-0.1500000000000341,-0.14999999999997726,0.025000000000019895,-0.1750000000000682,-0.12500000000005684,-0.125,-0.1750000000000682,-0.14999999999997726
7076.0,-0.13500000000000228,-0.125,0.037914377220266374,-0.17500000000001137,-0.10000000000002274,-0.0999999999999659,-0.17500000000001137,-0.125
7078.0,-0.14999999999998864,-0.14999999999997726,0.025000000000019895,-0.17500000000001137,-0.125,-0.12499999999994316,-0.17500000000001137,-0.14999999999997726
7080.0,-0.14500000000003865,-0.14999999999997726,0.03811987670497749,-0.1750000000000682,-0.10000000000002274,-0.11250000000001137,-0.1875000000001137,-0.14999999999997726
7082.0,-0.1500000000000341,-0.14999999999997726,0.025000000000019895,-0.1750000000000682,-0.12500000000005684,-0.125,-0.1750000000000682,-0.14999999999997726
7084.0,-0.1500000000000341,-0.14999999999997726,0.025000000000019895,-0.1750000000000682,-0.12500000000005684,-0.125,-0.1750000000000682,-0.14999999999997726
7086.0,-0.14999999999998864,-0.14999999999997726,0.025000000000019895,-0.17500000000001137,-0.125,-0.12499999999994316,-0.17500000000001137,-0.14999999999997726
7088.0,-0.14999999999998864,-0.14999999999997726,0.025000000000019895,-0.17500000000001137,-0.125,-0.12499999999994316,-0.17500000000001137,-0.14999999999997726
7090.0,-0.1500000000000341,-0.14999999999997726,0.025000000000019895,-0.1750000000000682,-0.12500000000005684,-0.125,-0.1750000000000682,-0.14999999999997726
7092.0,-0.1500000000000341,-0.14999999999997726,0.025000000000019895,-0.1750000000000682,-0.12500000000005684,-0.125,-0.1750000000000682,-0.14999999999997726
7094.0,-0.14999999999998864,-0.14999999999997726,0.025000000000019895,-0.17500000000001137,-0.125,-0.12499999999994316,-0.17500000000001137,-0.14999999999997726
7096.0,-0.14999999999998864,-0.14999999999997726,0.025000000000019895,-0.17500000000001137,-0.125,-0.12499999999994316,-0.17500000000001137,-0.14999999999997726
7098.0,-0.14500000000003865,-0.12500000000005684,0.027386127875285292,-0.1750000000000682,-0.12500000000005684,-0.125,-0.1750000000000682,-0.125
7100.0,-0.1500000000000341,-0.14999999999997726,0.025000000000019895,-0.1750000000000682,-0.12500000000005684,-0.125,-0.1750000000000682,-0.14999999999997726
7102.0,-0.13999999999999774,-0.14999999999997726,0.05184110338334342,-0.17500000000001137,-0.07499999999998863,-0.0999999999999659,-0.20000000000004547,-0.14999999999997726
7104.0,-0.14999999999998864,-0.14999999999997726,0.025000000000019895,-0.17500000000001137,-0.125,-0.12499999999994316,-0.17500000000001137,-0.14999999999997726
7106.0,-0.14500000000003865,-0.14999999999997726,0.03811987670497749,-0.1750000000000682,-0.10000000000002274,-0.11250000000001137,-0.1875000000001137,-0.14999999999997726
7108.0,-0.1500000000000341,-0.14999999999997726,0.025000000000019895,-0.1750000000000682,-0.12500000000005684,-0.125,-0.1750000000000682,-0.14999999999997726
7110.0,-0.15,-0.14999999999997726,0.025000000000005684,-0.17500000000001137,-0.12500000000005684,-0.12499999999994316,-0.17500000000001137,-0.14999999999997726
7112.0,-0.13500000000002502,-0.14999999999997726,0.027099354235860563,-0.1500000000000341,-0.10000000000002274,-0.11250000000001137,-0.16250000000007958,-0.14999999999997726
7114.0,-0.1500000000000341,-0.14999999999997726,0.025000000000019895,-0.1750000000000682,-0.12500000000005684,-0.125,-0.1750000000000682,-0.14999999999997726
7116.0,-0.14500000000000454,-0.12500000000005684,0.027386127875264534,-0.17500000000001137,-0.12500000000005684,-0.12499999999994316,-0.17500000000001137,-0.125
7118.0,-0.14999999999998864,-0.14999999999997726,0.025000000000019895,-0.17500000000001137,-0.125,-0.12499999999994316,-0.17500000000001137,-0.14999999999997726
7120.0,-0.13500000000001364,-0.14999999999997726,0.0270993542358658,-0.15000000000009095,-0.10000000000002274,-0.11249999999995453,-0.16250000000002274,-0.14999999999997726
7122.0,-0.1500000000000341,-0.14999999999997726,0.025000000000019895,-0.1750000000000682,-0.12500000000005684,-0.125,-0.1750000000000682,-0.14999999999997726
7124.0,-0.1449999999999818,-0.125,0.027386127875285292,-0.17500000000001137,-0.125,-0.12499999999994316,-0.17500000000001137,-0.12499999999994316
7126.0,-0.13500000000002502,-0.14999999999997726,0.027099354235860563,-0.1500000000000341,-0.10000000000002274,-0.11250000000001137,-0.16250000000007958,-0.14999999999997726
7128.0,-0.1500000000000341,-0.14999999999997726,0.025000000000019895,-0.1750000000000682,-0.12500000000005684,-0.125,-0.1750000000000682,-0.14999999999997726
7130.0,-0.15,-0.14999999999997726,0.025000000000005684,-0.17500000000001137,-0.12500000000005684,-0.12499999999994316,-0.17500000000001137,-0.14999999999997726
7132.0,-0.14999999999998864,-0.14999999999997726,0.025000000000019895,-0.17500000000001137,-0.125,-0.12499999999994316,-0.17500000000001137,-0.14999999999997726
7134.0,-0.13500000000003637,-0.125,0.03791437722028324,-0.1750000000000682,-0.10000000000002274,-0.10000000000002274,-0.1750000000000682,-0.125
7136.0,-0.1500000000000341,-0.14999999999997726,0.025000000000019895,-0.1750000000000682,-0.12500000000005684,-0.125,-0.1750000000000682,-0.14999999999997726
7138.0,-0.14999999999998864,-0.14999999999997726,0.025000000000019895,-0.17500000000001137,-0.125,-0.12499999999994316,-0.17500000000001137,-0.14999999999997726
7140.0,-0.15000000000002273,-0.14999999999997726,0.025000000000034106,-0.1750000000000682,-0.125,-0.125,-0.1750000000000682,-0.14999999999997726
7142.0,-0.1500000000000341,-0.14999999999997726,0.025000000000019895,-0.1750000000000682,-0.12500000000005684,-0.125,-0.1750000000000682,-0.14999999999997726
7144.0,-0.13499999999997953,-0.12499999999994316,0.03791437722028324,-0.17500000000001137,-0.10000000000002274,-0.09999999999990905,-0.17500000000001137,-0.12499999999994316
7146.0,-0.13500000000002502,-0.14999999999997726,0.027099354235860563,-0.1500000000000341,-0.10000000000002274,-0.11250000000001137,-0.16250000000007958,-0.14999999999997726
7148.0,-0.1500000000000341,-0.14999999999997726,0.025000000000019895,-0.1750000000000682,-0.12500000000005684,-0.125,-0.1750000000000682,-0.14999999999997726
7150.0,-0.15,-0.14999999999997726,0.025000000000005684,-0.17500000000001137,-0.12500000000005684,-0.12499999999994316,-0.17500000000001137,-0.14999999999997726
7152.0,-0.14999999999998864,-0.14999999999997726,0.025000000000019895,-0.17500000000001137,-0.125,-0.12499999999994316,-0.17500000000001137,-0.14999999999997726
7154.0,-0.1500000000000341,-0.14999999999997726,0.025000000000019895,-0.1750000000000682,-0.12500000000005684,-0.125,-0.1750000000000682,-0.14999999999997726
7156.0,-0.15,-0.14999999999997726,0.025000000000005684,-0.17500000000001137,-0.12500000000005684,-0.12499999999994316,-0.17500000000001137,-0.14999999999997726
7158.0,-0.14999999999998864,-0.14999999999997726,0.025000000000019895,-0.17500000000001137,-0.125,-0.12499999999994316,-0.17500000000001137,-0.14999999999997726
7160.0,-0.14500000000003865,-0.12500000000005684,0.027386127875285292,-0.1750000000000682,-0.12500000000005684,-0.125,-0.1750000000000682,-0.125
7162.0,-0.13500000000000228,-0.125,0.037914377220266374,-0.17500000000001137,-0.10000000000002274,-0.0999999999999659,-0.17500000000001137,-0.125
7164.0,-0.14999999999998864,-0.14999999999997726,0.025000000000019895,-0.17500000000001137,-0.125,-0.12499999999994316,-0.17500000000001137,-0.14999999999997726
7166.0,-0.13500000000003637,-0.125,0.03791437722028324,-0.1750000000000682,-0.10000000000002274,-0.10000000000002274,-0.1750000000000682,-0.125
7168.0,-0.1449999999999932,-0.14999999999997726,0.038119876704946744,-0.17500000000001137,-0.10000000000002274,-0.11249999999995453,-0.1875,-0.14999999999997726
7170.0,-0.14999999999998864,-0.14999999999997726,0.025000000000019895,-0.17500000000001137,-0.125,-0.12499999999994316,-0.17500000000001137,-0.14999999999997726
7172.0,-0.14500000000000454,-0.14999999999997726,0.03811987670495792,-0.1750000000000682,-0.10000000000002274,-0.11249999999995453,-0.1875,-0.14999999999997726
7174.0,-0.13999999999999774,-0.14999999999997726,0.0346860923137823,-0.1500000000000341,-0.10000000000002274,-0.11249999999995453,-0.1875,-0.14999999999997726
7176.0,-0.14999999999998864,-0.14999999999997726,0.025000000000019895,-0.17500000000001137,-0.125,-0.12499999999994316,-0.17500000000001137,-0.14999999999997726
7178.0,-0.14500000000000454,-0.14999999999997726,0.03811987670495792,-0.1750000000000682,-0.10000000000002274,-0.11249999999995453,-0.1875,-0.14999999999997726
7180.0,-0.1449999999999932,-0.14999999999997726,0.038119876704946744,-0.17500000000001137,-0.10000000000002274,-0.11249999999995453,-0.1875,-0.14999999999997726
7182.0,-0.14999999999998864,-0.14999999999997726,0.025000000000019895,-0.17500000000001137,-0.125,-0.12499999999994316,-0.17500000000001137,-0.14999999999997726
7184.0,-0.13500000000003637,-0.125,0.03791437722028324,-0.1750000000000682,-0.10000000000002274,-0.10000000000002274,-0.1750000000000682,-0.125
7186.0,-0.13500000000000228,-0.125,0.037914377220266374,-0.17500000000001137,-0.10000000000002274,-0.0999999999999659,-0.17500000000001137,-0.125
7188.0,-0.14999999999998864,-0.14999999999997726,0.025000000000019895,-0.17500000000001137,-0.125,-0.12499999999994316,-0.17500000000001137,-0.14999999999997726
7190.0,-0.14500000000003865,-0.12500000000005684,0.027386127875285292,-0.1750000000000682,-0.12500000000005684,-0.125,-0.1750000000000682,-0.125
7192.0,-0.15,-0.14999999999997726,0.025000000000005684,-0.17500000000001137,-0.12500000000005684,-0.12499999999994316,-0.17500000000001137,-0.14999999999997726
7194.0,-0.14999999999998864,-0.14999999999997726,0.025000000000019895,-0.17500000000001137,-0.125,-0.12499999999994316,-0.17500000000001137,-0.14999999999997726
7196.0,-0.1500000000000341,-0.14999999999997726,0.025000000000019895,-0.1750000000000682,-0.12500000000005684,-0.125,-0.1750000000000682,-0.14999999999997726
7198.0,-0.15,-0.14999999999997726,0.025000000000005684,-0.17500000000001137,-0.12500000000005684,-0.12499999999994316,-0.17500000000001137,-0.14999999999997726
7200.0,-0.14999999999998864,-0.14999999999997726,0.025000000000019895,-0.17500000000001137,-0.125,-0.12499999999994316,-0.17500000000001137,-0.14999999999997726
7202.0,-0.1500000000000341,-0.14999999999997726,0.025000000000019895,-0.1750000000000682,-0.12500000000005684,-0.125,-0.1750000000000682,-0.14999999999997726
7204.0,-0.1349999999999909,-0.14999999999997726,0.02709935423585007,-0.14999999999997726,-0.10000000000002274,-0.11249999999995453,-0.16250000000002274,-0.14999999999997726
7206.0,-0.13500000000001364,-0.12499999999994316,0.037914377220300104,-0.1750000000000682,-0.10000000000002274,-0.0999999999999659,-0.1750000000000682,-0.12499999999994316
7208.0,-0.1500000000000341,-0.14999999999997726,0.025000000000019895,-0.1750000000000682,-0.12500000000005684,-0.125,-0.1750000000000682,-0.14999999999997726
7210.0,-0.14999999999998864,-0.14999999999997726,0.025000000000019895,-0.17500000000001137,-0.125,-0.12499999999994316,-0.17500000000001137,-0.14999999999997726
7212.0,-0.15000000000002273,-0.14999999999997726,0.025000000000034106,-0.1750000000000682,-0.125,-0.125,-0.1750000000000682,-0.14999999999997726
7214.0,-0.1500000000000341,-0.14999999999997726,0.025000000000019895,-0.1750000000000682,-0.12500000000005684,-0.125,-0.1750000000000682,-0.14999999999997726
7216.0,-0.14999999999998864,-0.14999999999997726,0.025000000000019895,-0.17500000000001137,-0.125,-0.12499999999994316,-0.17500000000001137,-0.14999999999997726
7218.0,-0.1400000000000091,-0.14999999999997726,0.034686092313786394,-0.15000000000009095,-0.10000000000002274,-0.11249999999995453,-0.1875,-0.14999999999997726
7220.0,-0.14500000000000454,-0.12500000000005684,0.027386127875264534,-0.17500000000001137,-0.12500000000005684,-0.12499999999994316,-0.17500000000001137,-0.125
7222.0,-0.14999999999998864,-0.14999999999997726,0.025000000000019895,-0.17500000000001137,-0.125,-0.12499999999994316,-0.17500000000001137,-0.14999999999997726
7224.0,-0.1500000000000341,-0.14999999999997726,0.025000000000019895,-0.1750000000000682,-0.12500000000005684,-0.125,-0.1750000000000682,-0.14999999999997726
7226.0,-0.15,-0.14999999999997726,0.025000000000005684,-0.17500000000001137,-0.12500000000005684,-0.12499999999994316,-0.17500000000001137,-0.14999999999997726
7228.0,-0.13500000000001364,-0.12499999999994316,0.037914377220300104,-0.1750000000000682,-0.10000000000002274,-0.0999999999999659,-0.1750000000000682,-0.12499999999994316
7230.0,-0.1500000000000341,-0.14999999999997726,0.025000000000019895,-0.1750000000000682,-0.12500000000005684,-0.125,-0.1750000000000682,-0.14999999999997726
7232.0,-0.14999999999998864,-0.14999999999997726,0.025000000000019895,-0.17500000000001137,-0.125,-0.12499999999994316,-0.17500000000001137,-0.14999999999997726
7234.0,-0.15000000000002273,-0.14999999999997726,0.025000000000034106,-0.1750000000000682,-0.125,-0.125,-0.1750000000000682,-0.14999999999997726
7236.0,-0.13500000000000228,-0.125,0.037914377220266374,-0.17500000000001137,-0.10000000000002274,-0.0999999999999659,-0.17500000000001137,-0.125
7238.0,-0.14999999999998864,-0.14999999999997726,0.025000000000019895,-0.17500000000001137,-0.125,-0.12499999999994316,-0.17500000000001137,-0.14999999999997726
7240.0,-0.1500000000000341,-0.14999999999997726,0.025000000000019895,-0.1750000000000682,-0.12500000000005684,-0.125,-0.1750000000000682,-0.14999999999997726
7242.0,-0.15,-0.14999999999997726,0.025000000000005684,-0.17500000000001137,-0.12500000000005684,-0.12499999999994316,-0.17500000000001137,-0.14999999999997726
7244.0,-0.14500000000001592,-0.125,0.027386127875306046,-0.1750000000000682,-0.125,-0.125,-0.1750000000000682,-0.12499999999994316
7246.0,-0.1500000000000341,-0.14999999999997726,0.025000000000019895,-0.1750000000000682,-0.12500000000005684,-0.125,-0.1750000000000682,-0.14999999999997726
7248.0,-0.14999999999998864,-0.14999999999997726,0.025000000000019895,-0.17500000000001137,-0.125,-0.12499999999994316,-0.17500000000001137,-0.14999999999997726
7250.0,-0.14500000000002727,-0.14999999999997726,0.025920551691688158,-0.16250000000007958,-0.11250000000001137,-0.125,-0.1750000000000682,-0.14999999999997726
7252.0,-0.15,-0.14999999999997726,0.025000000000005684,-0.17500000000001137,-0.12500000000005684,-0.12499999999994316,-0.17500000000001137,-0.14999999999997726
7254.0,-0.14999999999998864,-0.14999999999997726,0.025000000000019895,-0.17500000000001137,-0.125,-0.12499999999994316,-0.17500000000001137,-0.14999999999997726
7256.0,-0.1500000000000341,-0.14999999999997726,0.025000000000019895,-0.1750000000000682,-0.12500000000005684,-0.125,-0.1750000000000682,-0.14999999999997726
7258.0,-0.13499999999997953,-0.12499999999994316,0.03791437722028324,-0.17500000000001137,-0.10000000000002274,-0.09999999999990905,-0.17500000000001137,-0.12499999999994316
7260.0,-0.15000000000002273,-0.14999999999997726,0.025000000000034106,-0.1750000000000682,-0.125,-0.125,-0.1750000000000682,-0.14999999999997726
7262.0,-0.1500000000000341,-0.14999999999997726,0.025000000000019895,-0.1750000000000682,-0.12500000000005684,-0.125,-0.1750000000000682,-0.14999999999997726
7264.0,-0.14999999999998864,-0.14999999999997726,0.025000000000019895,-0.17500000000001137,-0.125,-0.12499999999994316,-0.17500000000001137,-0.14999999999997726
7266.0,-0.15000000000002273,-0.14999999999997726,0.025000000000034106,-0.1750000000000682,-0.125,-0.125,-0.1750000000000682,-0.14999999999997726
7268.0,-0.1500000000000341,-0.14999999999997726,0.025000000000019895,-0.1750000000000682,-0.12500000000005684,-0.125,-0.1750000000000682,-0.14999999999997726
7270.0,-0.14999999999998864,-0.14999999999997726,0.025000000000019895,-0.17500000000001137,-0.125,-0.12499999999994316,-0.17500000000001137,-0.14999999999997726
7272.0,-0.13500000000003637,-0.125,0.03791437722028324,-0.1750000000000682,-0.10000000000002274,-0.10000000000002274,-0.1750000000000682,-0.125
7274.0,-0.15,-0.14999999999997726,0.025000000000005684,-0.17500000000001137,-0.12500000000005684,-0.12499999999994316,-0.17500000000001137,-0.14999999999997726
7276.0,-0.14000000000003182,-0.14999999999997726,0.03468609231380995,-0.1500000000000341,-0.10000000000002274,-0.11250000000001137,-0.1875000000001137,-0.14999999999997726
7278.0,-0.1500000000000341,-0.14999999999997726,0.025000000000019895,-0.1750000000000682,-0.12500000000005684,-0.125,-0.1750000000000682,-0.14999999999997726
7280.0,-0.14999999999998864,-0.14999999999997726,0.025000000000019895,-0.17500000000001137,-0.125,-0.12499999999994316,-0.17500000000001137,-0.14999999999997726
7282.0,-0.13500000000001364,-0.14999999999997726,0.0270993542358658,-0.15000000000009095,-0.10000000000002274,-0.11249999999995453,-0.16250000000002274,-0.14999999999997726
7284.0,-0.15,-0.14999999999997726,0.025000000000005684,-0.17500000000001137,-0.12500000000005684,-0.12499999999994316,-0.17500000000001137,-0.14999999999997726
7286.0,-0.13500000000002502,-0.14999999999997726,0.027099354235860563,-0.1500000000000341,-0.10000000000002274,-0.11250000000001137,-0.16250000000007958,-0.14999999999997726
7288.0,-0.1500000000000341,-0.14999999999997726,0.025000000000019895,-0.1750000000000682,-0.12500000000005684,-0.125,-0.1750000000000682,-0.14999999999997726
7290.0,-0.14999999999998864,-0.14999999999997726,0.025000000000019895,-0.17500000000001137,-0.125,-0.12499999999994316,-0.17500000000001137,-0.14999999999997726
7292.0,-0.13500000000001364,-0.14999999999997726,0.0270993542358658,-0.15000000000009095,-0.10000000000002274,-0.11249999999995453,-0.16250000000002274,-0.14999999999997726
7294.0,-0.15,-0.14999999999997726,0.025000000000005684,-0.17500000000001137,-0.12500000000005684,-0.12499999999994316,-0.17500000000001137,-0.14999999999997726
7296.0,-0.13500000000001364,-0.12499999999994316,0.037914377220300104,-0.1750000000000682,-0.10000000000002274,-0.0999999999999659,-0.1750000000000682,-0.12499999999994316
7298.0,-0.1500000000000341,-0.14999999999997726,0.025000000000019895,-0.1750000000000682,-0.12500000000005684,-0.125,-0.1750000000000682,-0.14999999999997726
7300.0,-0.14999999999998864,-0.14999999999997726,0.025000000000019895,-0.17500000000001137,-0.125,-0.12499999999994316,-0.17500000000001137,-0.14999999999997726
7302.0,-0.14000000000003182,-0.125,0.03354101966252566,-0.1750000000000682,-0.10000000000002274,-0.125,-0.1750000000000682,-0.125
7304.0,-0.15,-0.14999999999997726,0.025000000000005684,-0.17500000000001137,-0.12500000000005684,-0.12499999999994316,-0.17500000000001137,-0.14999999999997726
7306.0,-0.15000000000002273,-0.14999999999997726,0.025000000000034106,-0.1750000000000682,-0.125,-0.125,-0.1750000000000682,-0.14999999999997726
7308.0,-0.1500000000000341,-0.14999999999997726,0.025000000000019895,-0.1750000000000682,-0.12500000000005684,-0.125,-0.1750000000000682,-0.14999999999997726
7310.0,-0.14999999999998864,-0.14999999999997726,0.025000000000019895,-0.17500000000001137,-0.125,-0.12499999999994316,-0.17500000000001137,-0.14999999999997726
7312.0,-0.1500000000000341,-0.14999999999997726,0.025000000000019895,-0.1750000000000682,-0.12500000000005684,-0.125,-0.1750000000000682,-0.14999999999997726
7314.0,-0.14500000000000454,-0.14999999999997726,0.025920551691655264,-0.16250000000002274,-0.11250000000006821,-0.12499999999994316,-0.17500000000001137,-0.14999999999997726
7316.0,-0.15000000000002273,-0.14999999999997726,0.025000000000034106,-0.1750000000000682,-0.125,-0.125,-0.1750000000000682,-0.14999999999997726
7318.0,-0.14500000000000454,-0.12500000000005684,0.027386127875264534,-0.17500000000001137,-0.12500000000005684,-0.12499999999994316,-0.17500000000001137,-0.125
7320.0,-0.14999999999998864,-0.14999999999997726,0.025000000000019895,-0.17500000000001137,-0.125,-0.12499999999994316,-0.17500000000001137,-0.14999999999997726
7322.0,-0.1500000000000341,-0.14999999999997726,0.025000000000019895,-0.1750000000000682,-0.12500000000005684,-0.125,-0.1750000000000682,-0.14999999999997726
7324.0,-0.14999999999998864,-0.14999999999997726,0.025000000000019895,-0.17500000000001137,-0.125,-0.12499999999994316,-0.17500000000001137,-0.14999999999997726
7326.0,-0.14500000000002727,-0.14999999999997726,0.025920551691688158,-0.16250000000007958,-0.11250000000001137,-0.125,-0.1750000000000682,-0.14999999999997726
7328.0,-0.15,-0.14999999999997726,0.025000000000005684,-0.17500000000001137,-0.12500000000005684,-0.12499999999994316,-0.17500000000001137,-0.14999999999997726
7330.0,-0.14500000000001592,-0.125,0.027386127875306046,-0.1750000000000682,-0.125,-0.125,-0.1750000000000682,-0.12499999999994316
7332.0,-0.1500000000000341,-0.14999999999997726,0.025000000000019895,-0.1750000000000682,-0.12500000000005684,-0.125,-0.1750000000000682,-0.14999999999997726
7334.0,-0.14999999999998864,-0.14999999999997726,0.025000000000019895,-0.17500000000001137,-0.125,-0.12499999999994316,-0.17500000000001137,-0.14999999999997726
7336.0,-0.1500000000000341,-0.14999999999997726,0.025000000000019895,-0.1750000000000682,-0.12500000000005684,-0.125,-0.1750000000000682,-0.14999999999997726
7338.0,-0.13499999999997953,-0.12499999999994316,0.03791437722028324,-0.17500000000001137,-0.10000000000002274,-0.09999999999990905,-0.17500000000001137,-0.12499999999994316
7340.0,-0.15000000000002273,-0.14999999999997726,0.025000000000034106,-0.1750000000000682,-0.125,-0.125,-0.1750000000000682,-0.14999999999997726
7342.0,-0.15,-0.14999999999997726,0.025000000000005684,-0.17500000000001137,-0.12500000000005684,-0.12499999999994316,-0.17500000000001137,-0.14999999999997726
7344.0,-0.125,-0.12499999999994316,0.025000000000019895,-0.1500000000000341,-0.10000000000002274,-0.0999999999999659,-0.1500000000000341,-0.12499999999994316
7346.0,-0.1500000000000341,-0.14999999999997726,0.025000000000019895,-0.1750000000000682,-0.12500000000005684,-0.125,-0.1750000000000682,-0.14999999999997726
7348.0,-0.14999999999998864,-0.14999999999997726,0.025000000000019895,-0.17500000000001137,-0.125,-0.12499999999994316,-0.17500000000001137,-0.14999999999997726
7350.0,-0.1500000000000341,-0.14999999999997726,0.025000000000019895,-0.1750000000000682,-0.12500000000005684,-0.125,-0.1750000000000682,-0.14999999999997726
7352.0,-0.12499999999996589,-0.12499999999994316,0.025000000000005684,-0.14999999999997726,-0.10000000000002274,-0.09999999999990905,-0.14999999999997726,-0.12499999999994316
7354.0,-0.15000000000002273,-0.14999999999997726,0.025000000000034106,-0.1750000000000682,-0.125,-0.125,-0.1750000000000682,-0.14999999999997726
7356.0,-0.15,-0.14999999999997726,0.025000000000005684,-0.17500000000001137,-0.12500000000005684,-0.12499999999994316,-0.17500000000001137,-0.14999999999997726
7358.0,-0.125,-0.12499999999994316,0.025000000000019895,-0.1500000000000341,-0.10000000000002274,-0.0999999999999659,-0.1500000000000341,-0.12499999999994316
7360.0,-0.1500000000000341,-0.14999999999997726,0.025000000000019895,-0.1750000000000682,-0.12500000000005684,-0.125,-0.1750000000000682,-0.14999999999997726
7362.0,-0.14999999999998864,-0.14999999999997726,0.025000000000019895,-0.17500000000001137,-0.125,-0.12499999999994316,-0.17500000000001137,-0.14999999999997726
7364.0,-0.1500000000000341,-0.14999999999997726,0.025000000000019895,-0.1750000000000682,-0.12500000000005684,-0.125,-0.1750000000000682,-0.14999999999997726
7366.0,-0.13499999999997953,-0.12499999999994316,0.03791437722028324,-0.17500000000001137,-0.10000000000002274,-0.09999999999990905,-0.17500000000001137,-0.12499999999994316
7368.0,-0.15000000000002273,-0.14999999999997726,0.025000000000034106,-0.1750000000000682,-0.125,-0.125,-0.1750000000000682,-0.14999999999997726
7370.0,-0.15,-0.14999999999997726,0.025000000000005684,-0.17500000000001137,-0.12500000000005684,-0.12499999999994316,-0.17500000000001137,-0.14999999999997726
7372.0,-0.14500000000001592,-0.125,0.027386127875306046,-0.1750000000000682,-0.125,-0.125,-0.1750000000000682,-0.12499999999994316
7374.0,-0.1500000000000341,-0.14999999999997726,0.025000000000019895,-0.1750000000000682,-0.12500000000005684,-0.125,-0.1750000000000682,-0.14999999999997726
7376.0,-0.14999999999998864,-0.14999999999997726,0.025000000000019895,-0.17500000000001137,-0.125,-0.12499999999994316,-0.17500000000001137,-0.14999999999997726
7378.0,-0.1500000000000341,-0.14999999999997726,0.025000000000019895,-0.1750000000000682,-0.12500000000005684,-0.125,-0.1750000000000682,-0.14999999999997726
7380.0,-0.14999999999998864,-0.14999999999997726,0.025000000000019895,-0.17500000000001137,-0.125,-0.12499999999994316,-0.17500000000001137,-0.14999999999997726
7382.0,-0.14500000000002727,-0.14999999999997726,0.025920551691688158,-0.16250000000007958,-0.11250000000001137,-0.125,-0.1750000000000682,-0.14999999999997726
7384.0,-0.15,-0.14999999999997726,0.025000000000005684,-0.17500000000001137,-0.12500000000005684,-0.12499999999994316,-0.17500000000001137,-0.14999999999997726
7386.0,-0.15000000000002273,-0.14999999999997726,0.025000000000034106,-0.1750000000000682,-0.125,-0.125,-0.1750000000000682,-0.14999999999997726
7388.0,-0.13000000000000683,-0.125,0.032596012026025016,-0.1500000000000341,-0.10000000000002274,-0.0999999999999659,-0.17500000000001137,-0.125
7390.0,-0.14999999999998864,-0.14999999999997726,0.025000000000019895,-0.17500000000001137,-0.125,-0.12499999999994316,-0.17500000000001137,-0.14999999999997726
7392.0,-0.1500000000000341,-0.14999999999997726,0.025000000000019895,-0.1750000000000682,-0.12500000000005684,-0.125,-0.1750000000000682,-0.14999999999997726
7394.0,-0.14999999999998864,-0.14999999999997726,0.025000000000019895,-0.17500000000001137,-0.125,-0.12499999999994316,-0.17500000000001137,-0.14999999999997726
7396.0,-0.14500000000003865,-0.12500000000005684,0.027386127875285292,-0.1750000000000682,-0.12500000000005684,-0.125,-0.1750000000000682,-0.125
7398.0,-0.15,-0.14999999999997726,0.025000000000005684,-0.17500000000001137,-0.12500000000005684,-0.12499999999994316,-0.17500000000001137,-0.14999999999997726
7400.0,-0.15000000000002273,-0.14999999999997726,0.025000000000034106,-0.1750000000000682,-0.125,-0.125,-0.1750000000000682,-0.14999999999997726
7402.0,-0.15,-0.14999999999997726,0.025000000000005684,-0.17500000000001137,-0.12500000000005684,-0.12499999999994316,-0.17500000000001137,-0.14999999999997726
7404.0,-0.15000000000002273,-0.14999999999997726,0.025000000000034106,-0.1750000000000682,-0.125,-0.125,-0.1750000000000682,-0.14999999999997726
7406.0,-0.15,-0.14999999999997726,0.025000000000005684,-0.17500000000001137,-0.12500000000005684,-0.12499999999994316,-0.17500000000001137,-0.14999999999997726
7408.0,-0.15000000000002273,-0.14999999999997726,0.025000000000034106,-0.1750000000000682,-0.125,-0.125,-0.1750000000000682,-0.14999999999997726
7410.0,-0.15,-0.14999999999997726,0.025000000000005684,-0.17500000000001137,-0.12500000000005684,-0.12499999999994316,-0.17500000000001137,-0.14999999999997726
7412.0,-0.14000000000002047,-0.125,0.033541019662532014,-0.1750000000000682,-0.10000000000002274,-0.125,-0.1750000000000682,-0.12499999999994316
7414.0,-0.1500000000000341,-0.14999999999997726,0.025000000000019895,-0.1750000000000682,-0.12500000000005684,-0.125,-0.1750000000000682,-0.14999999999997726
7416.0,-0.14999999999998864,-0.14999999999997726,0.025000000000019895,-0.17500000000001137,-0.125,-0.12499999999994316,-0.17500000000001137,-0.14999999999997726
7418.0,-0.1500000000000341,-0.14999999999997726,0.025000000000019895,-0.1750000000000682,-0.12500000000005684,-0.125,-0.1750000000000682,-0.14999999999997726
7420.0,-0.14999999999998864,-0.14999999999997726,0.025000000000019895,-0.17500000000001137,-0.125,-0.12499999999994316,-0.17500000000001137,-0.14999999999997726
7422.0,-0.14500000000002727,-0.14999999999997726,0.025920551691688158,-0.16250000000007958,-0.11250000000001137,-0.125,-0.1750000000000682,-0.14999999999997726
7424.0,-0.15,-0.14999999999997726,0.025000000000005684,-0.17500000000001137,-0.12500000000005684,-0.12499999999994316,-0.17500000000001137,-0.14999999999997726
7426.0,-0.15000000000002273,-0.14999999999997726,0.025000000000034106,-0.1750000000000682,-0.125,-0.125,-0.1750000000000682,-0.14999999999997726
7428.0,-0.14500000000000454,-0.12500000000005684,0.027386127875264534,-0.17500000000001137,-0.12500000000005684,-0.12499999999994316,-0.17500000000001137,-0.125
7430.0,-0.14999999999998864,-0.14999999999997726,0.025000000000019895,-0.17500000000001137,-0.125,-0.12499999999994316,-0.17500000000001137,-0.14999999999997726
7432.0,-0.1500000000000341,-0.14999999999997726,0.025000000000019895,-0.1750000000000682,-0.12500000000005684,-0.125,-0.1750000000000682,-0.14999999999997726
7434.0,-0.14999999999998864,-0.14999999999997726,0.025000000000019895,-0.17500000000001137,-0.125,-0.12499999999994316,-0.17500000000001137,-0.14999999999997726
7436.0,-0.1500000000000341,-0.14999999999997726,0.025000000000019895,-0.1750000000000682,-0.12500000000005684,-0.125,-0.1750000000000682,-0.14999999999997726
7438.0,-0.12499999999996589,-0.12499999999994316,0.025000000000005684,-0.14999999999997726,-0.10000000000002274,-0.09999999999990905,-0.14999999999997726,-0.12499999999994316
7440.0,-0.15000000000002273,-0.14999999999997726,0.025000000000034106,-0.1750000000000682,-0.125,-0.125,-0.1750000000000682,-0.14999999999997726
7442.0,-0.15,-0.14999999999997726,0.025000000000005684,-0.17500000000001137,-0.12500000000005684,-0.12499999999994316,-0.17500000000001137,-0.14999999999997726
7444.0,-0.15000000000002273,-0.14999999999997726,0.025000000000034106,-0.1750000000000682,-0.125,-0.125,-0.1750000000000682,-0.14999999999997726
7446.0,-0.1500000000000341,-0.14999999999997726,0.025000000000019895,-0.1750000000000682,-0.12500000000005684,-0.125,-0.1750000000000682,-0.14999999999997726
7448.0,-0.14999999999998864,-0.14999999999997726,0.025000000000019895,-0.17500000000001137,-0.125,-0.12499999999994316,-0.17500000000001137,-0.14999999999997726
7450.0,-0.1500000000000341,-0.14999999999997726,0.025000000000019895,-0.1750000000000682,-0.12500000000005684,-0.125,-0.1750000000000682,-0.14999999999997726
7452.0,-0.1449999999999818,-0.125,0.027386127875285292,-0.17500000000001137,-0.125,-0.12499999999994316,-0.17500000000001137,-0.12499999999994316
7454.0,-0.15000000000002273,-0.14999999999997726,0.025000000000034106,-0.1750000000000682,-0.125,-0.125,-0.1750000000000682,-0.14999999999997726
7456.0,-0.12500000000001138,-0.125,0.025000000000019895,-0.1500000000000341,-0.10000000000002274,-0.0999999999999659,-0.1500000000000341,-0.125
7458.0,-0.14999999999998864,-0.14999999999997726,0.025000000000019895,-0.17500000000001137,-0.125,-0.12499999999994316,-0.17500000000001137,-0.14999999999997726
7460.0,-0.1500000000000341,-0.14999999999997726,0.025000000000019895,-0.1750000000000682,-0.12500000000005684,-0.125,-0.1750000000000682,-0.14999999999997726
7462.0,-0.15,-0.14999999999997726,0.025000000000005684,-0.17500000000001137,-0.12500000000005684,-0.12499999999994316,-0.17500000000001137,-0.14999999999997726
7464.0,-0.14999999999998864,-0.14999999999997726,0.025000000000019895,-0.17500000000001137,-0.125,-0.12499999999994316,-0.17500000000001137,-0.14999999999997726
7466.0,-0.1500000000000341,-0.14999999999997726,0.025000000000019895,-0.1750000000000682,-0.12500000000005684,-0.125,-0.1750000000000682,-0.14999999999997726
7468.0,-0.14500000000000454,-0.12500000000005684,0.027386127875264534,-0.17500000000001137,-0.12500000000005684,-0.12499999999994316,-0.17500000000001137,-0.125
7470.0,-0.14999999999998864,-0.14999999999997726,0.025000000000019895,-0.17500000000001137,-0.125,-0.12499999999994316,-0.17500000000001137,-0.14999999999997726
7472.0,-0.15000000000002273,-0.14999999999997726,0.025000000000034106,-0.1750000000000682,-0.125,-0.125,-0.1750000000000682,-0.14999999999997726
7474.0,-0.1500000000000341,-0.14999999999997726,0.025000000000019895,-0.1750000000000682,-0.12500000000005684,-0.125,-0.1750000000000682,-0.14999999999997726
7476.0,-0.1449999999999818,-0.125,0.027386127875285292,-0.17500000000001137,-0.125,-0.12499999999994316,-0.17500000000001137,-0.12499999999994316
7478.0,-0.14999999999998864,-0.14999999999997726,0.025000000000019895,-0.17500000000001137,-0.125,-0.12499999999994316,-0.17500000000001137,-0.14999999999997726
7480.0,-0.14500000000003865,-0.12500000000005684,0.027386127875285292,-0.1750000000000682,-0.12500000000005684,-0.125,-0.1750000000000682,-0.125
7482.0,-0.14500000000003865,-0.12500000000005684,0.027386127875285292,-0.1750000000000682,-0.12500000000005684,-0.125,-0.1750000000000682,-0.125
7484.0,-0.1500000000000341,-0.14999999999997726,0.025000000000019895,-0.1750000000000682,-0.12500000000005684,-0.125,-0.1750000000000682,-0.14999999999997726
7486.0,-0.1349999999999909,-0.12499999999994316,0.032355447763887435,-0.16250000000002274,-0.11250000000006821,-0.09999999999990905,-0.17500000000001137,-0.12499999999994316
7488.0,-0.14999999999998864,-0.14999999999997726,0.025000000000019895,-0.17500000000001137,-0.125,-0.12499999999994316,-0.17500000000001137,-0.14999999999997726
7490.0,-0.1400000000000091,-0.125,0.038931028756011114,-0.1875,-0.11249999999995453,-0.10000000000002274,-0.1750000000000682,-0.125
7492.0,-0.1500000000000341,-0.14999999999997726,0.025000000000019895,-0.1750000000000682,-0.12500000000005684,-0.125,-0.1750000000000682,-0.14999999999997726
7494.0,-0.15,-0.13750000000004547,0.029315098498936428,-0.18750000000005684,-0.13750000000004547,-0.12499999999994316,-0.17500000000001137,-0.12499999999994316
7496.0,-0.14999999999998864,-0.14999999999997726,0.025000000000019895,-0.17500000000001137,-0.125,-0.12499999999994316,-0.17500000000001137,-0.14999999999997726
7498.0,-0.15500000000000683,-0.14999999999997726,0.025920551691675824,-0.1875,-0.13749999999998863,-0.125,-0.1750000000000682,-0.14999999999997726
7500.0,-0.1500000000000341,-0.14999999999997726,0.025000000000019895,-0.1750000000000682,-0.12500000000005684,-0.125,-0.1750000000000682,-0.14999999999997726
7502.0,-0.15500000000000683,-0.14999999999997726,0.02592055169168953,-0.18750000000005684,-0.13750000000004547,-0.12499999999994316,-0.17500000000001137,-0.14999999999997726
7504.0,-0.15500000000000683,-0.14999999999997726,0.025920551691675824,-0.1875,-0.13749999999998863,-0.125,-0.1750000000000682,-0.14999999999997726
7506.0,-0.1500000000000341,-0.14999999999997726,0.025000000000019895,-0.1750000000000682,-0.12500000000005684,-0.125,-0.1750000000000682,-0.14999999999997726
7508.0,-0.16000000000000228,-0.1500000000000341,0.02850438562751235,-0.20000000000004547,-0.1500000000000341,-0.12499999999994316,-0.17500000000001137,-0.14999999999997726
7510.0,-0.16000000000000228,-0.1500000000000341,0.02850438562751235,-0.20000000000004547,-0.1500000000000341,-0.12499999999994316,-0.17500000000001137,-0.14999999999997726
7512.0,-0.15166666666671064,-0.14999999999997726,0.025103950552357663,-0.17916666666678793,-0.12916666666671972,-0.125,-0.1750000000000682,-0.14999999999997726
7514.0,-0.15500000000000683,-0.14999999999997726,0.025920551691675824,-0.1875,-0.13749999999998863,-0.125,-0.1750000000000682,-0.14999999999997726
7516.0,-0.15,-0.13750000000004547,0.02931509849890613,-0.1875,-0.13750000000004547,-0.12499999999994316,-0.17500000000001137,-0.125
7518.0,-0.16000000000000228,-0.1500000000000341,0.02850438562751235,-0.20000000000004547,-0.1500000000000341,-0.12499999999994316,-0.17500000000001137,-0.14999999999997726
7520.0,-0.15500000000000683,-0.14999999999997726,0.02592055169168953,-0.18750000000005684,-0.13750000000004547,-0.12499999999994316,-0.17500000000001137,-0.14999999999997726
7522.0,-0.14999999999998864,-0.14999999999997726,0.025000000000019895,-0.17500000000001137,-0.125,-0.12499999999994316,-0.17500000000001137,-0.14999999999997726
7524.0,-0.1500000000000341,-0.13750000000004547,0.029315098498954605,-0.1875000000001137,-0.13750000000004547,-0.125,-0.1750000000000682,-0.12499999999994316
7526.0,-0.160000000000025,-0.1500000000000341,0.02850438562750238,-0.20000000000004547,-0.1500000000000341,-0.125,-0.1750000000000682,-0.14999999999997726
7528.0,-0.15500000000000683,-0.14999999999997726,0.025920551691675824,-0.1875,-0.13749999999998863,-0.125,-0.1750000000000682,-0.14999999999997726
7530.0,-0.1500000000000341,-0.14999999999997726,0.025000000000019895,-0.1750000000000682,-0.12500000000005684,-0.125,-0.1750000000000682,-0.14999999999997726
7532.0,-0.1500000000000341,-0.14999999999997726,0.025000000000019895,-0.1750000000000682,-0.12500000000005684,-0.125,-0.1750000000000682,-0.14999999999997726
7534.0,-0.13499999999997953,-0.12500000000005684,0.028504385627507366,-0.17500000000001137,-0.12500000000005684,-0.09999999999990905,-0.14999999999997726,-0.12499999999994316
7536.0,-0.16000000000000228,-0.1500000000000341,0.02850438562751235,-0.20000000000004547,-0.1500000000000341,-0.12499999999994316,-0.17500000000001137,-0.14999999999997726
7538.0,-0.16000000000000228,-0.1500000000000341,0.02850438562751235,-0.20000000000004547,-0.1500000000000341,-0.12499999999994316,-0.17500000000001137,-0.14999999999997726
7540.0,-0.16000000000000228,-0.1500000000000341,0.02850438562751235,-0.20000000000004547,-0.1500000000000341,-0.12499999999994316,-0.17500000000001137,-0.14999999999997726
7542.0,-0.14999999999998864,-0.14999999999997726,0.025000000000019895,-0.17500000000001137,-0.125,-0.12499999999994316,-0.17500000000001137,-0.14999999999997726
7544.0,-0.14999999999998864,-0.14999999999997726,0.025000000000019895,-0.17500000000001137,-0.125,-0.12499999999994316,-0.17500000000001137,-0.14999999999997726
7546.0,-0.14999999999998864,-0.14999999999997726,0.025000000000019895,-0.17500000000001137,-0.125,-0.12499999999994316,-0.17500000000001137,-0.14999999999997726
7548.0,-0.14999999999998864,-0.14999999999997726,0.025000000000019895,-0.17500000000001137,-0.125,-0.12499999999994316,-0.17500000000001137,-0.14999999999997726
7550.0,-0.14999999999998864,-0.14999999999997726,0.025000000000019895,-0.17500000000001137,-0.125,-0.12499999999994316,-0.17500000000001137,-0.14999999999997726
7552.0,-0.14999999999998864,-0.14999999999997726,0.025000000000019895,-0.17500000000001137,-0.125,-0.12499999999994316,-0.17500000000001137,-0.14999999999997726
7554.0,-0.14999999999998864,-0.14999999999997726,0.025000000000019895,-0.17500000000001137,-0.125,-0.12499999999994316,-0.17500000000001137,-0.14999999999997726
7556.0,-0.14999999999998864,-0.14999999999997726,0.025000000000019895,-0.17500000000001137,-0.125,-0.12499999999994316,-0.17500000000001137,-0.14999999999997726
7558.0,-0.14999999999998864,-0.14999999999997726,0.025000000000019895,-0.17500000000001137,-0.125,-0.12499999999994316,-0.17500000000001137,-0.14999999999997726
7560.0,-0.14999999999998864,-0.14999999999997726,0.025000000000019895,-0.17500000000001137,-0.125,-0.12499999999994316,-0.17500000000001137,-0.14999999999997726
7562.0,-0.1325000000000273,-0.13749999999998863,0.025920551691685417,-0.16250000000007958,-0.11250000000006821,-0.0999999999999659,-0.1500000000000341,-0.13749999999998863
7564.0,-0.15000000000001137,-0.13749999999998863,0.02931509849891219,-0.1875,-0.13749999999998863,-0.125,-0.1750000000000682,-0.125
7566.0,-0.1500000000000341,-0.14999999999997726,0.025000000000019895,-0.1750000000000682,-0.12500000000005684,-0.125,-0.1750000000000682,-0.14999999999997726
7568.0,-0.1500000000000341,-0.14999999999997726,0.025000000000019895,-0.1750000000000682,-0.12500000000005684,-0.125,-0.1750000000000682,-0.14999999999997726
7570.0,-0.15,-0.1500000000000341,0.03952847075214069,-0.20000000000004547,-0.1500000000000341,-0.12499999999994316,-0.17500000000001137,-0.0999999999999659
7572.0,-0.14999999999998864,-0.14999999999997726,0.025000000000019895,-0.17500000000001137,-0.125,-0.12499999999994316,-0.17500000000001137,-0.14999999999997726
7574.0,-0.14999999999998864,-0.14999999999997726,0.025000000000019895,-0.17500000000001137,-0.125,-0.12499999999994316,-0.17500000000001137,-0.14999999999997726
7576.0,-0.1500000000000341,-0.14999999999997726,0.025000000000019895,-0.1750000000000682,-0.12500000000005684,-0.125,-0.1750000000000682,-0.14999999999997726
7578.0,-0.1500000000000341,-0.14999999999997726,0.025000000000019895,-0.1750000000000682,-0.12500000000005684,-0.125,-0.1750000000000682,-0.14999999999997726
7580.0,-0.15,-0.13750000000004547,0.029315098498936428,-0.18750000000005684,-0.13750000000004547,-0.12499999999994316,-0.17500000000001137,-0.12499999999994316
7582.0,-0.13000000000001818,-0.12499999999994316,0.025920551691692273,-0.16250000000007958,-0.11250000000006821,-0.0999999999999659,-0.1500000000000341,-0.12499999999994316
7584.0,-0.13999999999998636,-0.14999999999997726,0.025617376914931173,-0.16250000000002274,-0.11249999999995453,-0.11249999999995453,-0.16250000000002274,-0.14999999999997726
7586.0,-0.1500000000000341,-0.14999999999997726,0.025000000000019895,-0.1750000000000682,-0.12500000000005684,-0.125,-0.1750000000000682,-0.14999999999997726
7588.0,-0.1500000000000341,-0.14999999999997726,0.025000000000019895,-0.1750000000000682,-0.12500000000005684,-0.125,-0.1750000000000682,-0.14999999999997726
7590.0,-0.1500000000000341,-0.14999999999997726,0.025000000000019895,-0.1750000000000682,-0.12500000000005684,-0.125,-0.1750000000000682,-0.14999999999997726
7592.0,-0.1500000000000341,-0.14999999999997726,0.025000000000019895,-0.1750000000000682,-0.12500000000005684,-0.125,-0.1750000000000682,-0.14999999999997726
7594.0,-0.1500000000000341,-0.14999999999997726,0.025000000000019895,-0.1750000000000682,-0.12500000000005684,-0.125,-0.1750000000000682,-0.14999999999997726
7596.0,-0.1500000000000341,-0.14999999999997726,0.025000000000019895,-0.1750000000000682,-0.12500000000005684,-0.125,-0.1750000000000682,-0.14999999999997726
7598.0,-0.14999999999998864,-0.14999999999997726,0.025000000000019895,-0.17500000000001137,-0.125,-0.12499999999994316,-0.17500000000001137,-0.14999999999997726
7600.0,-0.14999999999998864,-0.14999999999997726,0.025000000000019895,-0.17500000000001137,-0.125,-0.12499999999994316,-0.17500000000001137,-0.14999999999997726
7602.0,-0.14999999999998864,-0.14999999999997726,0.025000000000019895,-0.17500000000001137,-0.125,-0.12499999999994316,-0.17500000000001137,-0.14999999999997726
7604.0,-0.1500000000000341,-0.14999999999997726,0.025000000000019895,-0.1750000000000682,-0.12500000000005684,-0.125,-0.1750000000000682,-0.14999999999997726
7606.0,-0.1500000000000341,-0.14999999999997726,0.025000000000019895,-0.1750000000000682,-0.12500000000005684,-0.125,-0.1750000000000682,-0.14999999999997726
7608.0,-0.14500000000000454,-0.13750000000004547,0.03601215072725515,-0.18750000000005684,-0.13750000000004547,-0.12499999999994316,-0.17500000000001137,-0.0999999999999659
7610.0,-0.1500000000000341,-0.14999999999997726,0.025000000000019895,-0.1750000000000682,-0.12500000000005684,-0.125,-0.1750000000000682,-0.14999999999997726
7612.0,-0.15,-0.13750000000004547,0.029315098498936428,-0.18750000000005684,-0.13750000000004547,-0.12499999999994316,-0.17500000000001137,-0.12499999999994316
7614.0,-0.14999999999998864,-0.14999999999997726,0.025000000000019895,-0.17500000000001137,-0.125,-0.12499999999994316,-0.17500000000001137,-0.14999999999997726
7616.0,-0.14999999999998864,-0.14999999999997726,0.025000000000019895,-0.17500000000001137,-0.125,-0.12499999999994316,-0.17500000000001137,-0.14999999999997726
7618.0,-0.14500000000003865,-0.125,0.03377314021530866,-0.1875000000001137,-0.11250000000006821,-0.125,-0.1750000000000682,-0.12499999999994316
7620.0,-0.1500000000000341,-0.14999999999997726,0.025000000000019895,-0.1750000000000682,-0.12500000000005684,-0.125,-0.1750000000000682,-0.14999999999997726
7622.0,-0.14999999999998864,-0.14999999999997726,0.025000000000019895,-0.17500000000001137,-0.125,-0.12499999999994316,-0.17500000000001137,-0.14999999999997726
7624.0,-0.13000000000001818,-0.125,0.02592055169168542,-0.16250000000002274,-0.11249999999995453,-0.10000000000002274,-0.15000000000009095,-0.125
7626.0,-0.1500000000000341,-0.14999999999997726,0.025000000000019895,-0.1750000000000682,-0.12500000000005684,-0.125,-0.1750000000000682,-0.14999999999997726
7628.0,-0.1500000000000341,-0.14999999999997726,0.025000000000019895,-0.1750000000000682,-0.12500000000005684,-0.125,-0.1750000000000682,-0.14999999999997726
7630.0,-0.1500000000000341,-0.14999999999997726,0.025000000000019895,-0.1750000000000682,-0.12500000000005684,-0.125,-0.1750000000000682,-0.14999999999997726
7632.0,-0.15500000000000683,-0.14999999999997726,0.02592055169168953,-0.18750000000005684,-0.13750000000004547,-0.12499999999994316,-0.17500000000001137,-0.14999999999997726
7634.0,-0.13999999999999774,-0.125,0.0389310287560029,-0.1875,-0.11250000000001137,-0.0999999999999659,-0.17500000000001137,-0.125
7636.0,-0.15500000000000683,-0.14999999999997726,0.02592055169168953,-0.18750000000005684,-0.13750000000004547,-0.12499999999994316,-0.17500000000001137,-0.14999999999997726
7638.0,-0.13000000000000683,-0.14999999999997726,0.02738612787526972,-0.1500000000000341,-0.10000000000002274,-0.0999999999999659,-0.1500000000000341,-0.14999999999997726
7640.0,-0.14999999999998864,-0.14999999999997726,0.025000000000019895,-0.17500000000001137,-0.125,-0.12499999999994316,-0.17500000000001137,-0.14999999999997726
7642.0,-0.15500000000000683,-0.14999999999997726,0.025920551691675824,-0.1875,-0.13749999999998863,-0.125,-0.1750000000000682,-0.14999999999997726
7644.0,-0.1500000000000341,-0.14999999999997726,0.025000000000019895,-0.1750000000000682,-0.12500000000005684,-0.125,-0.1750000000000682,-0.14999999999997726
7646.0,-0.15,-0.14999999999997726,0.025000000000005684,-0.17500000000001137,-0.12500000000005684,-0.12499999999994316,-0.17500000000001137,-0.14999999999997726
7648.0,-0.1500000000000341,-0.13750000000004547,0.029315098498954605,-0.1875000000001137,-0.13750000000004547,-0.125,-0.1750000000000682,-0.12499999999994316
7650.0,-0.15000000000002273,-0.14999999999997726,0.025000000000034106,-0.1750000000000682,-0.125,-0.125,-0.1750000000000682,-0.14999999999997726
7652.0,-0.1500000000000341,-0.14999999999997726,0.025000000000019895,-0.1750000000000682,-0.12500000000005684,-0.125,-0.1750000000000682,-0.14999999999997726
7654.0,-0.1500000000000341,-0.14999999999997726,0.025000000000019895,-0.1750000000000682,-0.12500000000005684,-0.125,-0.1750000000000682,-0.14999999999997726
7656.0,-0.15,-0.14999999999997726,0.025000000000005684,-0.17500000000001137,-0.12500000000005684,-0.12499999999994316,-0.17500000000001137,-0.14999999999997726
7658.0,-0.14999999999998864,-0.14999999999997726,0.025000000000019895,-0.17500000000001137,-0.125,-0.12499999999994316,-0.17500000000001137,-0.14999999999997726
7660.0,-0.1500000000000341,-0.14999999999997726,0.025000000000019895,-0.1750000000000682,-0.12500000000005684,-0.125,-0.1750000000000682,-0.14999999999997726
7662.0,-0.1500000000000341,-0.14999999999997726,0.025000000000019895,-0.1750000000000682,-0.12500000000005684,-0.125,-0.1750000000000682,-0.14999999999997726
7664.0,-0.15500000000000683,-0.14999999999997726,0.02592055169168953,-0.18750000000005684,-0.13750000000004547,-0.12499999999994316,-0.17500000000001137,-0.14999999999997726
7666.0,-0.14500000000003865,-0.125,0.03377314021530866,-0.1875000000001137,-0.11250000000006821,-0.125,-0.1750000000000682,-0.12499999999994316
7668.0,-0.15000000000002273,-0.14999999999997726,0.025000000000034106,-0.1750000000000682,-0.125,-0.125,-0.1750000000000682,-0.14999999999997726
7670.0,-0.1500000000000341,-0.14999999999997726,0.025000000000019895,-0.1750000000000682,-0.12500000000005684,-0.125,-0.1750000000000682,-0.14999999999997726
7672.0,-0.15,-0.14999999999997726,0.025000000000005684,-0.17500000000001137,-0.12500000000005684,-0.12499999999994316,-0.17500000000001137,-0.14999999999997726
7674.0,-0.14999999999998864,-0.14999999999997726,0.025000000000019895,-0.17500000000001137,-0.125,-0.12499999999994316,-0.17500000000001137,-0.14999999999997726
7676.0,-0.13999999999998636,-0.14999999999997726,0.025617376914931173,-0.16250000000002274,-0.11249999999995453,-0.11249999999995453,-0.16250000000002274,-0.14999999999997726
7678.0,-0.1500000000000341,-0.14999999999997726,0.025000000000019895,-0.1750000000000682,-0.12500000000005684,-0.125,-0.1750000000000682,-0.14999999999997726
7680.0,-0.15,-0.13750000000004547,0.029315098498936428,-0.18750000000005684,-0.13750000000004547,-0.12499999999994316,-0.17500000000001137,-0.12499999999994316
7682.0,-0.14999999999998864,-0.14999999999997726,0.025000000000019895,-0.17500000000001137,-0.125,-0.12499999999994316,-0.17500000000001137,-0.14999999999997726
7684.0,-0.15000000000001137,-0.13749999999998863,0.02931509849891219,-0.1875,-0.13749999999998863,-0.125,-0.1750000000000682,-0.125
7686.0,-0.1500000000000341,-0.14999999999997726,0.025000000000019895,-0.1750000000000682,-0.12500000000005684,-0.125,-0.1750000000000682,-0.14999999999997726
7688.0,-0.15500000000000683,-0.14999999999997726,0.02592055169168953,-0.18750000000005684,-0.13750000000004547,-0.12499999999994316,-0.17500000000001137,-0.14999999999997726
7690.0,-0.14999999999998864,-0.14999999999997726,0.025000000000019895,-0.17500000000001137,-0.125,-0.12499999999994316,-0.17500000000001137,-0.14999999999997726
7692.0,-0.15500000000000683,-0.14999999999997726,0.025920551691675824,-0.1875,-0.13749999999998863,-0.125,-0.1750000000000682,-0.14999999999997726
7694.0,-0.1500000000000341,-0.14999999999997726,0.025000000000019895,-0.1750000000000682,-0.12500000000005684,-0.125,-0.1750000000000682,-0.14999999999997726
7696.0,-0.14999999999998864,-0.14999999999997726,0.025000000000019895,-0.17500000000001137,-0.125,-0.12499999999994316,-0.17500000000001137,-0.14999999999997726
7698.0,-0.14999999999998864,-0.14999999999997726,0.025000000000019895,-0.17500000000001137,-0.125,-0.12499999999994316,-0.17500000000001137,-0.14999999999997726
7700.0,-0.15000000000002273,-0.14999999999997726,0.025000000000034106,-0.1750000000000682,-0.125,-0.125,-0.1750000000000682,-0.14999999999997726
7702.0,-0.1500000000000341,-0.14999999999997726,0.025000000000019895,-0.1750000000000682,-0.12500000000005684,-0.125,-0.1750000000000682,-0.14999999999997726
7704.0,-0.14500000000000454,-0.12499999999994316,0.03377314021528657,-0.18750000000005684,-0.11250000000006821,-0.12499999999994316,-0.17500000000001137,-0.12499999999994316
7706.0,-0.14999999999998864,-0.14999999999997726,0.025000000000019895,-0.17500000000001137,-0.125,-0.12499999999994316,-0.17500000000001137,-0.14999999999997726
7708.0,-0.15500000000000683,-0.14999999999997726,0.025920551691675824,-0.1875,-0.13749999999998863,-0.125,-0.1750000000000682,-0.14999999999997726
7710.0,-0.1449999999999932,-0.125,0.033773140215273945,-0.1875,-0.11250000000001137,-0.12499999999994316,-0.17500000000001137,-0.125
7712.0,-0.14999999999998864,-0.14999999999997726,0.025000000000019895,-0.17500000000001137,-0.125,-0.12499999999994316,-0.17500000000001137,-0.14999999999997726
7714.0,-0.15000000000002273,-0.14999999999997726,0.025000000000034106,-0.1750000000000682,-0.125,-0.125,-0.1750000000000682,-0.14999999999997726
7716.0,-0.1500000000000341,-0.14999999999997726,0.025000000000019895,-0.1750000000000682,-0.12500000000005684,-0.125,-0.1750000000000682,-0.14999999999997726
7718.0,-0.15,-0.13750000000004547,0.029315098498936428,-0.18750000000005684,-0.13750000000004547,-0.12499999999994316,-0.17500000000001137,-0.12499999999994316
7720.0,-0.1400000000000432,-0.14999999999997726,0.02561737691491037,-0.16250000000007958,-0.11250000000006821,-0.11250000000001137,-0.16250000000007958,-0.14999999999997726
7722.0,-0.1500000000000341,-0.14999999999997726,0.025000000000019895,-0.1750000000000682,-0.12500000000005684,-0.125,-0.1750000000000682,-0.14999999999997726
7724.0,-0.1433333333333394,-0.14166666666659467,0.025103950552344927,-0.17083333333340533,-0.12083333333339397,-0.1166666666666174,-0.16666666666668561,-0.14166666666659467
7726.0,-0.15000000000001137,-0.13749999999998863,0.02931509849891219,-0.1875,-0.13749999999998863,-0.125,-0.1750000000000682,-0.125
7728.0,-0.1449999999999932,-0.125,0.033773140215273945,-0.1875,-0.11250000000001137,-0.12499999999994316,-0.17500000000001137,-0.125
7730.0,-0.14999999999998864,-0.14999999999997726,0.025000000000019895,-0.17500000000001137,-0.125,-0.12499999999994316,-0.17500000000001137,-0.14999999999997726
7732.0,-0.13999999999998636,-0.14999999999997726,0.025617376914931173,-0.16250000000002274,-0.11249999999995453,-0.11249999999995453,-0.16250000000002274,-0.14999999999997726
7734.0,-0.1500000000000341,-0.14999999999997726,0.025000000000019895,-0.1750000000000682,-0.12500000000005684,-0.125,-0.1750000000000682,-0.14999999999997726
7736.0,-0.14999999999998864,-0.14999999999997726,0.025000000000019895,-0.17500000000001137,-0.125,-0.12499999999994316,-0.17500000000001137,-0.14999999999997726
7738.0,-0.15500000000004094,-0.14999999999997726,0.025920551691701866,-0.1875000000001137,-0.13750000000004547,-0.125,-0.1750000000000682,-0.14999999999997726
7740.0,-0.1500000000000341,-0.14999999999997726,0.025000000000019895,-0.1750000000000682,-0.12500000000005684,-0.125,-0.1750000000000682,-0.14999999999997726
7742.0,-0.15500000000000683,-0.14999999999997726,0.02592055169168953,-0.18750000000005684,-0.13750000000004547,-0.12499999999994316,-0.17500000000001137,-0.14999999999997726
7744.0,-0.1500000000000341,-0.13750000000004547,0.029315098498954605,-0.1875000000001137,-0.13750000000004547,-0.125,-0.1750000000000682,-0.12499999999994316
7746.0,-0.1500000000000341,-0.14999999999997726,0.025000000000019895,-0.1750000000000682,-0.12500000000005684,-0.125,-0.1750000000000682,-0.14999999999997726
7748.0,-0.15,-0.13750000000004547,0.029315098498936428,-0.18750000000005684,-0.13750000000004547,-0.12499999999994316,-0.17500000000001137,-0.12499999999994316
7750.0,-0.14999999999998864,-0.14999999999997726,0.025000000000019895,-0.17500000000001137,-0.125,-0.12499999999994316,-0.17500000000001137,-0.14999999999997726
7752.0,-0.15000000000002273,-0.14999999999997726,0.025000000000034106,-0.1750000000000682,-0.125,-0.125,-0.1750000000000682,-0.14999999999997726
7754.0,-0.1500000000000341,-0.14999999999997726,0.025000000000019895,-0.1750000000000682,-0.12500000000005684,-0.125,-0.1750000000000682,-0.14999999999997726
7756.0,-0.14999999999998864,-0.14999999999997726,0.025000000000019895,-0.17500000000001137,-0.125,-0.12499999999994316,-0.17500000000001137,-0.14999999999997726
7758.0,-0.15000000000002273,-0.14999999999997726,0.025000000000034106,-0.1750000000000682,-0.125,-0.125,-0.1750000000000682,-0.14999999999997726
7760.0,-0.1500000000000341,-0.14999999999997726,0.025000000000019895,-0.1750000000000682,-0.12500000000005684,-0.125,-0.1750000000000682,-0.14999999999997726
7762.0,-0.14999999999998864,-0.14999999999997726,0.025000000000019895,-0.17500000000001137,-0.125,-0.12499999999994316,-0.17500000000001137,-0.14999999999997726
7764.0,-0.1500000000000341,-0.14999999999997726,0.025000000000019895,-0.1750000000000682,-0.12500000000005684,-0.125,-0.1750000000000682,-0.14999999999997726
7766.0,-0.15500000000000683,-0.14999999999997726,0.02592055169168953,-0.18750000000005684,-0.13750000000004547,-0.12499999999994316,-0.17500000000001137,-0.14999999999997726
7768.0,-0.15000000000002273,-0.14999999999997726,0.025000000000034106,-0.1750000000000682,-0.125,-0.125,-0.1750000000000682,-0.14999999999997726
7770.0,-0.13999999999999774,-0.14999999999997726,0.025617376914915915,-0.16250000000002274,-0.11250000000001137,-0.11249999999995453,-0.16250000000002274,-0.14999999999997726
7772.0,-0.14999999999998864,-0.14999999999997726,0.025000000000019895,-0.17500000000001137,-0.125,-0.12499999999994316,-0.17500000000001137,-0.14999999999997726
7774.0,-0.14500000000000454,-0.125,0.033773140215291826,-0.1875,-0.11249999999995453,-0.125,-0.1750000000000682,-0.125
7776.0,-0.15,-0.13750000000004547,0.02931509849890613,-0.1875,-0.13750000000004547,-0.12499999999994316,-0.17500000000001137,-0.125
7778.0,-0.14999999999998864,-0.14999999999997726,0.025000000000019895,-0.17500000000001137,-0.125,-0.12499999999994316,-0.17500000000001137,-0.14999999999997726
7780.0,-0.15500000000000683,-0.14999999999997726,0.025920551691675824,-0.1875,-0.13749999999998863,-0.125,-0.1750000000000682,-0.14999999999997726
7782.0,-0.15,-0.14999999999997726,0.025000000000005684,-0.17500000000001137,-0.12500000000005684,-0.12499999999994316,-0.17500000000001137,-0.14999999999997726
7784.0,-0.14999999999998864,-0.14999999999997726,0.025000000000019895,-0.17500000000001137,-0.125,-0.12499999999994316,-0.17500000000001137,-0.14999999999997726
7786.0,-0.1500000000000341,-0.14999999999997726,0.025000000000019895,-0.1750000000000682,-0.12500000000005684,-0.125,-0.1750000000000682,-0.14999999999997726
7788.0,-0.1400000000000091,-0.14999999999997726,0.025617376914900663,-0.16250000000002274,-0.11250000000006821,-0.11249999999995453,-0.16250000000002274,-0.14999999999997726
7790.0,-0.14500000000003865,-0.125,0.03377314021530866,-0.1875000000001137,-0.11250000000006821,-0.125,-0.1750000000000682,-0.12499999999994316
7792.0,-0.1500000000000341,-0.14999999999997726,0.025000000000019895,-0.1750000000000682,-0.12500000000005684,-0.125,-0.1750000000000682,-0.14999999999997726
7794.0,-0.15,-0.13750000000004547,0.029315098498936428,-0.18750000000005684,-0.13750000000004547,-0.12499999999994316,-0.17500000000001137,-0.12499999999994316
7796.0,-0.15500000000004094,-0.14999999999997726,0.025920551691701866,-0.1875000000001137,-0.13750000000004547,-0.125,-0.1750000000000682,-0.14999999999997726
7798.0,-0.1500000000000341,-0.14999999999997726,0.025000000000019895,-0.1750000000000682,-0.12500000000005684,-0.125,-0.1750000000000682,-0.14999999999997726
7800.0,-0.16000000000000228,-0.1500000000000341,0.02850438562751235,-0.20000000000004547,-0.1500000000000341,-0.12499999999994316,-0.17500000000001137,-0.14999999999997726
7802.0,-0.14999999999998864,-0.14999999999997726,0.025000000000019895,-0.17500000000001137,-0.125,-0.12499999999994316,-0.17500000000001137,-0.14999999999997726
7804.0,-0.15500000000000683,-0.14999999999997726,0.025920551691675824,-0.1875,-0.13749999999998863,-0.125,-0.1750000000000682,-0.14999999999997726
7806.0,-0.15499999999999545,-0.14999999999997726,0.025920551691671713,-0.1875,-0.13750000000004547,-0.12499999999994316,-0.17500000000001137,-0.14999999999997726
7808.0,-0.14999999999998864,-0.14999999999997726,0.025000000000019895,-0.17500000000001137,-0.125,-0.12499999999994316,-0.17500000000001137,-0.14999999999997726
7810.0,-0.1500000000000341,-0.14999999999997726,0.025000000000019895,-0.1750000000000682,-0.12500000000005684,-0.125,-0.1750000000000682,-0.14999999999997726
7812.0,-0.14500000000000454,-0.12499999999994316,0.03377314021528657,-0.18750000000005684,-0.11250000000006821,-0.12499999999994316,-0.17500000000001137,-0.12499999999994316
7814.0,-0.15500000000004094,-0.14999999999997726,0.025920551691701866,-0.1875000000001137,-0.13750000000004547,-0.125,-0.1750000000000682,-0.14999999999997726
7816.0,-0.1500000000000341,-0.14999999999997726,0.025000000000019895,-0.1750000000000682,-0.12500000000005684,-0.125,-0.1750000000000682,-0.14999999999997726
7818.0,-0.14999999999998864,-0.14999999999997726,0.025000000000019895,-0.17500000000001137,-0.125,-0.12499999999994316,-0.17500000000001137,-0.14999999999997726
7820.0,-0.13000000000001818,-0.125,0.02592055169168542,-0.16250000000002274,-0.11249999999995453,-0.10000000000002274,-0.15000000000009095,-0.125
7822.0,-0.15499999999999545,-0.14999999999997726,0.025920551691671713,-0.1875,-0.13750000000004547,-0.12499999999994316,-0.17500000000001137,-0.14999999999997726
7824.0,-0.14999999999998864,-0.14999999999997726,0.025000000000019895,-0.17500000000001137,-0.125,-0.12499999999994316,-0.17500000000001137,-0.14999999999997726
7826.0,-0.1500000000000341,-0.14999999999997726,0.025000000000019895,-0.1750000000000682,-0.12500000000005684,-0.125,-0.1750000000000682,-0.14999999999997726
7828.0,-0.14500000000000454,-0.12499999999994316,0.03377314021528657,-0.18750000000005684,-0.11250000000006821,-0.12499999999994316,-0.17500000000001137,-0.12499999999994316
7830.0,-0.15500000000004094,-0.14999999999997726,0.025920551691701866,-0.1875000000001137,-0.13750000000004547,-0.125,-0.1750000000000682,-0.14999999999997726
7832.0,-0.1500000000000341,-0.14999999999997726,0.025000000000019895,-0.1750000000000682,-0.12500000000005684,-0.125,-0.1750000000000682,-0.14999999999997726
7834.0,-0.14999999999998864,-0.14999999999997726,0.025000000000019895,-0.17500000000001137,-0.125,-0.12499999999994316,-0.17500000000001137,-0.14999999999997726
7836.0,-0.15000000000001137,-0.13749999999998863,0.02931509849891219,-0.1875,-0.13749999999998863,-0.125,-0.1750000000000682,-0.125
7838.0,-0.15,-0.14999999999997726,0.025000000000005684,-0.17500000000001137,-0.12500000000005684,-0.12499999999994316,-0.17500000000001137,-0.14999999999997726
7840.0,-0.14500000000003865,-0.125,0.03377314021530866,-0.1875000000001137,-0.11250000000006821,-0.125,-0.1750000000000682,-0.12499999999994316
7842.0,-0.1500000000000341,-0.14999999999997726,0.025000000000019895,-0.1750000000000682,-0.12500000000005684,-0.125,-0.1750000000000682,-0.14999999999997726
7844.0,-0.15500000000000683,-0.14999999999997726,0.02592055169168953,-0.18750000000005684,-0.13750000000004547,-0.12499999999994316,-0.17500000000001137,-0.14999999999997726
7846.0,-0.13999999999998636,-0.14999999999997726,0.025617376914931173,-0.16250000000002274,-0.11249999999995453,-0.11249999999995453,-0.16250000000002274,-0.14999999999997726
7848.0,-0.15499999999999545,-0.14999999999997726,0.025920551691671713,-0.1875,-0.13750000000004547,-0.12499999999994316,-0.17500000000001137,-0.14999999999997726
7850.0,-0.14999999999998864,-0.14999999999997726,0.025000000000019895,-0.17500000000001137,-0.125,-0.12499999999994316,-0.17500000000001137,-0.14999999999997726
7852.0,-0.1500000000000341,-0.14999999999997726,0.025000000000019895,-0.1750000000000682,-0.12500000000005684,-0.125,-0.1750000000000682,-0.14999999999997726
7854.0,-0.15500000000000683,-0.14999999999997726,0.02592055169168953,-0.18750000000005684,-0.13750000000004547,-0.12499999999994316,-0.17500000000001137,-0.14999999999997726
7856.0,-0.15000000000002273,-0.14999999999997726,0.025000000000034106,-0.1750000000000682,-0.125,-0.125,-0.1750000000000682,-0.14999999999997726
7858.0,-0.15499999999999545,-0.14999999999997726,0.025920551691671713,-0.1875,-0.13750000000004547,-0.12499999999994316,-0.17500000000001137,-0.14999999999997726
7860.0,-0.14999999999998864,-0.14999999999997726,0.025000000000019895,-0.17500000000001137,-0.125,-0.12499999999994316,-0.17500000000001137,-0.14999999999997726
7862.0,-0.1500000000000341,-0.14999999999997726,0.025000000000019895,-0.1750000000000682,-0.12500000000005684,-0.125,-0.1750000000000682,-0.14999999999997726
7864.0,-0.15500000000000683,-0.14999999999997726,0.02592055169168953,-0.18750000000005684,-0.13750000000004547,-0.12499999999994316,-0.17500000000001137,-0.14999999999997726
7866.0,-0.15000000000002273,-0.14999999999997726,0.025000000000034106,-0.1750000000000682,-0.125,-0.125,-0.1750000000000682,-0.14999999999997726
7868.0,-0.15499999999999545,-0.14999999999997726,0.025920551691671713,-0.1875,-0.13750000000004547,-0.12499999999994316,-0.17500000000001137,-0.14999999999997726
7870.0,-0.1400000000000432,-0.14999999999997726,0.02561737691491037,-0.16250000000007958,-0.11250000000006821,-0.11250000000001137,-0.16250000000007958,-0.14999999999997726
7872.0,-0.1500000000000341,-0.14999999999997726,0.025000000000019895,-0.1750000000000682,-0.12500000000005684,-0.125,-0.1750000000000682,-0.14999999999997726
7874.0,-0.15500000000000683,-0.14999999999997726,0.02592055169168953,-0.18750000000005684,-0.13750000000004547,-0.12499999999994316,-0.17500000000001137,-0.14999999999997726
7876.0,-0.14500000000000454,-0.125,0.033773140215291826,-0.1875,-0.11249999999995453,-0.125,-0.1750000000000682,-0.125
7878.0,-0.15,-0.14999999999997726,0.025000000000005684,-0.17500000000001137,-0.12500000000005684,-0.12499999999994316,-0.17500000000001137,-0.14999999999997726
7880.0,-0.1500000000000341,-0.13750000000004547,0.029315098498954605,-0.1875000000001137,-0.13750000000004547,-0.125,-0.1750000000000682,-0.12499999999994316
7882.0,-0.1500000000000341,-0.14999999999997726,0.025000000000019895,-0.1750000000000682,-0.12500000000005684,-0.125,-0.1750000000000682,-0.14999999999997726
7884.0,-0.14999999999998864,-0.14999999999997726,0.025000000000019895,-0.17500000000001137,-0.125,-0.12499999999994316,-0.17500000000001137,-0.14999999999997726
7886.0,-0.1533333333333644,-0.14999999999997726,0.025413251136651663,-0.18333333333339397,-0.1333333333333826,-0.125,-0.1750000000000682,-0.14999999999997726
7888.0,-0.14999999999998864,-0.14999999999997726,0.025000000000019895,-0.17500000000001137,-0.125,-0.12499999999994316,-0.17500000000001137,-0.14999999999997726
7890.0,-0.1500000000000341,-0.14999999999997726,0.025000000000019895,-0.1750000000000682,-0.12500000000005684,-0.125,-0.1750000000000682,-0.14999999999997726
7892.0,-0.15,-0.13750000000004547,0.029315098498936428,-0.18750000000005684,-0.13750000000004547,-0.12499999999994316,-0.17500000000001137,-0.12499999999994316
7894.0,-0.15000000000002273,-0.14999999999997726,0.025000000000034106,-0.1750000000000682,-0.125,-0.125,-0.1750000000000682,-0.14999999999997726
7896.0,-0.15499999999999545,-0.14999999999997726,0.025920551691671713,-0.1875,-0.13750000000004547,-0.12499999999994316,-0.17500000000001137,-0.14999999999997726
7898.0,-0.14000000000003182,-0.12499999999994316,0.03893102875604579,-0.1875000000001137,-0.11250000000006821,-0.0999999999999659,-0.1750000000000682,-0.12499999999994316
7900.0,-0.1500000000000341,-0.14999999999997726,0.025000000000019895,-0.1750000000000682,-0.12500000000005684,-0.125,-0.1750000000000682,-0.14999999999997726
7902.0,-0.14999999999998864,-0.14999999999997726,0.025000000000019895,-0.17500000000001137,-0.125,-0.12499999999994316,-0.17500000000001137,-0.14999999999997726
7904.0,-0.15500000000000683,-0.14999999999997726,0.025920551691675824,-0.1875,-0.13749999999998863,-0.125,-0.1750000000000682,-0.14999999999997726
7906.0,-0.15,-0.14999999999997726,0.025000000000005684,-0.17500000000001137,-0.12500000000005684,-0.12499999999994316,-0.17500000000001137,-0.14999999999997726
7908.0,-0.15500000000004094,-0.14999999999997726,0.025920551691701866,-0.1875000000001137,-0.13750000000004547,-0.125,-0.1750000000000682,-0.14999999999997726
7910.0,-0.15,-0.13750000000004547,0.02931509849890613,-0.1875,-0.13750000000004547,-0.12499999999994316,-0.17500000000001137,-0.125
7912.0,-0.14999999999998864,-0.14999999999997726,0.025000000000019895,-0.17500000000001137,-0.125,-0.12499999999994316,-0.17500000000001137,-0.14999999999997726
7914.0,-0.1500000000000341,-0.14999999999997726,0.025000000000019895,-0.1750000000000682,-0.12500000000005684,-0.125,-0.1750000000000682,-0.14999999999997726
7916.0,-0.15500000000000683,-0.14999999999997726,0.02592055169168953,-0.18750000000005684,-0.13750000000004547,-0.12499999999994316,-0.17500000000001137,-0.14999999999997726
7918.0,-0.14500000000000454,-0.125,0.033773140215291826,-0.1875,-0.11249999999995453,-0.125,-0.1750000000000682,-0.125
7920.0,-0.15,-0.14999999999997726,0.025000000000005684,-0.17500000000001137,-0.12500000000005684,-0.12499999999994316,-0.17500000000001137,-0.14999999999997726
7922.0,-0.15500000000004094,-0.14999999999997726,0.025920551691701866,-0.1875000000001137,-0.13750000000004547,-0.125,-0.1750000000000682,-0.14999999999997726
7924.0,-0.13000000000000683,-0.125,0.025920551691681306,-0.16250000000002274,-0.11250000000001137,-0.0999999999999659,-0.1500000000000341,-0.125
7926.0,-0.14999999999998864,-0.14999999999997726,0.025000000000019895,-0.17500000000001137,-0.125,-0.12499999999994316,-0.17500000000001137,-0.14999999999997726
7928.0,-0.1500000000000341,-0.14999999999997726,0.025000000000019895,-0.1750000000000682,-0.12500000000005684,-0.125,-0.1750000000000682,-0.14999999999997726
7930.0,-0.15500000000000683,-0.14999999999997726,0.02592055169168953,-0.18750000000005684,-0.13750000000004547,-0.12499999999994316,-0.17500000000001137,-0.14999999999997726
7932.0,-0.1325000000000159,-0.13749999999998863,0.02592055169168268,-0.16250000000002274,-0.11249999999995453,-0.10000000000002274,-0.15000000000009095,-0.13749999999998863
7934.0,-0.15,-0.14999999999997726,0.025000000000005684,-0.17500000000001137,-0.12500000000005684,-0.12499999999994316,-0.17500000000001137,-0.14999999999997726
7936.0,-0.15500000000004094,-0.14999999999997726,0.025920551691701866,-0.1875000000001137,-0.13750000000004547,-0.125,-0.1750000000000682,-0.14999999999997726
7938.0,-0.13000000000000683,-0.125,0.025920551691681306,-0.16250000000002274,-0.11250000000001137,-0.0999999999999659,-0.1500000000000341,-0.125
7940.0,-0.14999999999998864,-0.14999999999997726,0.025000000000019895,-0.17500000000001137,-0.125,-0.12499999999994316,-0.17500000000001137,-0.14999999999997726
7942.0,-0.1500000000000341,-0.14999999999997726,0.025000000000019895,-0.1750000000000682,-0.12500000000005684,-0.125,-0.1750000000000682,-0.14999999999997726
7944.0,-0.15500000000000683,-0.14999999999997726,0.02592055169168953,-0.18750000000005684,-0.13750000000004547,-0.12499999999994316,-0.17500000000001137,-0.14999999999997726
7946.0,-0.1400000000000091,-0.125,0.038931028756011114,-0.1875,-0.11249999999995453,-0.10000000000002274,-0.1750000000000682,-0.125
7948.0,-0.15,-0.14999999999997726,0.025000000000005684,-0.17500000000001137,-0.12500000000005684,-0.12499999999994316,-0.17500000000001137,-0.14999999999997726
7950.0,-0.15500000000004094,-0.14999999999997726,0.025920551691701866,-0.1875000000001137,-0.13750000000004547,-0.125,-0.1750000000000682,-0.14999999999997726
7952.0,-0.1449999999999932,-0.125,0.033773140215273945,-0.1875,-0.11250000000001137,-0.12499999999994316,-0.17500000000001137,-0.125
7954.0,-0.14999999999998864,-0.14999999999997726,0.025000000000019895,-0.17500000000001137,-0.125,-0.12499999999994316,-0.17500000000001137,-0.14999999999997726
7956.0,-0.1500000000000341,-0.14999999999997726,0.025000000000019895,-0.1750000000000682,-0.12500000000005684,-0.125,-0.1750000000000682,-0.14999999999997726
7958.0,-0.15500000000000683,-0.14999999999997726,0.02592055169168953,-0.18750000000005684,-0.13750000000004547,-0.12499999999994316,-0.17500000000001137,-0.14999999999997726
7960.0,-0.15000000000001137,-0.13749999999998863,0.02931509849891219,-0.1875,-0.13749999999998863,-0.125,-0.1750000000000682,-0.125
7962.0,-0.15,-0.14999999999997726,0.025000000000005684,-0.17500000000001137,-0.12500000000005684,-0.12499999999994316,-0.17500000000001137,-0.14999999999997726
7964.0,-0.15500000000004094,-0.14999999999997726,0.025920551691701866,-0.1875000000001137,-0.13750000000004547,-0.125,-0.1750000000000682,-0.14999999999997726
7966.0,-0.15,-0.13750000000004547,0.02931509849890613,-0.1875,-0.13750000000004547,-0.12499999999994316,-0.17500000000001137,-0.125
7968.0,-0.14999999999998864,-0.14999999999997726,0.025000000000019895,-0.17500000000001137,-0.125,-0.12499999999994316,-0.17500000000001137,-0.14999999999997726
7970.0,-0.1500000000000341,-0.14999999999997726,0.025000000000019895,-0.1750000000000682,-0.12500000000005684,-0.125,-0.1750000000000682,-0.14999999999997726
7972.0,-0.14999999999998864,-0.14999999999997726,0.025000000000019895,-0.17500000000001137,-0.125,-0.12499999999994316,-0.17500000000001137,-0.14999999999997726
7974.0,-0.15500000000000683,-0.14999999999997726,0.025920551691675824,-0.1875,-0.13749999999998863,-0.125,-0.1750000000000682,-0.14999999999997726
7976.0,-0.12500000000001138,-0.13750000000004547,0.029315098498900072,-0.13750000000004547,-0.0875000000000341,-0.0999999999999659,-0.1500000000000341,-0.14999999999997726
7978.0,-0.14999999999998864,-0.14999999999997726,0.025000000000019895,-0.17500000000001137,-0.125,-0.12499999999994316,-0.17500000000001137,-0.14999999999997726
7980.0,-0.15500000000000683,-0.14999999999997726,0.025920551691675824,-0.1875,-0.13749999999998863,-0.125,-0.1750000000000682,-0.14999999999997726
7982.0,-0.14999999999998864,-0.1416666666666515,0.03227486121840615,-0.19166666666666288,-0.1416666666666515,-0.12499999999994316,-0.17500000000001137,-0.11666666666667425
7984.0,-0.13999999999999774,-0.14999999999997726,0.025617376914915915,-0.16250000000002274,-0.11250000000001137,-0.11249999999995453,-0.16250000000002274,-0.14999999999997726
7986.0,-0.14999999999998864,-0.14999999999997726,0.025000000000019895,-0.17500000000001137,-0.125,-0.12499999999994316,-0.17500000000001137,-0.14999999999997726
7988.0,-0.1500000000000341,-0.14999999999997726,0.025000000000019895,-0.1750000000000682,-0.12500000000005684,-0.125,-0.1750000000000682,-0.14999999999997726
7990.0,-0.15500000000000683,-0.14999999999997726,0.02592055169168953,-0.18750000000005684,-0.13750000000004547,-0.12499999999994316,-0.17500000000001137,-0.14999999999997726
7992.0,-0.15000000000001137,-0.13749999999998863,0.02931509849891219,-0.1875,-0.13749999999998863,-0.125,-0.1750000000000682,-0.125
7994.0,-0.15,-0.14999999999997726,0.025000000000005684,-0.17500000000001137,-0.12500000000005684,-0.12499999999994316,-0.17500000000001137,-0.14999999999997726
7996.0,-0.15500000000004094,-0.14999999999997726,0.025920551691701866,-0.1875000000001137,-0.13750000000004547,-0.125,-0.1750000000000682,-0.14999999999997726
7998.0,-0.15,-0.13750000000004547,0.02931509849890613,-0.1875,-0.13750000000004547,-0.12499999999994316,-0.17500000000001137,-0.125
8000.0,-0.1400000000000432,-0.14999999999997726,0.02561737691491037,-0.16250000000007958,-0.11250000000006821,-0.11250000000001137,-0.16250000000007958,-0.14999999999997726
8002.0,-0.1500000000000341,-0.14999999999997726,0.025000000000019895,-0.1750000000000682,-0.12500000000005684,-0.125,-0.1750000000000682,-0.14999999999997726
8004.0,-0.14999999999998864,-0.14999999999997726,0.025000000000019895,-0.17500000000001137,-0.125,-0.12499999999994316,-0.17500000000001137,-0.14999999999997726
8006.0,-0.15500000000000683,-0.14999999999997726,0.025920551691675824,-0.1875,-0.13749999999998863,-0.125,-0.1750000000000682,-0.14999999999997726
8008.0,-0.1349999999999909,-0.12499999999994316,0.03468609231381405,-0.18750000000005684,-0.11250000000006821,-0.09999999999990905,-0.14999999999997726,-0.12499999999994316
8010.0,-0.15000000000002273,-0.14999999999997726,0.025000000000034106,-0.1750000000000682,-0.125,-0.125,-0.1750000000000682,-0.14999999999997726
8012.0,-0.15499999999999545,-0.14999999999997726,0.025920551691671713,-0.1875,-0.13750000000004547,-0.12499999999994316,-0.17500000000001137,-0.14999999999997726
8014.0,-0.1500000000000341,-0.13750000000004547,0.029315098498954605,-0.1875000000001137,-0.13750000000004547,-0.125,-0.1750000000000682,-0.12499999999994316
8016.0,-0.1500000000000341,-0.14999999999997726,0.025000000000019895,-0.1750000000000682,-0.12500000000005684,-0.125,-0.1750000000000682,-0.14999999999997726
8018.0,-0.14999999999998864,-0.14999999999997726,0.025000000000019895,-0.17500000000001137,-0.125,-0.12499999999994316,-0.17500000000001137,-0.14999999999997726
8020.0,-0.15500000000000683,-0.14999999999997726,0.025920551691675824,-0.1875,-0.13749999999998863,-0.125,-0.1750000000000682,-0.14999999999997726
8022.0,-0.15,-0.1500000000000341,0.03952847075214069,-0.20000000000004547,-0.1500000000000341,-0.12499999999994316,-0.17500000000001137,-0.0999999999999659
8024.0,-0.14999999999998864,-0.14999999999997726,0.025000000000019895,-0.17500000000001137,-0.125,-0.12499999999994316,-0.17500000000001137,-0.14999999999997726
8026.0,-0.1500000000000341,-0.14999999999997726,0.025000000000019895,-0.1750000000000682,-0.12500000000005684,-0.125,-0.1750000000000682,-0.14999999999997726
8028.0,-0.15500000000000683,-0.14999999999997726,0.02592055169168953,-0.18750000000005684,-0.13750000000004547,-0.12499999999994316,-0.17500000000001137,-0.14999999999997726
8030.0,-0.15500000000000683,-0.14999999999997726,0.025920551691675824,-0.1875,-0.13749999999998863,-0.125,-0.1750000000000682,-0.14999999999997726
8032.0,-0.1400000000000091,-0.14999999999997726,0.025617376914900663,-0.16250000000002274,-0.11250000000006821,-0.11249999999995453,-0.16250000000002274,-0.14999999999997726
8034.0,-0.15000000000002273,-0.14999999999997726,0.025000000000034106,-0.1750000000000682,-0.125,-0.125,-0.1750000000000682,-0.14999999999997726
8036.0,-0.15499999999999545,-0.14999999999997726,0.025920551691671713,-0.1875,-0.13750000000004547,-0.12499999999994316,-0.17500000000001137,-0.14999999999997726
8038.0,-0.1500000000000341,-0.13750000000004547,0.029315098498954605,-0.1875000000001137,-0.13750000000004547,-0.125,-0.1750000000000682,-0.12499999999994316
8040.0,-0.1500000000000341,-0.14999999999997726,0.025000000000019895,-0.1750000000000682,-0.12500000000005684,-0.125,-0.1750000000000682,-0.14999999999997726
8042.0,-0.14999999999998864,-0.14999999999997726,0.025000000000019895,-0.17500000000001137,-0.125,-0.12499999999994316,-0.17500000000001137,-0.14999999999997726
8044.0,-0.15500000000000683,-0.14999999999997726,0.025920551691675824,-0.1875,-0.13749999999998863,-0.125,-0.1750000000000682,-0.14999999999997726
8046.0,-0.15500000000000683,-0.14999999999997726,0.02592055169168953,-0.18750000000005684,-0.13750000000004547,-0.12499999999994316,-0.17500000000001137,-0.14999999999997726
8048.0,-0.13999999999998636,-0.14999999999997726,0.025617376914931173,-0.16250000000002274,-0.11249999999995453,-0.11249999999995453,-0.16250000000002274,-0.14999999999997726
8050.0,-0.15,-0.14999999999997726,0.025000000000005684,-0.17500000000001137,-0.12500000000005684,-0.12499999999994316,-0.17500000000001137,-0.14999999999997726
8052.0,-0.15500000000004094,-0.14999999999997726,0.025920551691701866,-0.1875000000001137,-0.13750000000004547,-0.125,-0.1750000000000682,-0.14999999999997726
8054.0,-0.15,-0.13750000000004547,0.02931509849890613,-0.1875,-0.13750000000004547,-0.12499999999994316,-0.17500000000001137,-0.125
8056.0,-0.14999999999998864,-0.14999999999997726,0.025000000000019895,-0.17500000000001137,-0.125,-0.12499999999994316,-0.17500000000001137,-0.14999999999997726
8058.0,-0.1500000000000341,-0.14999999999997726,0.025000000000019895,-0.1750000000000682,-0.12500000000005684,-0.125,-0.1750000000000682,-0.14999999999997726
8060.0,-0.14999999999998864,-0.14999999999997726,0.025000000000019895,-0.17500000000001137,-0.125,-0.12499999999994316,-0.17500000000001137,-0.14999999999997726
8062.0,-0.15500000000000683,-0.14999999999997726,0.025920551691675824,-0.1875,-0.13749999999998863,-0.125,-0.1750000000000682,-0.14999999999997726
8064.0,-0.13999999999999774,-0.12499999999994316,0.03893102875603028,-0.18750000000005684,-0.11250000000006821,-0.09999999999990905,-0.17500000000001137,-0.12499999999994316
8066.0,-0.15000000000002273,-0.14999999999997726,0.025000000000034106,-0.1750000000000682,-0.125,-0.125,-0.1750000000000682,-0.14999999999997726
8068.0,-0.15499999999999545,-0.14999999999997726,0.025920551691671713,-0.1875,-0.13750000000004547,-0.12499999999994316,-0.17500000000001137,-0.14999999999997726
8070.0,-0.1500000000000341,-0.13750000000004547,0.029315098498954605,-0.1875000000001137,-0.13750000000004547,-0.125,-0.1750000000000682,-0.12499999999994316
8072.0,-0.13999999999999774,-0.14999999999997726,0.025617376914915915,-0.16250000000002274,-0.11250000000001137,-0.11249999999995453,-0.16250000000002274,-0.14999999999997726
8074.0,-0.14999999999998864,-0.14999999999997726,0.025000000000019895,-0.17500000000001137,-0.125,-0.12499999999994316,-0.17500000000001137,-0.14999999999997726
8076.0,-0.1500000000000341,-0.14999999999997726,0.025000000000019895,-0.1750000000000682,-0.12500000000005684,-0.125,-0.1750000000000682,-0.14999999999997726
8078.0,-0.15500000000000683,-0.14999999999997726,0.02592055169168953,-0.18750000000005684,-0.13750000000004547,-0.12499999999994316,-0.17500000000001137,-0.14999999999997726
8080.0,-0.15000000000001137,-0.13749999999998863,0.02931509849891219,-0.1875,-0.13749999999998863,-0.125,-0.1750000000000682,-0.125
8082.0,-0.15,-0.14999999999997726,0.025000000000005684,-0.17500000000001137,-0.12500000000005684,-0.12499999999994316,-0.17500000000001137,-0.14999999999997726
8084.0,-0.15000000000002273,-0.14999999999997726,0.025000000000034106,-0.1750000000000682,-0.125,-0.125,-0.1750000000000682,-0.14999999999997726
8086.0,-0.15499999999999545,-0.14999999999997726,0.025920551691671713,-0.1875,-0.13750000000004547,-0.12499999999994316,-0.17500000000001137,-0.14999999999997726
8088.0,-0.1500000000000341,-0.13750000000004547,0.029315098498954605,-0.1875000000001137,-0.13750000000004547,-0.125,-0.1750000000000682,-0.12499999999994316
8090.0,-0.1500000000000341,-0.14999999999997726,0.025000000000019895,-0.1750000000000682,-0.12500000000005684,-0.125,-0.1750000000000682,-0.14999999999997726
8092.0,-0.14999999999998864,-0.14999999999997726,0.025000000000019895,-0.17500000000001137,-0.125,-0.12499999999994316,-0.17500000000001137,-0.14999999999997726
8094.0,-0.1500000000000341,-0.14999999999997726,0.025000000000019895,-0.1750000000000682,-0.12500000000005684,-0.125,-0.1750000000000682,-0.14999999999997726
8096.0,-0.14999999999998864,-0.13333333333332575,0.02700308624338538,-0.18333333333333712,-0.13333333333332575,-0.12499999999994316,-0.17500000000001137,-0.13333333333332575
8098.0,-0.13999999999999774,-0.14999999999997726,0.025617376914915915,-0.16250000000002274,-0.11250000000001137,-0.11249999999995453,-0.16250000000002274,-0.14999999999997726
8100.0,-0.14999999999998864,-0.14999999999997726,0.025000000000019895,-0.17500000000001137,-0.125,-0.12499999999994316,-0.17500000000001137,-0.14999999999997726
8102.0,-0.1500000000000341,-0.14999999999997726,0.025000000000019895,-0.1750000000000682,-0.12500000000005684,-0.125,-0.1750000000000682,-0.14999999999997726
8104.0,-0.15500000000000683,-0.14999999999997726,0.02592055169168953,-0.18750000000005684,-0.13750000000004547,-0.12499999999994316,-0.17500000000001137,-0.14999999999997726
8106.0,-0.15000000000001137,-0.13749999999998863,0.02931509849891219,-0.1875,-0.13749999999998863,-0.125,-0.1750000000000682,-0.125
8108.0,-0.15,-0.14999999999997726,0.025000000000005684,-0.17500000000001137,-0.12500000000005684,-0.12499999999994316,-0.17500000000001137,-0.14999999999997726
8110.0,-0.15000000000002273,-0.14999999999997726,0.025000000000034106,-0.1750000000000682,-0.125,-0.125,-0.1750000000000682,-0.14999999999997726
8112.0,-0.15499999999999545,-0.14999999999997726,0.025920551691671713,-0.1875,-0.13750000000004547,-0.12499999999994316,-0.17500000000001137,-0.14999999999997726
8114.0,-0.1500000000000341,-0.13750000000004547,0.029315098498954605,-0.1875000000001137,-0.13750000000004547,-0.125,-0.1750000000000682,-0.12499999999994316
8116.0,-0.1500000000000341,-0.14999999999997726,0.025000000000019895,-0.1750000000000682,-0.12500000000005684,-0.125,-0.1750000000000682,-0.14999999999997726
8118.0,-0.14999999999998864,-0.14999999999997726,0.025000000000019895,-0.17500000000001137,-0.125,-0.12499999999994316,-0.17500000000001137,-0.14999999999997726
8120.0,-0.1500000000000341,-0.14999999999997726,0.025000000000019895,-0.1750000000000682,-0.12500000000005684,-0.125,-0.1750000000000682,-0.14999999999997726
8122.0,-0.15500000000000683,-0.14999999999997726,0.02592055169168953,-0.18750000000005684,-0.13750000000004547,-0.12499999999994316,-0.17500000000001137,-0.14999999999997726
8124.0,-0.1400000000000091,-0.125,0.038931028756011114,-0.1875,-0.11249999999995453,-0.10000000000002274,-0.1750000000000682,-0.125
8126.0,-0.15,-0.14999999999997726,0.025000000000005684,-0.17500000000001137,-0.12500000000005684,-0.12499999999994316,-0.17500000000001137,-0.14999999999997726
8128.0,-0.15500000000004094,-0.14999999999997726,0.025920551691701866,-0.1875000000001137,-0.13750000000004547,-0.125,-0.1750000000000682,-0.14999999999997726
8130.0,-0.15,-0.13750000000004547,0.02931509849890613,-0.1875,-0.13750000000004547,-0.12499999999994316,-0.17500000000001137,-0.125
8132.0,-0.1400000000000432,-0.14999999999997726,0.02561737691491037,-0.16250000000007958,-0.11250000000006821,-0.11250000000001137,-0.16250000000007958,-0.14999999999997726
8134.0,-0.1500000000000341,-0.14999999999997726,0.025000000000019895,-0.1750000000000682,-0.12500000000005684,-0.125,-0.1750000000000682,-0.14999999999997726
8136.0,-0.14999999999998864,-0.14999999999997726,0.025000000000019895,-0.17500000000001137,-0.125,-0.12499999999994316,-0.17500000000001137,-0.14999999999997726
8138.0,-0.15500000000000683,-0.14999999999997726,0.025920551691675824,-0.1875,-0.13749999999998863,-0.125,-0.1750000000000682,-0.14999999999997726
8140.0,-0.15,-0.13750000000004547,0.029315098498936428,-0.18750000000005684,-0.13750000000004547,-0.12499999999994316,-0.17500000000001137,-0.12499999999994316
8142.0,-0.15000000000002273,-0.14999999999997726,0.025000000000034106,-0.1750000000000682,-0.125,-0.125,-0.1750000000000682,-0.14999999999997726
8144.0,-0.15,-0.14999999999997726,0.025000000000005684,-0.17500000000001137,-0.12500000000005684,-0.12499999999994316,-0.17500000000001137,-0.14999999999997726
8146.0,-0.15500000000004094,-0.14999999999997726,0.025920551691701866,-0.1875000000001137,-0.13750000000004547,-0.125,-0.1750000000000682,-0.14999999999997726
8148.0,-0.13999999999999774,-0.125,0.0389310287560029,-0.1875,-0.11250000000001137,-0.0999999999999659,-0.17500000000001137,-0.125
8150.0,-0.14999999999998864,-0.14999999999997726,0.025000000000019895,-0.17500000000001137,-0.125,-0.12499999999994316,-0.17500000000001137,-0.14999999999997726
8152.0,-0.1500000000000341,-0.14999999999997726,0.025000000000019895,-0.1750000000000682,-0.12500000000005684,-0.125,-0.1750000000000682,-0.14999999999997726
8154.0,-0.15500000000000683,-0.14999999999997726,0.02592055169168953,-0.18750000000005684,-0.13750000000004547,-0.12499999999994316,-0.17500000000001137,-0.14999999999997726
8156.0,-0.15000000000001137,-0.13749999999998863,0.02931509849891219,-0.1875,-0.13749999999998863,-0.125,-0.1750000000000682,-0.125
8158.0,-0.15,-0.14999999999997726,0.025000000000005684,-0.17500000000001137,-0.12500000000005684,-0.12499999999994316,-0.17500000000001137,-0.14999999999997726
8160.0,-0.15000000000002273,-0.14999999999997726,0.025000000000034106,-0.1750000000000682,-0.125,-0.125,-0.1750000000000682,-0.14999999999997726
8162.0,-0.15500000000000683,-0.14999999999997726,0.025920551691675824,-0.1875,-0.13749999999998863,-0.125,-0.1750000000000682,-0.14999999999997726
8164.0,-0.15500000000000683,-0.14999999999997726,0.02592055169168953,-0.18750000000005684,-0.13750000000004547,-0.12499999999994316,-0.17500000000001137,-0.14999999999997726
8166.0,-0.13999999999998636,-0.14999999999997726,0.025617376914931173,-0.16250000000002274,-0.11249999999995453,-0.11249999999995453,-0.16250000000002274,-0.14999999999997726
8168.0,-0.15,-0.14999999999997726,0.025000000000005684,-0.17500000000001137,-0.12500000000005684,-0.12499999999994316,-0.17500000000001137,-0.14999999999997726
8170.0,-0.15500000000004094,-0.14999999999997726,0.025920551691701866,-0.1875000000001137,-0.13750000000004547,-0.125,-0.1750000000000682,-0.14999999999997726
8172.0,-0.15,-0.13750000000004547,0.02931509849890613,-0.1875,-0.13750000000004547,-0.12499999999994316,-0.17500000000001137,-0.125
8174.0,-0.14999999999998864,-0.14999999999997726,0.025000000000019895,-0.17500000000001137,-0.125,-0.12499999999994316,-0.17500000000001137,-0.14999999999997726
8176.0,-0.1500000000000341,-0.14999999999997726,0.025000000000019895,-0.1750000000000682,-0.12500000000005684,-0.125,-0.1750000000000682,-0.14999999999997726
8178.0,-0.14999999999998864,-0.14999999999997726,0.025000000000019895,-0.17500000000001137,-0.125,-0.12499999999994316,-0.17500000000001137,-0.14999999999997726
8180.0,-0.15500000000000683,-0.14999999999997726,0.025920551691675824,-0.1875,-0.13749999999998863,-0.125,-0.1750000000000682,-0.14999999999997726
8182.0,-0.13999999999999774,-0.12499999999994316,0.03893102875603028,-0.18750000000005684,-0.11250000000006821,-0.09999999999990905,-0.17500000000001137,-0.12499999999994316
8184.0,-0.15000000000002273,-0.14999999999997726,0.025000000000034106,-0.1750000000000682,-0.125,-0.125,-0.1750000000000682,-0.14999999999997726
8186.0,-0.15499999999999545,-0.14999999999997726,0.025920551691671713,-0.1875,-0.13750000000004547,-0.12499999999994316,-0.17500000000001137,-0.14999999999997726
8188.0,-0.1500000000000341,-0.13750000000004547,0.029315098498954605,-0.1875000000001137,-0.13750000000004547,-0.125,-0.1750000000000682,-0.12499999999994316
8190.0,-0.13999999999999774,-0.14999999999997726,0.025617376914915915,-0.16250000000002274,-0.11250000000001137,-0.11249999999995453,-0.16250000000002274,-0.14999999999997726
8192.0,-0.14999999999998864,-0.14999999999997726,0.025000000000019895,-0.17500000000001137,-0.125,-0.12499999999994316,-0.17500000000001137,-0.14999999999997726
8194.0,-0.1500000000000341,-0.14999999999997726,0.025000000000019895,-0.1750000000000682,-0.12500000000005684,-0.125,-0.1750000000000682,-0.14999999999997726
8196.0,-0.15500000000000683,-0.14999999999997726,0.02592055169168953,-0.18750000000005684,-0.13750000000004547,-0.12499999999994316,-0.17500000000001137,-0.14999999999997726
8198.0,-0.15000000000001137,-0.13749999999998863,0.02931509849891219,-0.1875,-0.13749999999998863,-0.125,-0.1750000000000682,-0.125
8200.0,-0.15,-0.14999999999997726,0.025000000000005684,-0.17500000000001137,-0.12500000000005684,-0.12499999999994316,-0.17500000000001137,-0.14999999999997726
8202.0,-0.15000000000002273,-0.14999999999997726,0.025000000000034106,-0.1750000000000682,-0.125,-0.125,-0.1750000000000682,-0.14999999999997726
8204.0,-0.15499999999999545,-0.14999999999997726,0.025920551691671713,-0.1875,-0.13750000000004547,-0.12499999999994316,-0.17500000000001137,-0.14999999999997726
8206.0,-0.1400000000000432,-0.14999999999997726,0.02561737691491037,-0.16250000000007958,-0.11250000000006821,-0.11250000000001137,-0.16250000000007958,-0.14999999999997726
8208.0,-0.1500000000000341,-0.14999999999997726,0.025000000000019895,-0.1750000000000682,-0.12500000000005684,-0.125,-0.1750000000000682,-0.14999999999997726
8210.0,-0.15500000000000683,-0.14999999999997726,0.02592055169168953,-0.18750000000005684,-0.13750000000004547,-0.12499999999994316,-0.17500000000001137,-0.14999999999997726
8212.0,-0.1400000000000091,-0.125,0.038931028756011114,-0.1875,-0.11249999999995453,-0.10000000000002274,-0.1750000000000682,-0.125
8214.0,-0.15499999999999545,-0.14999999999997726,0.025920551691671713,-0.1875,-0.13750000000004547,-0.12499999999994316,-0.17500000000001137,-0.14999999999997726
8216.0,-0.1400000000000432,-0.14999999999997726,0.02561737691491037,-0.16250000000007958,-0.11250000000006821,-0.11250000000001137,-0.16250000000007958,-0.14999999999997726
8218.0,-0.1500000000000341,-0.14999999999997726,0.025000000000019895,-0.1750000000000682,-0.12500000000005684,-0.125,-0.1750000000000682,-0.14999999999997726
8220.0,-0.15,-0.13750000000004547,0.029315098498936428,-0.18750000000005684,-0.13750000000004547,-0.12499999999994316,-0.17500000000001137,-0.12499999999994316
8222.0,-0.15500000000004094,-0.14999999999997726,0.025920551691701866,-0.1875000000001137,-0.13750000000004547,-0.125,-0.1750000000000682,-0.14999999999997726
8224.0,-0.15499999999999545,-0.14999999999997726,0.025920551691671713,-0.1875,-0.13750000000004547,-0.12499999999994316,-0.17500000000001137,-0.14999999999997726
8226.0,-0.14999999999998864,-0.14999999999997726,0.025000000000019895,-0.17500000000001137,-0.125,-0.12499999999994316,-0.17500000000001137,-0.14999999999997726
8228.0,-0.15000000000001137,-0.13749999999998863,0.02931509849891219,-0.1875,-0.13749999999998863,-0.125,-0.1750000000000682,-0.125
8230.0,-0.1500000000000341,-0.14999999999997726,0.025000000000019895,-0.1750000000000682,-0.12500000000005684,-0.125,-0.1750000000000682,-0.14999999999997726
8232.0,-0.15500000000000683,-0.14999999999997726,0.02592055169168953,-0.18750000000005684,-0.13750000000004547,-0.12499999999994316,-0.17500000000001137,-0.14999999999997726
8234.0,-0.1400000000000432,-0.14999999999997726,0.02561737691491037,-0.16250000000007958,-0.11250000000006821,-0.11250000000001137,-0.16250000000007958,-0.14999999999997726
8236.0,-0.15500000000000683,-0.14999999999997726,0.025920551691675824,-0.1875,-0.13749999999998863,-0.125,-0.1750000000000682,-0.14999999999997726
8238.0,-0.13999999999999774,-0.14999999999997726,0.025617376914915915,-0.16250000000002274,-0.11250000000001137,-0.11249999999995453,-0.16250000000002274,-0.14999999999997726
8240.0,-0.15500000000000683,-0.14999999999997726,0.02592055169168953,-0.18750000000005684,-0.13750000000004547,-0.12499999999994316,-0.17500000000001137,-0.14999999999997726
8242.0,-0.14999999999998864,-0.14999999999997726,0.025000000000019895,-0.17500000000001137,-0.125,-0.12499999999994316,-0.17500000000001137,-0.14999999999997726
8244.0,-0.14000000000003182,-0.125,0.03791437722027574,-0.20000000000004547,-0.125,-0.10000000000002274,-0.15000000000009095,-0.125
8246.0,-0.1500000000000341,-0.14999999999997726,0.025000000000019895,-0.1750000000000682,-0.12500000000005684,-0.125,-0.1750000000000682,-0.14999999999997726
8248.0,-0.1500000000000341,-0.14999999999997726,0.025000000000019895,-0.1750000000000682,-0.12500000000005684,-0.125,-0.1750000000000682,-0.14999999999997726
8250.0,-0.13999999999999774,-0.14999999999997726,0.025617376914915915,-0.16250000000002274,-0.11250000000001137,-0.11249999999995453,-0.16250000000002274,-0.14999999999997726
8252.0,-0.13000000000000683,-0.14999999999997726,0.02738612787526972,-0.1500000000000341,-0.10000000000002274,-0.0999999999999659,-0.1500000000000341,-0.14999999999997726
8254.0,-0.13000000000000683,-0.14999999999997726,0.02738612787526972,-0.1500000000000341,-0.10000000000002274,-0.0999999999999659,-0.1500000000000341,-0.14999999999997726
8256.0,-0.1500000000000341,-0.14999999999997726,0.025000000000019895,-0.1750000000000682,-0.12500000000005684,-0.125,-0.1750000000000682,-0.14999999999997726
8258.0,-0.1500000000000341,-0.14999999999997726,0.025000000000019895,-0.1750000000000682,-0.12500000000005684,-0.125,-0.1750000000000682,-0.14999999999997726
8260.0,-0.1500000000000341,-0.14999999999997726,0.025000000000019895,-0.1750000000000682,-0.12500000000005684,-0.125,-0.1750000000000682,-0.14999999999997726
8262.0,-0.14999999999998864,-0.14999999999997726,0.025000000000019895,-0.17500000000001137,-0.125,-0.12499999999994316,-0.17500000000001137,-0.14999999999997726
8264.0,-0.1500000000000341,-0.14999999999997726,0.025000000000019895,-0.1750000000000682,-0.12500000000005684,-0.125,-0.1750000000000682,-0.14999999999997726
8266.0,-0.14999999999998864,-0.14999999999997726,0.025000000000019895,-0.17500000000001137,-0.125,-0.12499999999994316,-0.17500000000001137,-0.14999999999997726
8268.0,-0.16000000000000228,-0.1500000000000341,0.02850438562751235,-0.20000000000004547,-0.1500000000000341,-0.12499999999994316,-0.17500000000001137,-0.14999999999997726
8270.0,-0.1600000000000364,-0.1750000000000682,0.03354101966249388,-0.1750000000000682,-0.12500000000005684,-0.125,-0.1750000000000682,-0.19999999999998863
8272.0,-0.175,-0.1875,0.03535533905934044,-0.1875,-0.13750000000004547,-0.1374999999999318,-0.2125000000000341,-0.19999999999998863
8274.0,-0.17000000000001592,-0.19999999999998863,0.04472135955000278,-0.20000000000004547,-0.10000000000002274,-0.14999999999997726,-0.20000000000004547,-0.19999999999998863
8276.0,-0.1500000000000341,-0.14999999999997726,0.025000000000019895,-0.1750000000000682,-0.12500000000005684,-0.125,-0.1750000000000682,-0.14999999999997726
8278.0,-0.2,-0.19999999999998863,0.025000000000019895,-0.22500000000002274,-0.17500000000001137,-0.17499999999995453,-0.22500000000002274,-0.19999999999998863
8280.0,-0.17000000000000454,-0.17500000000001137,0.032596012026025016,-0.17500000000001137,-0.125,-0.14999999999997726,-0.20000000000004547,-0.19999999999998863
8282.0,-0.16000000000001363,-0.17500000000001137,0.027099354235868428,-0.17500000000001137,-0.125,-0.13749999999998863,-0.18750000000005684,-0.17500000000001137
8284.0,-0.14999999999998864,-0.14999999999997726,0.025000000000019895,-0.17500000000001137,-0.125,-0.12499999999994316,-0.17500000000001137,-0.14999999999997726
8286.0,-0.17000000000000454,-0.17500000000001137,0.032596012026025016,-0.17500000000001137,-0.125,-0.14999999999997726,-0.20000000000004547,-0.19999999999998863
8288.0,-0.14999999999998864,-0.14999999999997726,0.025000000000019895,-0.17500000000001137,-0.125,-0.12499999999994316,-0.17500000000001137,-0.14999999999997726
8290.0,-0.1500000000000341,-0.14999999999997726,0.025000000000019895,-0.1750000000000682,-0.12500000000005684,-0.125,-0.1750000000000682,-0.14999999999997726
8292.0,-0.18999999999999773,-0.17500000000001137,0.022360679775009336,-0.17500000000001137,-0.17500000000001137,-0.17499999999995453,-0.22500000000002274,-0.19999999999998863
8294.0,-0.19000000000003184,-0.19999999999998863,0.02850438562749241,-0.20000000000004547,-0.1500000000000341,-0.17500000000001137,-0.22500000000007958,-0.19999999999998863
8296.0,-0.1500000000000341,-0.14999999999997726,0.025000000000019895,-0.1750000000000682,-0.12500000000005684,-0.125,-0.1750000000000682,-0.14999999999997726
8298.0,-0.1900000000000091,-0.19999999999998863,0.028504385627482438,-0.20000000000004547,-0.1500000000000341,-0.17499999999995453,-0.22500000000002274,-0.19999999999998863
8300.0,-0.2,-0.19999999999998863,0.025000000000019895,-0.22500000000002274,-0.17500000000001137,-0.17499999999995453,-0.22500000000002274,-0.19999999999998863
8302.0,-0.14999999999998864,-0.14999999999997726,0.025000000000019895,-0.17500000000001137,-0.125,-0.12499999999994316,-0.17500000000001137,-0.14999999999997726
8304.0,-0.1500000000000341,-0.14999999999997726,0.025000000000019895,-0.1750000000000682,-0.12500000000005684,-0.125,-0.1750000000000682,-0.14999999999997726
8306.0,-0.1599999999999909,-0.17500000000001137,0.03354101966251082,-0.17500000000001137,-0.125,-0.12499999999994316,-0.17500000000001137,-0.19999999999998863
8308.0,-0.1500000000000341,-0.14999999999997726,0.025000000000019895,-0.1750000000000682,-0.12500000000005684,-0.125,-0.1750000000000682,-0.14999999999997726
8310.0,-0.1600000000000364,-0.1750000000000682,0.03354101966249388,-0.1750000000000682,-0.12500000000005684,-0.125,-0.1750000000000682,-0.19999999999998863
8312.0,-0.14999999999998864,-0.14999999999997726,0.025000000000019895,-0.17500000000001137,-0.125,-0.12499999999994316,-0.17500000000001137,-0.14999999999997726
8314.0,-0.1500000000000341,-0.14999999999997726,0.025000000000019895,-0.1750000000000682,-0.12500000000005684,-0.125,-0.1750000000000682,-0.14999999999997726
8316.0,-0.14999999999998864,-0.14999999999997726,0.025000000000019895,-0.17500000000001137,-0.125,-0.12499999999994316,-0.17500000000001137,-0.14999999999997726
8318.0,-0.1500000000000341,-0.14999999999997726,0.025000000000019895,-0.1750000000000682,-0.12500000000005684,-0.125,-0.1750000000000682,-0.14999999999997726
